,İlan Numarası,İlan Oluşturma Tarihi,İlan Güncelleme Tarihi,Türü,Kategorisi,Tipi,Net Metrekare,Brüt Metrekare,Oda Sayısı,Binanın Yaşı,Bulunduğu Kat,Binanın Kat Sayısı,Isıtma Tipi,Kullanım Durumu,Eşya Durumu,Tapu Durumu,Site İçerisinde,Takas,Banyo Sayısı,Fiyat Durumu,Price,Location,link,Aidat,Depozito,Balkon Durumu,Balkon Sayısı,Görüntülü Gezilebilir mi?,Ada,Parsel,Balkon Tipi,Yapı Durumu,Yapı Tipi,WC Sayısı,Banyo Metrekare,Balkon Metrekare,Salon Metrekare,WC Metrekare
0,17110646,04 Nisan 2025,04 Nisan 2025,Konut,Kiralık,Daire,110 m²,115 m²,2+1,16-20,Bahçe Katı,2,Kombi Doğalgaz,Boş,Boş,Kat Mülkiyeti,Hayır,Yok,1,Genel Fiyat,13.000TL, Merkezefendi - Bereketler Mahallesi,https://www.emlakjet.com//ilan/karadag-gayrimenkulden-bereketler-mahallesinde-21-kiralik-daire-17110646/,,,,,,,,,,,,,,,
1,17109845,04 Nisan 2025,04 Nisan 2025,Konut,Kiralık,Daire,50 m²,57 m²,1+1,5-10,2.Kat,3,Yerden Isıtma,Boş,Eşyalı,Kat İrtifakı,Hayır,Yok,1,Genel Fiyat,10.000TL, Pamukkale - İncilipınar Mahallesi,https://www.emlakjet.com//ilan/atlantisten-incilipinar-sali-pazari-alti-genis-11-apart-17109845/,,,,,,,,,,,,,,,
2,17109086,04 Nisan 2025,04 Nisan 2025,Konut,Kiralık,Daire,85 m²,95 m²,2+1,5-10,3.Kat,4,Merkezi Doğalgaz,Boş,,Kat Mülkiyeti,Evet,,1,Genel Fiyat,15.500TL, Merkezefendi - Kayalar Mahallesi,https://www.emlakjet.com//ilan/redstone-myra-dan-kayakoy-toki-de-kiralik-21-daire-17109086/,790 TL,15500 TL,Var,1,Evet,8189,2,,,,,,,,
3,17108098,04 Nisan 2025,04 Nisan 2025,Konut,Kiralık,Daire,120 m²,128 m²,3+1,11-15,4.Kat,7,Doğalgaz Sobalı,Boş,Boş,Kat Mülkiyeti,Evet,,1,Genel Fiyat,16.000TL, Pamukkale - 15 Mayıs Mahallesi,https://www.emlakjet.com//ilan/31-120-mtr-17108098/,500 TL,1 TL,Var,1,,222,1,Açık Balkon,,,,,,,
4,17108046,04 Nisan 2025,04 Nisan 2025,Konut,Kiralık,Daire,40 m²,45 m²,1+1,0 (Yeni),3.Kat,3,Yerden Isıtma,Boş,Eşyalı,Kat Mülkiyeti,Hayır,,1,Genel Fiyat,15.000TL, Pamukkale - Zeytinköy Mahallesi,https://www.emlakjet.com//ilan/pamukkale-universitesi-ne-yakin-mevkide-kiralik-apart-17108046/,,15000 TL,Var,1,Hayır,3702,10,Açık Balkon,Sıfır,Betonarme,1,,,,
5,17106623,04 Nisan 2025,04 Nisan 2025,Konut,Kiralık,Daire,45 m²,50 m²,1+1,5-10,Bahçe Katı,4,Yerden Isıtma,Boş,,Kat Mülkiyeti,Hayır,,1,Genel Fiyat,8.000TL, Pamukkale - Yunusemre Mahallesi,https://www.emlakjet.com//ilan/kz-grup-tan-kiniklida-universiteye-yakin-11-kiralik-apart-17106623/,,,,,,2874,26,,,,,,,,
6,17106593,04 Nisan 2025,04 Nisan 2025,Konut,Kiralık,Daire,60 m²,65 m²,2+1,11-15,2.Kat,6,Kombi Doğalgaz,Boş,Eşyalı,Kat Mülkiyeti,Hayır,,1,Genel Fiyat,14.000TL, Merkezefendi - Saraylar Mahallesi,https://www.emlakjet.com//ilan/bayramyeri-ve-otogar-yakini-kiralik-apart-17106593/,,,Var,1,,337,9,,,,,,,,
7,17106231,04 Nisan 2025,04 Nisan 2025,Konut,Kiralık,Daire,100 m²,110 m²,2+1,21 Ve Üzeri,3.Kat,4,Kombi Doğalgaz,Boş,Boş,Kat Mülkiyeti,Hayır,Yok,1,Genel Fiyat,9.000TL, Merkezefendi - Akkonak Mahallesi,https://www.emlakjet.com//ilan/twenty-den-akkonak-ta-kiralik-21-daire-17106231/,,,,,,,,,,,,,,,
8,17106144,04 Nisan 2025,04 Nisan 2025,Konut,Kiralık,Daire,150 m²,160 m²,3+1,2,3.Kat,4,Yerden Isıtma,Boş,Boş,Kat İrtifakı,Hayır,Yok,2,Genel Fiyat,28.000TL, Merkezefendi - Şemikler Mahallesi,https://www.emlakjet.com//ilan/nova-gayrimenkul-den-gumusler-bulv-uzerinde-31-kiralik-daire-17106144/,,,,,,,,,,,,,,,
9,17106090,04 Nisan 2025,04 Nisan 2025,Konut,Kiralık,Daire,127 m²,135 m²,2+1,21 Ve Üzeri,Yüksek Giriş,4,Merkezi (Pay Ölçer),Boş,Boş,Kat Mülkiyeti,Evet,Yok,1,Genel Fiyat,17.000TL, Pamukkale - Yunusemre Mahallesi,https://www.emlakjet.com//ilan/liva-gayrimenkulden-kiniklida-site-ici-kiralik-daire-17106090/,,,,,,,,,,,,,,,
10,17105116,03 Nisan 2025,04 Nisan 2025,Konut,Kiralık,Daire,25 m²,30 m²,Stüdyo,5-10,4.Kat,4,Kombi Doğalgaz,Boş,,Kat Mülkiyeti,Hayır,,1,Genel Fiyat,7.000TL, Pamukkale - Kınıklı Mahallesi,https://www.emlakjet.com//ilan/ender-uysaldan-asmalievlerde-asansorlu-balkonlu-10-apart-17105116/,,,,,,3865,24,,,,,,,,
11,17104911,03 Nisan 2025,03 Nisan 2025,Konut,Kiralık,Daire,120 m²,130 m²,3+1,11-15,4.Kat,4,Kombi Doğalgaz,Boş,,Kat Mülkiyeti,Hayır,,1,Genel Fiyat,15.000TL, Pamukkale - Kınıklı Mahallesi,https://www.emlakjet.com//ilan/ender-uysal-gayrimenkulden-bursa-caddesinde-31-ici-yeni-tadilatli-kiralik-daire-17104911/,,,,,,1631,6,,,,,,,,
12,17104327,03 Nisan 2025,04 Nisan 2025,Konut,Kiralık,Daire,65 m²,75 m²,2+1,5-10,1.Kat,6,Kombi Doğalgaz,Boş,,Kat İrtifakı,Hayır,,1,Genel Fiyat,14.000TL, Merkezefendi - Saraylar Mahallesi,https://www.emlakjet.com//ilan/denizli-otogar-mevki-21-esyali-apartimiz-kiraliktir-17104327/,,,,,,337,9,,,,,,,,
13,17103662,03 Nisan 2025,03 Nisan 2025,Konut,Kiralık,Daire,45 m²,50 m²,1+1,5-10,Düz Giriş (Zemin),3,Yerden Isıtma,Boş,Eşyalı,Kat Mülkiyeti,Hayır,Yok,1,Genel Fiyat,13.000TL, Pamukkale - Mehmetçik Mahallesi,https://www.emlakjet.com//ilan/mehmetcik-luks-11-kiralik-apart-17103662/,0 TL,13000 TL,Yok,,Hayır,175,11,,İkinci El,Betonarme,1,,,,
14,17101214,03 Nisan 2025,03 Nisan 2025,Konut,Kiralık,Daire,60 m²,65 m²,2+1,4,2.Kat,5,Kombi Doğalgaz,Boş,Eşyalı,Kat Mülkiyeti,Evet,,1,Genel Fiyat,20.000TL, Pamukkale - Asmalıevler Mahallesi,https://www.emlakjet.com//ilan/kampus-point-21site-icersinde-guvenlikli-17101214/,,20000 TL,Var,1,,2375,9,Açık Balkon,,,,10 m²,5 m²,,
15,17100333,02 Nisan 2025,02 Nisan 2025,Konut,Kiralık,Daire,40 m²,45 m²,1+1,4,2.Kat,3,Kombi Doğalgaz,Boş,,Kat Mülkiyeti,Hayır,,1,Genel Fiyat,10.000TL, Pamukkale - Kınıklı Mahallesi,https://www.emlakjet.com//ilan/ender-uysal-gayrimenkulden-kiniklida-11-kiralik-apart-17100333/,,,,,,2330,25,,,,,,,,
16,17097550,02 Nisan 2025,02 Nisan 2025,Konut,Kiralık,Daire,45 m²,50 m²,1+1,5-10,2.Kat,4,Kombi Doğalgaz,Boş,Eşyalı,Kat Mülkiyeti,Hayır,,1,Genel Fiyat,10.999TL, Pamukkale - Zeytinköy Mahallesi,https://www.emlakjet.com//ilan/redstone-myra-dan-zeytinkoy-de-esyali-kiralik-11-daire-17097550/,,10000 TL,Var,2,Evet,2452,19,,,Betonarme,,,,,
17,17095006,31 Mart 2025,31 Mart 2025,Konut,Kiralık,Daire,105 m²,115 m²,2+1,5-10,2.Kat,3,Kombi Doğalgaz,Boş,Boş,Kat İrtifakı,Hayır,,1,Genel Fiyat,17.500TL, Merkezefendi - Karaman Mahallesi,https://www.emlakjet.com//ilan/okula-markete-pazara-yurume-mesafesinde-arakat-daire-17095006/,,,Var,1,,4774,16,Açık Balkon,,,,,,,
18,17107318,04 Nisan 2025,04 Nisan 2025,Konut,Kiralık,Daire,120 m²,130 m²,2+1,16-20,2.Kat,4,Kombi Doğalgaz,Boş,Boş,Müstakil Tapulu,Hayır,Yok,1,Genel Fiyat,15.000TL, Pamukkale - Mehmetçik Mahallesi,https://www.emlakjet.com//ilan/mehmetcik-mahallesinde-forum-yakini-21-kombili-kiralik-daire-17107318/,,,,,,,,,,,,,,,
19,17106085,04 Nisan 2025,04 Nisan 2025,Konut,Kiralık,Daire,115 m²,130 m²,3+1,5-10,7.Kat,9,Yerden Isıtma,Boş,Boş,Kat Mülkiyeti,Evet,Yok,1,Genel Fiyat,27.500TL, Merkezefendi - Şemikler Mahallesi,https://www.emlakjet.com//ilan/liva-gayrimenkulden-extralife-sitesinde-kiralik-daire-17106085/,,,,,,,,,,,,,,,
20,17094340,31 Mart 2025,02 Nisan 2025,Konut,Kiralık,Daire,40 m²,45 m²,1+1,21 Ve Üzeri,1.Kat,5,Kombi Doğalgaz,Boş,Eşyalı,Bilinmiyor,Hayır,Yok,1,Genel Fiyat,10.000TL, Pamukkale - Mehmetçik Mahallesi,https://www.emlakjet.com//ilan/mehmetcik-te-inonu-caddesi-uzeri-balkonlu-askeriye-isiklari-yakini-11-full-esyali-apart-kiraliktir-17094340/,,,,,,,,,İkinci El,Betonarme,,,,,
21,17093259,30 Mart 2025,04 Nisan 2025,Konut,Kiralık,Daire,44 m²,45 m²,1+1,5-10,1.Kat,3,Kombi Doğalgaz,Boş,,Kat Mülkiyeti,Hayır,,1,Genel Fiyat,10.000TL, Pamukkale - Siteler Mahallesi,https://www.emlakjet.com//ilan/kz-grup-tan-kiniklida-sitelerde-arakat-11-kiralik-apart-17093259/,,,,,,1817,10,,,,,,,,
22,17092899,30 Mart 2025,03 Nisan 2025,Konut,Kiralık,Daire,135 m²,150 m²,3+1,21 Ve Üzeri,4.Kat,7,Kombi Doğalgaz,Boş,Boş,Kat Mülkiyeti,Hayır,Yok,1,Genel Fiyat,18.000TL, Merkezefendi - Karaman Mahallesi,https://www.emlakjet.com//ilan/office20-den-kiralik-daire-17092899/,,,,,,,,,,,,,,,
23,17092880,30 Mart 2025,03 Nisan 2025,Konut,Kiralık,Daire,95 m²,110 m²,2+1,5-10,Bahçe Katı,3,Kombi Doğalgaz,Boş,Boş,Kat Mülkiyeti,Hayır,Yok,1,Genel Fiyat,11.500TL, Pamukkale - Dokuzkavaklar Mahallesi,https://www.emlakjet.com//ilan/ankara-yoluna-yakin-21-firsat-kiralik-daire-17092880/,,,,,,,,,,,,,,,
24,17092823,30 Mart 2025,02 Nisan 2025,Konut,Kiralık,Daire,110 m²,120 m²,2.5+1,5-10,Bahçe Katı,3,Kombi Doğalgaz,Boş,Boş,Kat İrtifakı,Hayır,Yok,1,Genel Fiyat,15.000TL, Merkezefendi - Hallaçlar Mahallesi,https://www.emlakjet.com//ilan/saygin-dan-hallaclar-da-bahceli-luks-firsat-kiralik-daire-17092823/,,,,,,,,,,,,,,,
25,17092802,30 Mart 2025,02 Nisan 2025,Konut,Kiralık,Daire,165 m²,170 m²,3+1,16-20,1.Kat,4,Kombi Doğalgaz,Boş,Boş,Kat İrtifakı,Hayır,Yok,1,Genel Fiyat,19.000TL, Merkezefendi - Karaman Mahallesi,https://www.emlakjet.com//ilan/karamanda-kanal-yolunda-guzel-konum-kiralik-genis-daire-17092802/,,,,,,,,,,,,,,,
26,17092391,30 Mart 2025,03 Nisan 2025,Konut,Kiralık,Daire,40 m²,60 m²,1+1,4,Düz Giriş (Zemin),2,Yerden Isıtma,Boş,Eşyalı,Kat Mülkiyeti,Hayır,Yok,1,Genel Fiyat,13.000TL, Pamukkale - Hürriyet Mahallesi,https://www.emlakjet.com//ilan/kayhan-kasaplar-yaninda-mukemmel-bahceli-apart-17092391/,,,,,,,,,,,,,,,
27,17090269,29 Mart 2025,29 Mart 2025,Konut,Kiralık,Daire,160 m²,175 m²,4+1,16-20,7.Kat,7,Merkezi Doğalgaz,Boş,,Tapu Kaydı Yok,Hayır,,2,Genel Fiyat,25.000TL, Pamukkale - Atalar Mahallesi,https://www.emlakjet.com//ilan/ender-uysal-gayrimenkulden-kiralik-lise-caddesin-de-41-dublex-daire-17090269/,,,,,,,,,,,,,,,
28,17089726,29 Mart 2025,02 Nisan 2025,Konut,Kiralık,Daire,150 m²,160 m²,3+1,21 Ve Üzeri,2.Kat,4,Kombi Doğalgaz,Boş,Boş,Kat Mülkiyeti,Hayır,Yok,1,Genel Fiyat,15.000TL, Merkezefendi - Altıntop Mahallesi,https://www.emlakjet.com//ilan/winox-gayrimenkulden-altintop-mahallesi-nde-31-kiralik-daire-17089726/,,,,,,,,,,,,,,,
29,17088194,28 Mart 2025,02 Nisan 2025,Konut,Kiralık,Daire,50 m²,55 m²,1+1,0 (Yeni),2.Kat,2,Kombi Doğalgaz,Boş,Eşyalı,Kat Mülkiyeti,Hayır,Yok,1,Genel Fiyat,16.000TL, Pamukkale - Kınıklı Mahallesi,https://www.emlakjet.com//ilan/liva-gayrimenkulden-camlikta-sifir-11-kiralik-apart-17088194/,,,,,,,,,,,,,,,
30,17086642,28 Mart 2025,28 Mart 2025,Konut,Kiralık,Daire,215 m²,225 m²,4+1,5-10,Yüksek Giriş,4,Kombi Doğalgaz,Boş,,Kat Mülkiyeti,Hayır,,2,Genel Fiyat,25.000TL, Pamukkale - Siteler Mahallesi,https://www.emlakjet.com//ilan/ender-uysal-gayrimenkulden-foruma-yakin-41-genis-daire-17086642/,,,,,,2928,2,,,,,,,,
31,17086036,28 Mart 2025,03 Nisan 2025,Konut,Kiralık,Daire,65 m²,75 m²,2+1,0 (Yeni),2.Kat,3,Yerden Isıtma,Boş,Boş,Kat İrtifakı,Hayır,Yok,2,Genel Fiyat,15.500TL, Merkezefendi - Akkonak Mahallesi,https://www.emlakjet.com//ilan/onurhan-emlaktan-akkonakta-ebeveyn-banyolu-sifir-arakat-daire-17086036/,,,,,,,,,,,,,,,
32,17086035,28 Mart 2025,28 Mart 2025,Konut,Kiralık,Daire,90 m²,95 m²,2+1,4,4.Kat,4,Yerden Isıtma,Boş,Boş,Kat İrtifakı,Hayır,Yok,1,Genel Fiyat,20.250TL, Merkezefendi - Akkonak Mahallesi,https://www.emlakjet.com//ilan/onurhan-emlaktan-akkonakta-asansorlu-21-yerden-isitma-daire-17086035/,,,,,,,,,,,,,,,
33,17085922,28 Mart 2025,28 Mart 2025,Konut,Kiralık,Daire,40 m²,50 m²,1+1,5-10,1.Kat,3,Merkezi Doğalgaz,Boş,Eşyalı,Kat İrtifakı,Hayır,Yok,1,Genel Fiyat,11.500TL, Merkezefendi - Sırakapılar Mahallesi,https://www.emlakjet.com//ilan/cinar-a-cok-yakin-sirakapilar-da-hersey-dahil-apart-17085922/,,,,,,,,,,,,,,,
34,17085919,28 Mart 2025,28 Mart 2025,Konut,Kiralık,Daire,40 m²,45 m²,1+1,5-10,1.Kat,6,Yerden Isıtma,Boş,Eşyalı,Kat İrtifakı,Hayır,Yok,1,Genel Fiyat,9.000TL, Merkezefendi - Saraylar Mahallesi,https://www.emlakjet.com//ilan/saraylar-mh-de-garaja-yakin-45-m2-11-esyali-ara-kat-apart-17085919/,,,,,,,,,,,,,,,
35,17085846,28 Mart 2025,28 Mart 2025,Konut,Kiralık,Daire,135 m²,140 m²,3+1,5-10,1.Kat,3,Kombi Doğalgaz,Boş,,Kat Mülkiyeti,Hayır,,1,Genel Fiyat,20.000TL, Pamukkale - Siteler Mahallesi,https://www.emlakjet.com//ilan/ender-uysal-gayrimenkulden-siteler-de-31-kiralik-lux-daire-17085846/,,,,,,1765,4,,,,,,,,
36,17085542,28 Mart 2025,28 Mart 2025,Konut,Kiralık,Daire,55 m²,60 m²,2+1,5-10,2.Kat,4,Yerden Isıtma,Boş,,Kat Mülkiyeti,Hayır,,1,Genel Fiyat,16.000TL, Pamukkale - Yunusemre Mahallesi,https://www.emlakjet.com//ilan/ender-uysal-gayrimenkulden-bursa-caddesinde-21-sifir-esyali-kiralik-apart-17085542/,,,,,,5239,20,,,,,,,,
37,17085421,28 Mart 2025,28 Mart 2025,Konut,Kiralık,Daire,125 m²,130 m²,2+1,5-10,2.Kat,2,Kombi Doğalgaz,Boş,Eşyalı,Kat İrtifakı,Hayır,Yok,1,Genel Fiyat,17.000TL, Pamukkale - Kınıklı Mahallesi,https://www.emlakjet.com//ilan/forum-camlik-avm-yakini-esyali-kiralik-daire-17085421/,,,,,,,,,,,,,,,
38,17085376,28 Mart 2025,03 Nisan 2025,Konut,Kiralık,Daire,70 m²,75 m²,2+1,4,2.Kat,4,Yerden Isıtma,Boş,Eşyalı,Kat Mülkiyeti,Hayır,Yok,1,Genel Fiyat,15.000TL, Pamukkale - Atalar Mahallesi,https://www.emlakjet.com//ilan/atalar-da-arakat-on-cephe-genis-21-klimali-asansorlu-apart-17085376/,,,Yok,,Evet,2349,26,,İkinci El,Betonarme,1,,,,
39,17084013,28 Mart 2025,28 Mart 2025,Konut,Kiralık,Daire,55 m²,60 m²,1+1,0 (Yeni),1.Kat,4,Kombi Doğalgaz,Boş,Eşyalı,Kat İrtifakı,Hayır,Yok,1,Genel Fiyat,15.000TL, Pamukkale - Asmalıevler Mahallesi,https://www.emlakjet.com//ilan/hm-gayrimenkulden-universiteye-yakin-sifir-esyali-kiralik-apart-17084013/,,,,,,,,,,,,,,,
40,17083903,28 Mart 2025,28 Mart 2025,Konut,Kiralık,Daire,60 m²,70 m²,1+1,2,1.Kat,2,Yerden Isıtma,Boş,Eşyalı,Kat Mülkiyeti,Hayır,Yok,1,Genel Fiyat,13.000TL, Merkezefendi - Mehmet Akif Ersoy Mahallesi,https://www.emlakjet.com//ilan/full-esya-29-ekim-bulvari-ozel-saglik-denipol-adliye-yakin-17083903/,,,,,,,,,,,,,,,
41,17082730,27 Mart 2025,28 Mart 2025,Konut,Kiralık,Daire,40 m²,45 m²,1+1,11-15,Bahçe Katı,4,Merkezi Doğalgaz,Boş,,Kat Mülkiyeti,Hayır,,1,Genel Fiyat,7.000TL, Pamukkale - Yunusemre Mahallesi,https://www.emlakjet.com//ilan/ender-uysal-gayrimenkulden-yunusemrede-hersey-dahil-11-bahcekati-apart-17082730/,,,,,,2383,4,,,,,,,,
42,17082251,27 Mart 2025,04 Nisan 2025,Konut,Kiralık,Daire,180 m²,200 m²,2+1,5-10,3.Kat,3,Kombi Doğalgaz,Boş,,Kat Mülkiyeti,Hayır,,1,Genel Fiyat,18.000TL, Merkezefendi - Selçuk Bey Mahallesi,https://www.emlakjet.com//ilan/denizli-selcukbey-de-180-m2-buyuk-terasli-kiralik-21-daire-17082251/,,,,,,178,9,,,,,,,,
43,17081765,27 Mart 2025,28 Mart 2025,Konut,Kiralık,Daire,75 m²,80 m²,2+1,4,Bahçe Katı,3,Kombi Doğalgaz,Boş,Eşyalı,Kat Mülkiyeti,Hayır,Var,1,Genel Fiyat,15.000TL, Pamukkale - Kınıklı Mahallesi,https://www.emlakjet.com//ilan/ender-uysaldan-kampuste-kiralik-luks-esyali-21-apart-17081765/,,,Var,,,5438,12,,İkinci El,Betonarme,1,,,,
44,17081674,27 Mart 2025,28 Mart 2025,Konut,Kiralık,Daire,40 m²,45 m²,1+1,5-10,2.Kat,5,Kombi Doğalgaz,Boş,,Kat Mülkiyeti,Hayır,,1,Genel Fiyat,15.000TL, Pamukkale - Kınıklı Mahallesi,https://www.emlakjet.com//ilan/ender-uysal-gayrimenkulden-kinikli-da-11-kiralik-apart-17081674/,,,,,,1641,2,,,,,,,,
45,17081456,27 Mart 2025,28 Mart 2025,Konut,Kiralık,Daire,40 m²,45 m²,1+1,5-10,Çatı Katı,3,Kombi Doğalgaz,Boş,,Kat Mülkiyeti,Hayır,,1,Genel Fiyat,6.500TL, Pamukkale - İncilipınar Mahallesi,https://www.emlakjet.com//ilan/ender-uysal-gayrimenkulden-incilipinarda-kiralik-11-cati-kati-17081456/,,,,,,4569,5,,,,,,,,
46,17081393,27 Mart 2025,27 Mart 2025,Konut,Kiralık,Daire,50 m²,60 m²,2+1,5-10,3.Kat,3,Kombi Doğalgaz,Boş,,Kat Mülkiyeti,Hayır,,1,Genel Fiyat,14.000TL, Pamukkale - Asmalıevler Mahallesi,https://www.emlakjet.com//ilan/ender-uysal-gayrimenkulden-asmalievlerde-kiralik-21-lux-apart-17081393/,,,,,,2937,19,,,,,,,,
47,17081085,27 Mart 2025,28 Mart 2025,Konut,Kiralık,Daire,40 m²,45 m²,1+1,4,7.Kat,7,Kombi Doğalgaz,Boş,,Kat Mülkiyeti,Hayır,,1,Genel Fiyat,9.000TL, Pamukkale - Pelitlibağ Mahallesi,https://www.emlakjet.com//ilan/ender-uysal-gayrimenkul-den-pelitlibag-da-11-klimali-asansorlu-lux-daire-17081085/,,,,,,314,8,,,,,,,,
48,17080819,27 Mart 2025,27 Mart 2025,Konut,Kiralık,Daire,95 m²,100 m²,2+1,16-20,1.Kat,4,Kombi Doğalgaz,Boş,Boş,Kat Mülkiyeti,Hayır,Yok,1,Genel Fiyat,12.000TL, Merkezefendi - Sırakapılar Mahallesi,https://www.emlakjet.com//ilan/parselden-sirakapilarda-21-kiralik-daire-17080819/,,,Var,2,Hayır,2396,3,Açık Balkon,İkinci El,Betonarme,2,,,,
49,17079976,27 Mart 2025,28 Mart 2025,Konut,Kiralık,Daire,105 m²,110 m²,2+1,11-15,2.Kat,2,Kombi Doğalgaz,Boş,,Kat Mülkiyeti,Hayır,,1,Genel Fiyat,11.000TL, Pamukkale - Siteler Mahallesi,https://www.emlakjet.com//ilan/ender-uysal-gayrimenkulden-foruma-yakin-21-terasli-somineli-cati-kati-17079976/,,,,,,1812,9,,,,,,,,
50,17079247,26 Mart 2025,01 Nisan 2025,Konut,Kiralık,Daire,110 m²,125 m²,2+1,11-15,Bahçe Katı,3,Kombi Doğalgaz,Boş,Boş,Kat Mülkiyeti,Hayır,,1,Genel Fiyat,14.500TL, Merkezefendi - Merkez Efendi Mahallesi,https://www.emlakjet.com//ilan/yenisehir-mahallesi-nde-kultur-merkezi-arkasi-21-120-m-bahce-kati-kiralik-daire-17079247/,1 TL,14000 TL,Var,1,,5532,2,Açık Balkon,,,2,,,,
51,17079008,26 Mart 2025,27 Mart 2025,Konut,Kiralık,Daire,130 m²,140 m²,3+1,21 Ve Üzeri,4.Kat,4,Kombi Doğalgaz,Boş,,Kat Mülkiyeti,Hayır,,1,Genel Fiyat,13.500TL, Pamukkale - Kuşpınar Mahallesi,https://www.emlakjet.com//ilan/mehmetcik-mahallesi-forum-camlik-ve-carsamba-pazari-yurume-mesafesinde-kiralik-daire-17079008/,100 TL,13500 TL,Var,,,2316,2,,,,,,,,
52,17077516,26 Mart 2025,26 Mart 2025,Konut,Kiralık,Daire,50 m²,60 m²,2+1,0 (Yeni),1.Kat,3,Kombi Doğalgaz,Boş,,Müstakil Tapulu,Hayır,,1,Genel Fiyat,13.000TL, Merkezefendi - Karaman Mahallesi,https://www.emlakjet.com//ilan/merkezi-konumda-kurumlara-yakin-kiralik-apart-sizlerle-17077516/,,,,,,402,15,,,,,,,,
53,17076611,26 Mart 2025,26 Mart 2025,Konut,Kiralık,Daire,100 m²,110 m²,2+1,5-10,2.Kat,4,Kombi Doğalgaz,Boş,Boş,Kat Mülkiyeti,Hayır,,1,Birim Fiyat,14.000TL, Merkezefendi - Gümüşçay Mahallesi,https://www.emlakjet.com//ilan/tercih-den-gumuscay-da-kiralik-21-arakat-daire-17076611/,,,Var,1,,296,12,Açık Balkon,,,2,,,,
54,17076414,26 Mart 2025,31 Mart 2025,Konut,Kiralık,Daire,85 m²,100 m²,2+1,5-10,Yüksek Giriş,4,Kombi Doğalgaz,Boş,,Kat Mülkiyeti,Hayır,,1,Genel Fiyat,10.750TL, Merkezefendi - Karahasanlı Mahallesi,https://www.emlakjet.com//ilan/caliskan-dan-babadag-toki-de-21-kiralik-daire-17076414/,,,Var,,,428,4,,,,,,,,
55,17075107,26 Mart 2025,26 Mart 2025,Konut,Kiralık,Daire,45 m²,50 m²,1+1,5-10,3.Kat,5,Merkezi (Pay Ölçer),Boş,,Kat İrtifakı,Hayır,,1,Genel Fiyat,15.500TL, Pamukkale - Zeytinköy Mahallesi,https://www.emlakjet.com//ilan/tercih-ten-anayolda-universite-cerrahi-hastanesi-ferah-17075107/,,,Var,1,,2704,6,,,,,,,,
56,17075016,26 Mart 2025,28 Mart 2025,Konut,Kiralık,Daire,95 m²,100 m²,2+0,5-10,3.Kat,4,Kombi Doğalgaz,Boş,,Kat Mülkiyeti,Hayır,,1,Genel Fiyat,10.000TL, Merkezefendi - Karaman Mahallesi,https://www.emlakjet.com//ilan/ender-uysal-gayrimenkulden-karaman-mahallesin-de-20-balkonlu-kiralik-daire-17075016/,,,,,,4007,6,,,,,,,,
57,17074935,26 Mart 2025,26 Mart 2025,Konut,Kiralık,Daire,105 m²,128 m²,2+1,5-10,6.Kat,9,Yerden Isıtma,Boş,Boş,Kat Mülkiyeti,Evet,Yok,1,Genel Fiyat,30.000TL, Merkezefendi - Şemikler Mahallesi,https://www.emlakjet.com//ilan/deda-la-vida-sitesinde-peyzaj-cepheli-21-130m2-kiralik-daire-17074935/,,,,,,,,,,,,,,,
58,17072930,25 Mart 2025,25 Mart 2025,Konut,Kiralık,Daire,50 m²,55 m²,1+1,0 (Yeni),Kot 1 (-1).Kat,4,Kombi Doğalgaz,Boş,,Kat Mülkiyeti,Hayır,,1,Genel Fiyat,14.000TL, Pamukkale - Yunusemre Mahallesi,https://www.emlakjet.com//ilan/dur-al-gayrimenkulden-kiniklida-full-esyali-kiralik-luxx-apart-17072930/,,,,,,3120,10,,,,,,,,
59,17072105,25 Mart 2025,25 Mart 2025,Konut,Kiralık,Daire,85 m²,95 m²,2+1,16-20,4.Kat,4,Kombi Doğalgaz,Boş,Boş,Kat Mülkiyeti,Hayır,Yok,1,Genel Fiyat,13.000TL, Pamukkale - 15 Mayıs Mahallesi,https://www.emlakjet.com//ilan/era-fly-dan-cinar-a-cok-yakin-kiralik-daire-17072105/,,,,,,,,,,,,,,,
60,17072067,25 Mart 2025,25 Mart 2025,Konut,Kiralık,Daire,140 m²,150 m²,3+1,11-15,Bahçe Katı,5,Kombi Doğalgaz,Kiracı Oturuyor,,Kat Mülkiyeti,Hayır,,1,Genel Fiyat,20.000TL, Merkezefendi - Çakmak Mahallesi,https://www.emlakjet.com//ilan/selcukbey-mahallesinde-kiralik-bahce-kati-17072067/,500 TL,20000 TL,Var,1,,234,4,,,,,,,,
61,17071832,25 Mart 2025,25 Mart 2025,Konut,Kiralık,Daire,160 m²,165 m²,3+1,11-15,5.Kat,5,Kombi Doğalgaz,Boş,,Müstakil Tapulu,Hayır,,1,Genel Fiyat,20.000TL, Merkezefendi - Çakmak Mahallesi,https://www.emlakjet.com//ilan/selcukbey-kiralik-daire-17071832/,500 TL,20000 TL,Var,,,234,4,,,,,,,,
62,17070735,25 Mart 2025,25 Mart 2025,Konut,Kiralık,Daire,130 m²,150 m²,3+1,0 (Yeni),2.Kat,4,Yerden Isıtma,Boş,Boş,Kat Mülkiyeti,Hayır,Yok,1,Genel Fiyat,23.000TL, Merkezefendi - Şemikler Mahallesi,https://www.emlakjet.com//ilan/arsenden-semiklerde-k-otoparkli-asansorlu-31-luks-kiralik-daire-17070735/,,,,,,,,,,,,,,,
63,17070404,25 Mart 2025,25 Mart 2025,Konut,Kiralık,Daire,50 m²,55 m²,1+1,5-10,2.Kat,2,Kombi Doğalgaz,Boş,,Kat İrtifakı,Hayır,,1,Genel Fiyat,11.000TL, Merkezefendi - Sırakapılar Mahallesi,https://www.emlakjet.com//ilan/sirakapilar-da-balkonlu-genis-esyali-apart-17070404/,,,Var,,,3464,1,,,,,,,,
64,17069635,25 Mart 2025,25 Mart 2025,Konut,Kiralık,Daire,40 m²,45 m²,1+1,5-10,Düz Giriş (Zemin),3,Kombi Doğalgaz,Boş,Eşyalı,Kat Mülkiyeti,Hayır,Yok,1,Genel Fiyat,10.000TL, Pamukkale - Kınıklı Mahallesi,https://www.emlakjet.com//ilan/winox-gayrimenkulden-camlik-ta-kiralik-11-daire-17069635/,,,,,,,,,,,,,,,
65,17069537,25 Mart 2025,28 Mart 2025,Konut,Kiralık,Daire,50 m²,55 m²,1+1,5-10,Çatı Katı,3,Kombi Doğalgaz,Boş,,Kat Mülkiyeti,Hayır,,1,Genel Fiyat,8.000TL, Pamukkale - Kınıklı Mahallesi,https://www.emlakjet.com//ilan/ender-uysal-gayrimenkulden-siteler-de-kiralik-cati-kati-balkonlu-daire-17069537/,,,,,,1639,20,,,,,,,,
66,17068976,25 Mart 2025,25 Mart 2025,Konut,Kiralık,Daire,155 m²,165 m²,3+1,16-20,2.Kat,3,Kombi Doğalgaz,Boş,Boş,Kat Mülkiyeti,Evet,Yok,1,Genel Fiyat,16.000TL, Merkezefendi - Karaman Mahallesi,https://www.emlakjet.com//ilan/karaman-mahallesinde-arakat-165-m-31-kombili-daire-17068976/,,,,,,,,,,,,,,,
67,17068550,24 Mart 2025,24 Mart 2025,Konut,Kiralık,Daire,90 m²,100 m²,2+1,21 Ve Üzeri,3.Kat,4,Kombi Doğalgaz,Boş,,Hisseli Tapu,Hayır,,1,Genel Fiyat,11.000TL, Pamukkale - Kuşpınar Mahallesi,https://www.emlakjet.com//ilan/kibris-sehitler-cadde-ustunde-kiralik-21-daire-17068550/,,,Var,2,Hayır,66,2,Açık Balkon,İkinci El,Betonarme,,,,,
68,17068177,24 Mart 2025,24 Mart 2025,Konut,Kiralık,Daire,125 m²,140 m²,3+1,21 Ve Üzeri,6.Kat,7,Kombi Doğalgaz,Boş,Boş,Kat Mülkiyeti,Hayır,Yok,1,Genel Fiyat,14.000TL, Merkezefendi - Değirmenönü Mahallesi,https://www.emlakjet.com//ilan/kaan-emlaktan-sehir-merkezinde-arakat-31-kiralik-daire-17068177/,,,,,,,,,,,,,,,
69,17068176,24 Mart 2025,25 Mart 2025,Konut,Kiralık,Daire,35 m²,50 m²,1+1,5-10,2.Kat,4,Kombi Doğalgaz,Boş,Eşyalı,Kat Mülkiyeti,Hayır,Yok,1,Genel Fiyat,12.000TL, Pamukkale - Mehmetçik Mahallesi,https://www.emlakjet.com//ilan/kaan-emlaktan-mehmetcik-te-ara-kat-balkonlu-11-kiralik-apart-17068176/,,,,,,,,,,,,,,,
70,17068103,24 Mart 2025,03 Nisan 2025,Konut,Kiralık,Daire,130 m²,150 m²,3+1,21 Ve Üzeri,1.Kat,3,Kombi Doğalgaz,Boş,,Kat Mülkiyeti,Evet,,1,Genel Fiyat,15.000TL, Merkezefendi - Karaman Mahallesi,https://www.emlakjet.com//ilan/rota-dan-tugay-lise-katip-celebi-okulu-sali-pazari-yani-31-arakat-kiralik-17068103/,,,Var,2,,4764,2,"Açık Balkon, Kapalı Balkon",,,2,,,,
71,17068041,24 Mart 2025,24 Mart 2025,Konut,Kiralık,Daire,48 m²,55 m²,1+1,11-15,4.Kat,4,Kombi Doğalgaz,Boş,Eşyalı,Kat Mülkiyeti,Hayır,Yok,1,Genel Fiyat,8.000TL, Honaz - Hürriyet Mahallesi,https://www.emlakjet.com//ilan/honaz-mevkili-kiralik-11-esyali-apart-17068041/,200 TL,8000 TL,Yok,,,125,9,,İkinci El,Betonarme,1,5 m²,,15 m²,5 m²
72,17067921,24 Mart 2025,24 Mart 2025,Konut,Kiralık,Daire,90 m²,100 m²,2+1,0 (Yeni),2.Kat,3,Kombi Doğalgaz,Boş,Boş,Kat Mülkiyeti,Hayır,Yok,1,Genel Fiyat,20.000TL, Merkezefendi - Şemikler Mahallesi,https://www.emlakjet.com//ilan/twenty-den-semikler-de-kiralik-90m2-sifir-21-daire-17067921/,,,,,,,,,,,,,,,
73,17067744,24 Mart 2025,25 Mart 2025,Konut,Kiralık,Daire,65 m²,70 m²,1+1,5-10,Bahçe Katı,4,Kombi Doğalgaz,Boş,Eşyalı,Kat Mülkiyeti,Hayır,Yok,1,Genel Fiyat,15.000TL, Pamukkale - Yunusemre Mahallesi,https://www.emlakjet.com//ilan/liva-dan-yunusemre-mahallesinde-11-70-m2-ayri-mutfakli-apart-17067744/,,,,,,,,,,,,,,,
74,17066425,24 Mart 2025,04 Nisan 2025,Konut,Kiralık,Daire,160 m²,170 m²,3+1,3,1.Kat,5,Yerden Isıtma,Boş,,Kat Mülkiyeti,Hayır,,1,Genel Fiyat,25.000TL, Merkezefendi - Yenişafak Mahallesi,https://www.emlakjet.com//ilan/denizli-yenisafak-ta-31-170-m2-onu-yesil-alan-park-cepheli-masrafsiz-kiralik-daire-17066425/,,,,,,371,6,,,,,,,,
75,17065675,24 Mart 2025,03 Nisan 2025,Konut,Kiralık,Daire,85 m²,90 m²,2+1,4,1.Kat,4,Yerden Isıtma,Boş,Eşyalı,Kat Mülkiyeti,Hayır,Yok,1,Genel Fiyat,12.500TL, Pamukkale - Atalar Mahallesi,https://www.emlakjet.com//ilan/denizli-atalar-da-on-cephe-21-klimali-asansorlu-esyali-kiralik-apart-17065675/,,,Yok,,Evet,2349,26,,İkinci El,Betonarme,1,,,,
76,17064918,24 Mart 2025,24 Mart 2025,Konut,Kiralık,Daire,45 m²,55 m²,1+1,0 (Yeni),3.Kat,4,Elektrikli Radyatör,Boş,Eşyalı,Müstakil Tapulu,Hayır,Yok,1,Genel Fiyat,7.500TL, Acıpayam - Aşağı Mahallesi,https://www.emlakjet.com//ilan/11-full-esyali-ara-kat-asansorlu-tum-abonelikleri-acik-17064918/,,,,,,,,,,,,,,,
77,17064714,24 Mart 2025,02 Nisan 2025,Konut,Kiralık,Daire,45 m²,50 m²,1+1,4,2.Kat,4,Kombi Doğalgaz,Boş,Eşyalı,Kat Mülkiyeti,Hayır,,1,Birim Fiyat,13.000TL, Merkezefendi - Adalet Mahallesi,https://www.emlakjet.com//ilan/erkus-gyo-dan-adliye-ye-yakin-arakat-klimali-esyali-11-luks-apart-17064714/,,13000 TL,Var,1,Evet,347,6,Açık Balkon,İkinci El,Betonarme,,,,,
78,17064157,24 Mart 2025,28 Mart 2025,Konut,Kiralık,Daire,40 m²,45 m²,1+1,4,Bahçe Katı,4,Kombi Doğalgaz,Boş,,Tapu Kaydı Yok,Hayır,,1,Genel Fiyat,8.000TL, Pamukkale - Asmalıevler Mahallesi,https://www.emlakjet.com//ilan/ender-uysal-gayrimenkulden-asmalievlerde-kiralik-11-bahce-kati-genis-apart-17064157/,,,,,,,,,,,,,,,
79,17063859,24 Mart 2025,24 Mart 2025,Konut,Kiralık,Daire,55 m²,60 m²,1+1,5-10,2.Kat,3,Kombi Doğalgaz,Boş,Eşyalı,Kat Mülkiyeti,Hayır,Yok,1,Genel Fiyat,17.000TL, Pamukkale - Kınıklı Mahallesi,https://www.emlakjet.com//ilan/kampus-mevki-depozitosuz-klimali-balkonlu-11-sifir-esyali-daire-17063859/,,,,,,,,,,,,,,,
80,17062878,23 Mart 2025,23 Mart 2025,Konut,Kiralık,Daire,60 m²,75 m²,2+0,3,2.Kat,3,Merkezi Doğalgaz,Boş,Eşyalı,Kat Mülkiyeti,Evet,,1,Genel Fiyat,14.500TL, Pamukkale - Zeytinköy Mahallesi,https://www.emlakjet.com//ilan/rota-dan-universite-yakini-kiralik-21-esyali-apart-17062878/,,1450 TL,Var,1,Evet,2798,7,Açık Balkon,İkinci El,Betonarme,1,,,,
81,17062799,23 Mart 2025,23 Mart 2025,Konut,Kiralık,Daire,45 m²,55 m²,1+1,5-10,2.Kat,3,Kombi Doğalgaz,Boş,Eşyalı,Kat Mülkiyeti,Hayır,,1,Genel Fiyat,12.500TL, Merkezefendi - Muratdede Mahallesi,https://www.emlakjet.com//ilan/rota-dan-devlet-hastanesi-alti-kiralik-balkonlu-apart-17062799/,,12500 TL,Var,1,Evet,523,3,Açık Balkon,İkinci El,Betonarme,1,,,,
82,17062702,23 Mart 2025,23 Mart 2025,Konut,Kiralık,Daire,100 m²,120 m²,2+1,11-15,1.Kat,4,Yerden Isıtma,Boş,Boş,Kat Mülkiyeti,Hayır,Yok,2,Genel Fiyat,15.000TL, Pamukkale - İstiklal Mahallesi,https://www.emlakjet.com//ilan/istiklal-mah-21-cadde-ustu-ara-kat-17062702/,100 TL,15000 TL,Var,1,Evet,200,3,,İkinci El,Betonarme,1,,,,
83,17059907,22 Mart 2025,22 Mart 2025,Konut,Kiralık,Daire,50 m²,58 m²,1+1,5-10,Yüksek Giriş,3,Kombi Doğalgaz,Boş,Eşyalı,Kat Mülkiyeti,Hayır,,1,Genel Fiyat,10.000TL, Pamukkale - Atalar Mahallesi,https://www.emlakjet.com//ilan/atalar-mevkisinde-depozitosuz-kiralik-apart-17059907/,,,Var,1,,1915,6,Açık Balkon,,,,,,,
84,17059652,22 Mart 2025,22 Mart 2025,Konut,Kiralık,Villa,260 m²,300 m²,5+2,16-20,,3,Kombi Doğalgaz,Boş,,Kat Mülkiyeti,Hayır,,2,Genel Fiyat,45.000TL, Pamukkale - Zeytinköy Mahallesi,https://www.emlakjet.com//ilan/kaan-emlak-selcukbey-subesinden-pau-ye-yakin-luks-masrafsiz-villa-17059652/,,,Var,3,Evet,5221,3,Açık Balkon,,Betonarme,,,,,
85,17058412,22 Mart 2025,28 Mart 2025,Konut,Kiralık,Daire,65 m²,70 m²,2+1,4,3.Kat,4,Kombi Doğalgaz,Boş,,Kat Mülkiyeti,Hayır,,1,Genel Fiyat,20.000TL, Pamukkale - Kınıklı Mahallesi,https://www.emlakjet.com//ilan/ender-uysal-gayrimenkulden-camlikta-21-lux-apart-17058412/,,,,,,1779,23,,,,,,,,
86,17058198,22 Mart 2025,22 Mart 2025,Konut,Kiralık,Daire,45 m²,50 m²,1+1,5-10,1.Kat,4,Merkezi Doğalgaz,Boş,,Kat Mülkiyeti,Hayır,,1,Genel Fiyat,7.000TL, Pamukkale - Asmalıevler Mahallesi,https://www.emlakjet.com//ilan/asmalievler-de-11-kiralik-apart-17058198/,,,,,,2936,10,,,,,,,,
87,17058051,22 Mart 2025,01 Nisan 2025,Konut,Kiralık,Daire,160 m²,170 m²,3+1,11-15,2.Kat,5,Kombi Doğalgaz,Boş,Boş,Kat Mülkiyeti,Hayır,Yok,1,Genel Fiyat,18.000TL, Merkezefendi - Adalet Mahallesi,https://www.emlakjet.com//ilan/adalet-mah-albayrak-da-arakat-31-kiralik-daire-17058051/,,,,,,,,,,,,,,,
88,17057789,22 Mart 2025,28 Mart 2025,Konut,Kiralık,Daire,150 m²,160 m²,3+1,11-15,1.Kat,2,Kombi Doğalgaz,Boş,,Kat Mülkiyeti,Hayır,,1,Genel Fiyat,14.000TL, Pamukkale - Siteler Mahallesi,https://www.emlakjet.com//ilan/ender-uysal-gayrimenkulden-kiralik-sitelerde-esyali-triplex-17057789/,,,,,,1819,2,,,,,,,,
89,17056656,21 Mart 2025,21 Mart 2025,Konut,Kiralık,Daire,100 m²,130 m²,3+1,21 Ve Üzeri,5.Kat,5,Merkezi Doğalgaz,Boş,Boş,Kat Mülkiyeti,Evet,,1,Genel Fiyat,13.000TL, Pamukkale - Kınıklı Mahallesi,https://www.emlakjet.com//ilan/camlikta-site-icerisinde-kiralik-daire-17056656/,1000 TL,13000 TL,Var,1,Hayır,1767,2,Açık Balkon,İkinci El,Betonarme,2,,,,
90,17056330,21 Mart 2025,04 Nisan 2025,Konut,Kiralık,Daire,40 m²,45 m²,Stüdyo,5-10,2.Kat,4,Yerden Isıtma,Boş,,Tapu Kaydı Yok,Hayır,,1,Genel Fiyat,6.500TL, Pamukkale - Yunusemre Mahallesi,https://www.emlakjet.com//ilan/kz-grup-tan-kiniklida-dogalgaz-dahil-10-arakat-kiralik-apart-17056330/,,,,,,,,,,,,,,,
91,17056197,21 Mart 2025,28 Mart 2025,Konut,Kiralık,Daire,130 m²,140 m²,3+1,11-15,Bahçe Katı,4,Kombi Doğalgaz,Boş,,Kat Mülkiyeti,Hayır,,1,Genel Fiyat,9.000TL, Pamukkale - Yunusemre Mahallesi,https://www.emlakjet.com//ilan/ender-uysal-gayrimenkulden-yunusemre-mahallesinde-31-kiralik-bahce-kati-daire-17056197/,,,,,,2870,4,,,,,,,,
92,17054706,21 Mart 2025,21 Mart 2025,Konut,Kiralık,Daire,180 m²,220 m²,3+1,16-20,3.Kat,4,Kombi Doğalgaz,Boş,Boş,Kat Mülkiyeti,Hayır,Yok,1,Genel Fiyat,23.500TL, Pamukkale - İncilipınar Mahallesi,https://www.emlakjet.com//ilan/incilipinar-mahallesinde-sali-pazari-hemen-altinda-kiralik-genis-ferah-31-daire-17054706/,,,Var,3,,1850,1,Açık Balkon,İkinci El,,2,10 m²,15 m²,,
93,17054460,21 Mart 2025,21 Mart 2025,Konut,Kiralık,Daire,158 m²,160 m²,3+1,11-15,5.Kat,6,Kombi Doğalgaz,Boş,Boş,Kat Mülkiyeti,Hayır,Yok,1,Genel Fiyat,20.000TL, Merkezefendi - Karaman Mahallesi,https://www.emlakjet.com//ilan/karman-mahallesi-sehir-manzarali-daire-17054460/,,,Var,2,Hayır,370,1,Açık Balkon,İkinci El,Betonarme,2,,,,
94,17053137,21 Mart 2025,21 Mart 2025,Konut,Kiralık,Daire,134 m²,180 m²,3+1,21 Ve Üzeri,2.Kat,3,Merkezi Doğalgaz,Boş,,Müstakil Tapulu,Hayır,,1,Genel Fiyat,30.000TL, Pamukkale - Kınıklı Mahallesi,https://www.emlakjet.com//ilan/camlik-merkezde-31-17053137/,,,,,,1884,6,,,,,,,,
95,17052347,20 Mart 2025,21 Mart 2025,Konut,Kiralık,Daire,48 m²,55 m²,1+1,5-10,2.Kat,5,Kombi Doğalgaz,Boş,Eşyalı,Kat Mülkiyeti,Hayır,Yok,1,Genel Fiyat,13.000TL, Pamukkale - Mehmetçik Mahallesi,https://www.emlakjet.com//ilan/mehmetcik-mevkili-kiralik-arakat-esyali-11-apart-17052347/,290 TL,13000 TL,Yok,,Evet,138,7,,İkinci El,Betonarme,1,6 m²,,18 m²,8 m²
96,17051874,20 Mart 2025,28 Mart 2025,Konut,Kiralık,Daire,45 m²,46 m²,1+1,2,Bahçe Katı,3,Kombi Doğalgaz,Boş,Eşyalı,Kat Mülkiyeti,Hayır,,1,Genel Fiyat,9.000TL, Pamukkale - Siteler Mahallesi,https://www.emlakjet.com//ilan/ender-uysal-gayrimenkulden-foruma-yakin-11-luks-bahceli-apart-17051874/,,,,,,1580,20,,İkinci El,Betonarme,1,,,,
97,17051545,20 Mart 2025,24 Mart 2025,Konut,Kiralık,Daire,95 m²,100 m²,2+1,5-10,3.Kat,5,Kombi Doğalgaz,Boş,,Kat Mülkiyeti,Hayır,,1,Genel Fiyat,19.000TL, Pamukkale - Kayıhan Mahallesi,https://www.emlakjet.com//ilan/kaan-emlaktan-yerden-isitmali-arakat-kiralik-daire-17051545/,,,,,,6158,6,,,,,,,,
98,17051448,20 Mart 2025,21 Mart 2025,Konut,Kiralık,Daire,894 m²,1.000 m²,1 Oda,0 (Yeni),Düz Giriş (Zemin),1,Isıtma Yok,Boş,Boş,Kat İrtifakı,Evet,Yok,Yok,Genel Fiyat,80.000TL, Merkezefendi - Bozburun Mahallesi,https://www.emlakjet.com//ilan/bozburun-mevkili-kiralik-1000-m-fabrika-holu-17051448/,2000 TL,80000 TL,Yok,,Evet,320,1,,Sıfır,Betonarme,1,1 m²,,894 m²,5 m²
99,17051024,20 Mart 2025,20 Mart 2025,Konut,Kiralık,Daire,83 m²,90 m²,3+0,16-20,Düz Giriş (Zemin),4,Merkezi Doğalgaz,Boş,Boş,Kat Mülkiyeti,Hayır,Yok,1,Genel Fiyat,68.000TL, Pamukkale - Mehmetçik Mahallesi,https://www.emlakjet.com//ilan/forum-camlik-alisveris-merkezine-yakin-83-m-kiralik-isyeri-17051024/,365 TL,68000 TL,Var,1,Evet,153,18,Açık Balkon,İkinci El,Betonarme,1,5 m²,10 m²,50 m²,5 m²
100,17050429,20 Mart 2025,28 Mart 2025,Konut,Kiralık,Daire,135 m²,140 m²,3+1,5-10,3.Kat,4,Kombi Doğalgaz,Boş,,Kat Mülkiyeti,Hayır,,1,Genel Fiyat,20.000TL, Pamukkale - Zeytinköy Mahallesi,https://www.emlakjet.com//ilan/ender-uysal-gayrimenkulden-zeytinkoy-de-kiralik-31asansorlu-balkonlu-daire-17050429/,,,,,,3670,11,,,,,,,,
101,17049658,20 Mart 2025,20 Mart 2025,Konut,Kiralık,Daire,70 m²,75 m²,1+1,4,3.Kat,5,Kombi Doğalgaz,Boş,Eşyalı,Kat Mülkiyeti,Hayır,Yok,1,Genel Fiyat,16.000TL, Merkezefendi - Adalet Mahallesi,https://www.emlakjet.com//ilan/hierapolis-ten-adliye-ye-5dk-kiralik-luks-genis-70m-11-apart-17049658/,,,,,,,,,,,,,,,
102,17049657,20 Mart 2025,20 Mart 2025,Konut,Kiralık,Daire,50 m²,55 m²,1+1,4,1.Kat,2,Kombi Doğalgaz,Boş,Eşyalı,Kat Mülkiyeti,Hayır,Yok,1,Genel Fiyat,13.000TL, Merkezefendi - Adalet Mahallesi,https://www.emlakjet.com//ilan/adalet-te-adliye-ye-yakin-balkonlu-luks-arakat-11-kiralik-apart-17049657/,,,,,,,,,,,,,,,
103,17047414,19 Mart 2025,19 Mart 2025,Konut,Kiralık,Daire,80 m²,82 m²,1+1,0 (Yeni),20.Kat,29,Merkezi (Pay Ölçer),Boş,Eşyalı,Kat İrtifakı,Hayır,Yok,1,Genel Fiyat,23.000TL, Merkezefendi - Kayalar Mahallesi,https://www.emlakjet.com//ilan/turyap-selcukbey-den-kiralik-sinpas-f2-esyali-daire-17047414/,,,,,,,,,,,,,,,
104,17047408,19 Mart 2025,19 Mart 2025,Konut,Kiralık,Daire,75 m²,82 m²,1+1,5-10,20.Kat,29,Merkezi (Pay Ölçer),Boş,Eşyalı,Kat Mülkiyeti,Hayır,Yok,1,Genel Fiyat,23.000TL, Merkezefendi - Kayalar Mahallesi,https://www.emlakjet.com//ilan/sinaps-aqua-city-de-kiralik-11-balkonlu-daire-17047408/,,,,,,,,,,,,,,,
105,17045477,19 Mart 2025,19 Mart 2025,Konut,Kiralık,Daire,155 m²,160 m²,3+1,0 (Yeni),3.Kat,5,Kombi Doğalgaz,Boş,Boş,Kat Mülkiyeti,Hayır,,2,Genel Fiyat,25.000TL, Merkezefendi - Karahasanlı Mahallesi,https://www.emlakjet.com//ilan/karahasanlida-sifir-site-icinde-kiralik-31-havuzlu-17045477/,0 TL,25000 TL,Var,2,Evet,557,4,Açık Balkon,,,2,20 m²,20 m²,,
106,17045247,19 Mart 2025,19 Mart 2025,Konut,Kiralık,Daire,45 m²,55 m²,1+1,4,4.Kat,4,Kombi Doğalgaz,Boş,,Tapu Kaydı Yok,Hayır,,1,Genel Fiyat,12.500TL, Pamukkale - Siteler Mahallesi,https://www.emlakjet.com//ilan/forum-camlik-yakini-kiralik-11-lux-apart-17045247/,,,Var,,,,,,,,,,,,
107,17044642,19 Mart 2025,31 Mart 2025,Konut,Kiralık,Daire,270 m²,280 m²,5+1,11-15,2.Kat,4,Jeotermal,Boş,Boş,Kat İrtifakı,Hayır,Yok,2,Genel Fiyat,20.000TL, Sarayköy - Atatürk Mahallesi,https://www.emlakjet.com//ilan/saraykoy-mah-280-m2-51-tirbleks-daire-20-000-tl-17044642/,,,Var,3,Evet,158,6,Açık Balkon,İkinci El,Betonarme,4,,,,
108,17044050,19 Mart 2025,19 Mart 2025,Konut,Kiralık,Daire,85 m²,95 m²,2+1,5-10,2.Kat,2,Kombi Doğalgaz,Boş,,Kat İrtifakı,Hayır,,1,Genel Fiyat,15.000TL, Pamukkale - Dokuzkavaklar Mahallesi,https://www.emlakjet.com//ilan/kaan-emlaktan-dokuzkavaklarda-kiralik-21-luks-daire-17044050/,,,,,,5067,7,,,,,,,,
109,17043973,19 Mart 2025,28 Mart 2025,Konut,Kiralık,Daire,105 m²,110 m²,2+1,11-15,1.Kat,4,Kombi Doğalgaz,Boş,,Kat Mülkiyeti,Hayır,,1,Genel Fiyat,15.000TL, Pamukkale - Siteler Mahallesi,https://www.emlakjet.com//ilan/ender-uysal-gayrimenkulden-siteler-de-kiralik-21-daire-17043973/,,,,,,1820,6,,,,,,,,
110,17042903,19 Mart 2025,19 Mart 2025,Konut,Kiralık,Daire,125 m²,135 m²,3+1,0 (Yeni),2.Kat,5,Kombi Doğalgaz,Boş,Boş,Kat Mülkiyeti,Hayır,,2,Genel Fiyat,25.000TL, Merkezefendi - Karahasanlı Mahallesi,https://www.emlakjet.com//ilan/yenisafakta-kiralik-31-sifir-arakat-daire-17042903/,,,Var,2,,314,3,Açık Balkon,,,,,,,
111,17042752,18 Mart 2025,18 Mart 2025,Konut,Kiralık,Daire,140 m²,150 m²,3+1,21 Ve Üzeri,1.Kat,7,Kombi Doğalgaz,Boş,Boş,Kat Mülkiyeti,Hayır,Yok,1,Genel Fiyat,12.500TL, Pamukkale - İstiklal Mahallesi,https://www.emlakjet.com//ilan/inonu-caddesinde-ici-yenilenmis-31-genis-daire-17042752/,,,,,,,,,,,,,,,
112,17041408,18 Mart 2025,19 Mart 2025,Konut,Kiralık,Daire,110 m²,120 m²,3+1,21 Ve Üzeri,Düz Giriş (Zemin),3,Kombi Doğalgaz,Boş,Boş,Kat Mülkiyeti,Hayır,Yok,1,Genel Fiyat,12.000TL, Merkezefendi - Akkonak Mahallesi,https://www.emlakjet.com//ilan/akkonak-mahallesinde-31-110-m2-kiralik-daire-17041408/,,,,,,,,,,,,,,,
113,17039516,18 Mart 2025,19 Mart 2025,Konut,Kiralık,Daire,45 m²,55 m²,1+1,0 (Yeni),2.Kat,5,Yerden Isıtma,Boş,Eşyalı,Kat Mülkiyeti,Hayır,Yok,1,Genel Fiyat,18.000TL, Merkezefendi - Karahasanlı Mahallesi,https://www.emlakjet.com//ilan/blokyapi-dan-sehir-hastanesi-ne-yakin-11-esyali-apart-17039516/,,,,,,,,,,,,,,,
114,17039503,18 Mart 2025,19 Mart 2025,Konut,Kiralık,Daire,210 m²,254 m²,4+1,5-10,3.Kat,10,Merkezi (Pay Ölçer),Boş,Boş,Kat Mülkiyeti,Evet,Yok,3,Genel Fiyat,40.000TL, Merkezefendi - Çakmak Mahallesi,https://www.emlakjet.com//ilan/blokyapi-dan-aya-rezidans-ta-41-ultra-luks-kiralik-daire-17039503/,,,,,,,,,,,,,,,
115,17039497,18 Mart 2025,19 Mart 2025,Konut,Kiralık,Daire,200 m²,235 m²,3.5+1,5-10,4.Kat,14,Merkezi (Pay Ölçer),Boş,Boş,Kat Mülkiyeti,Evet,Yok,2,Genel Fiyat,40.000TL, Merkezefendi - Göveçlik Mahallesi,https://www.emlakjet.com//ilan/blokyapi-dan-tower-rezidans-ta-41-ara-kat-kiralik-daire-17039497/,,,,,,,,,,,,,,,
116,17038891,18 Mart 2025,29 Mart 2025,Konut,Kiralık,Daire,136 m²,150 m²,3+1,21 Ve Üzeri,2.Kat,4,Merkezi Doğalgaz,Boş,Boş,Kat Mülkiyeti,Evet,Yok,1,Genel Fiyat,20.000TL, Merkezefendi - Mehmet Akif Ersoy Mahallesi,https://www.emlakjet.com//ilan/mehmet-akif-ersoy-mahallesi-nde-31-kiralik-daire-17038891/,350 TL,20000 TL,,,,,,,,,,,,,
117,17038796,18 Mart 2025,01 Nisan 2025,Konut,Kiralık,Daire,40 m²,48 m²,1+1,4,2.Kat,3,Kombi Doğalgaz,Boş,,Kat Mülkiyeti,Hayır,,1,Genel Fiyat,13.000TL, Merkezefendi - Adalet Mahallesi,https://www.emlakjet.com//ilan/adalet-mahallesinde-adliye-ye-yakin-kiralik-11-luks-yerden-isitmali-apart-17038796/,100 TL,13000 TL,Var,1,,339,3,Açık Balkon,,,,,,,
118,17038567,18 Mart 2025,24 Mart 2025,Konut,Kiralık,Daire,50 m²,55 m²,1+1,5-10,Yüksek Giriş,3,Kombi Doğalgaz,Boş,Eşyalı,Kat Mülkiyeti,Hayır,Yok,1,Genel Fiyat,10.000TL, Pamukkale - Topraklık Mahallesi,https://www.emlakjet.com//ilan/15-mayisda-kiralik-esyali-apart-11-50-m2-yuksek-zemin-17038567/,,,,,,,,,,,,,,,
119,17038566,18 Mart 2025,18 Mart 2025,Konut,Kiralık,Daire,90 m²,100 m²,2+1,11-15,4.Kat,4,Kombi Doğalgaz,Boş,Boş,Kat İrtifakı,Hayır,Yok,1,Genel Fiyat,9.000TL, Pamukkale - İncilipınar Mahallesi,https://www.emlakjet.com//ilan/incilipinar-da-kiralik-21-100-m2-17038566/,,,,,,,,,,,,,,,
120,17038371,18 Mart 2025,18 Mart 2025,Konut,Kiralık,Daire,43 m²,45 m²,1+1,5-10,3.Kat,7,Merkezi (Pay Ölçer),Boş,Eşyalı,Kat Mülkiyeti,Evet,Yok,1,Genel Fiyat,11.000TL, Pamukkale - Zeytinköy Mahallesi,https://www.emlakjet.com//ilan/bagbasi-city-lights-da-11-kiralik-apart-17038371/,,,,,,,,,,,,,,,
121,17035583,18 Mart 2025,03 Nisan 2025,Konut,Kiralık,Daire,125 m²,135 m²,2+1,21 Ve Üzeri,3.Kat,3,Kombi Doğalgaz,Kiracı Oturuyor,,Kat Mülkiyeti,Hayır,,1,Genel Fiyat,6.250TL, Pamukkale - Cumhuriyet Mahallesi,https://www.emlakjet.com//ilan/tercih-ten-anayola-yakin-ferah-2-51-17035583/,,,Var,3,,5288,1,Açık Balkon,,,,,,,
122,17035106,18 Mart 2025,18 Mart 2025,Konut,Kiralık,Daire,160 m²,190 m²,3+1,11-15,3.Kat,3,Kombi Doğalgaz,Boş,Boş,Kat Mülkiyeti,Hayır,Yok,1,Genel Fiyat,20.000TL, Pamukkale - Asmalıevler Mahallesi,https://www.emlakjet.com//ilan/pamukkale-universitesi-yakini-190-m-ara-kat-kiralik-31-daire-17035106/,,,,,,,,,,,,,,,
123,17035101,18 Mart 2025,18 Mart 2025,Konut,Kiralık,Daire,40 m²,55 m²,1+1,5-10,7.Kat,7,Merkezi Doğalgaz,Boş,Eşyalı,Tapu Kaydı Yok,Hayır,Yok,1,Genel Fiyat,14.000TL, Merkezefendi - Saraylar Mahallesi,https://www.emlakjet.com//ilan/devlet-hastanesi-yakini-55-m-genis-terasli-kiralik-11-apart-17035101/,,,,,,,,,,,,,,,
124,17035099,18 Mart 2025,18 Mart 2025,Konut,Kiralık,Daire,45 m²,50 m²,1+1,11-15,Düz Giriş (Zemin),2,Kombi Doğalgaz,Boş,Eşyalı,Kat Mülkiyeti,Hayır,Yok,1,Genel Fiyat,12.500TL, Pamukkale - Cumhuriyet Mahallesi,https://www.emlakjet.com//ilan/pekdemir-avm-yakini-50-m-klimali-kiralik-11-apart-daire-17035099/,,,,,,,,,,,,,,,
125,17035097,18 Mart 2025,18 Mart 2025,Konut,Kiralık,Daire,45 m²,50 m²,2+1,5-10,7.Kat,7,Merkezi (Pay Ölçer),Boş,Eşyalı,Kat İrtifakı,Hayır,Yok,1,Genel Fiyat,13.000TL, Merkezefendi - Saraylar Mahallesi,https://www.emlakjet.com//ilan/devlet-hastanesi-yakini-kiralik-luks-esyali-21-apart-daire-17035097/,,,,,,,,,,,,,,,
126,17035084,18 Mart 2025,18 Mart 2025,Konut,Kiralık,Daire,145 m²,160 m²,3+1,21 Ve Üzeri,1.Kat,6,Kombi Doğalgaz,Boş,Boş,Kat Mülkiyeti,Hayır,Yok,1,Genel Fiyat,15.000TL, Pamukkale - Atalar Mahallesi,https://www.emlakjet.com//ilan/cinar-da-160-m-asansorlu-kiralik-31-daire-17035084/,,,,,,,,,,,,,,,
127,17035080,18 Mart 2025,18 Mart 2025,Konut,Kiralık,Daire,110 m²,120 m²,3+1,16-20,Bahçe Katı,5,Kombi Doğalgaz,Boş,Boş,Kat İrtifakı,Hayır,Yok,1,Genel Fiyat,20.000TL, Pamukkale - Mehmetçik Mahallesi,https://www.emlakjet.com//ilan/mehmetcik-mah-mustakil-tadinda-31-120-m-kiralik-daire-17035080/,,,,,,,,,,,,,,,
128,17035069,18 Mart 2025,18 Mart 2025,Konut,Kiralık,Daire,35 m²,45 m²,1+1,3,1.Kat,3,Yerden Isıtma,Boş,Eşyalı,Kat Mülkiyeti,Hayır,Yok,1,Genel Fiyat,13.500TL, Pamukkale - İncilipınar Mahallesi,https://www.emlakjet.com//ilan/incilipinar-da-kiralik-11-45-m-apart-17035069/,,,,,,,,,,,,,,,
129,17035052,18 Mart 2025,18 Mart 2025,Konut,Kiralık,Daire,35 m²,45 m²,1+1,0 (Yeni),2.Kat,5,Yerden Isıtma,Boş,Boş,Kat İrtifakı,Hayır,Yok,1,Genel Fiyat,18.000TL, Merkezefendi - Karahasanlı Mahallesi,https://www.emlakjet.com//ilan/kiralik-apart-daire-sehir-hastanesi-yani-karahasanli-mah-17035052/,,,,,,,,,,,,,,,
130,17034875,18 Mart 2025,02 Nisan 2025,Konut,Kiralık,Daire,90 m²,100 m²,2+1,0 (Yeni),Yüksek Giriş,5,Yerden Isıtma,Boş,,Kat Mülkiyeti,Hayır,,1,Genel Fiyat,18.500TL, Merkezefendi - Yenişafak Mahallesi,https://www.emlakjet.com//ilan/redstone-myra-dan-yenisafak-ta-kiralik-21-daire-17034875/,,18500 TL,Var,1,Evet,313,6,,Sıfır,Betonarme,,,,,
131,17034059,18 Mart 2025,18 Mart 2025,Konut,Kiralık,Daire,170 m²,190 m²,3+2,5-10,2.Kat,11,Kombi Doğalgaz,Boş,,Bilinmiyor,Hayır,Yok,2,Genel Fiyat,23.500TL, Merkezefendi - Şemikler Mahallesi,https://www.emlakjet.com//ilan/kiralik-daire-190-m2-31-e-banyolu-ara-kat-manzarali-site-ici-17034059/,,,,,,,,,İkinci El,Betonarme,,,,,
132,17032961,17 Mart 2025,21 Mart 2025,Konut,Kiralık,Daire,125 m²,135 m²,2+1,5-10,2.Kat,3,Kombi Doğalgaz,Boş,Boş,Kat Mülkiyeti,Hayır,,1,Genel Fiyat,17.500TL, Merkezefendi - Selçuk Bey Mahallesi,https://www.emlakjet.com//ilan/selcuk-bey-mah-kiralik-21-arakat-daire-17032961/,100 TL,17500 TL,Var,2,,116,7,Kapalı Balkon,İkinci El,Betonarme,,,,,
133,17032592,17 Mart 2025,17 Mart 2025,Konut,Kiralık,Daire,130 m²,150 m²,3+1,3,Düz Giriş (Zemin),5,Yerden Isıtma,Boş,Boş,Kat Mülkiyeti,Evet,Yok,2,Genel Fiyat,27.000TL, Merkezefendi - Kayalar Mahallesi,https://www.emlakjet.com//ilan/kayakoy-tokide-saglik-ocagi-karsisi-kiralik-31-daire-ofis-17032592/,,,,,,,,,,,,,,,
134,17031856,17 Mart 2025,28 Mart 2025,Konut,Kiralık,Daire,50 m²,55 m²,1+1,5-10,3.Kat,3,Kombi Doğalgaz,Boş,,Kat Mülkiyeti,Hayır,,1,Genel Fiyat,6.500TL, Pamukkale - Zeytinköy Mahallesi,https://www.emlakjet.com//ilan/kz-grup-an-zeytinkoy-de-catikati-11-60m2-esyali-kiralik-apart-17031856/,,,,,,130,17,,,,,,,,
135,17030824,17 Mart 2025,17 Mart 2025,Konut,Kiralık,Daire,90 m²,100 m²,2+1,21 Ve Üzeri,Yüksek Giriş,4,Kombi Doğalgaz,Boş,,Kat Mülkiyeti,Hayır,,1,Genel Fiyat,13.000TL, Merkezefendi - Değirmenönü Mahallesi,https://www.emlakjet.com//ilan/kaan-emlaktan-sehirmerkezinde-21-kiralik-daire-17030824/,,,,,,4854,11,,,,,,,,
136,17030764,17 Mart 2025,22 Mart 2025,Konut,Kiralık,Daire,30 m²,40 m²,1+1,5-10,1.Kat,4,Merkezi Doğalgaz,Boş,,Kat İrtifakı,Hayır,,1,Genel Fiyat,9.500TL, Pamukkale - Fesleğen Mahallesi,https://www.emlakjet.com//ilan/ekoden-den-kibris-sehitler-cad-11-kiralik-apart-17030764/,,,,,,47,24,,,,,,,,
137,17030065,17 Mart 2025,28 Mart 2025,Konut,Kiralık,Daire,160 m²,165 m²,3+1,11-15,4.Kat,4,Kombi Doğalgaz,Boş,,Kat Mülkiyeti,Hayır,,1,Genel Fiyat,22.000TL, Pamukkale - Yunusemre Mahallesi,https://www.emlakjet.com//ilan/ender-uysal-gayrimenkulen-yunusemre-de-kiralik-31-daire-17030065/,,,,,,2389,14,,,,,,,,
138,17029604,17 Mart 2025,28 Mart 2025,Konut,Kiralık,Daire,45 m²,50 m²,1+1,5-10,3.Kat,4,Kombi Doğalgaz,Boş,,Kat Mülkiyeti,Hayır,,1,Genel Fiyat,9.000TL, Pamukkale - Yunusemre Mahallesi,https://www.emlakjet.com//ilan/ender-uysal-gayrimenkulden-11-yunusemre-mahallesin-kiralik-apart-17029604/,,,,,,2876,4,,,,,,,,
139,17028860,17 Mart 2025,17 Mart 2025,Konut,Kiralık,Daire,75 m²,80 m²,2+1,11-15,3.Kat,6,Kombi Doğalgaz,Boş,Eşyalı,Kat Mülkiyeti,Hayır,,1,Genel Fiyat,13.000TL, Pamukkale - Yunusemre Mahallesi,https://www.emlakjet.com//ilan/pau-yakini-sahibinden-21-esyali-17028860/,0 TL,13000 TL,Var,2,,2209,16,Açık Balkon,,,1,5 m²,5 m²,,
140,17028788,17 Mart 2025,28 Mart 2025,Konut,Kiralık,Daire,43 m²,45 m²,1+1,5-10,1.Kat,4,Yerden Isıtma,Boş,,Kat Mülkiyeti,Hayır,,1,Genel Fiyat,8.500TL, Pamukkale - Asmalıevler Mahallesi,https://www.emlakjet.com//ilan/ender-uysal-gayrimenkulden-11-asmalievlerde-yerden-isitmali-daire-17028788/,,,,,,2374,2,,,,,,,,
141,17028424,17 Mart 2025,17 Mart 2025,Konut,Kiralık,Daire,50 m²,55 m²,1+1,5-10,2.Kat,3,Kombi Doğalgaz,Boş,Eşyalı,Kat Mülkiyeti,Hayır,Yok,1,Genel Fiyat,12.000TL, Pamukkale - Asmalıevler Mahallesi,https://www.emlakjet.com//ilan/karadag-gayrimenkulden-asmalievler-mah-kiralik-esyali-apart-17028424/,,,,,,,,,,,,,,,
142,17028192,17 Mart 2025,17 Mart 2025,Konut,Kiralık,Daire,60 m²,65 m²,2+1,5-10,3.Kat,4,Kombi Doğalgaz,Boş,Eşyalı,Kat Mülkiyeti,Hayır,Yok,1,Genel Fiyat,10.000TL, Merkezefendi - Değirmenönü Mahallesi,https://www.emlakjet.com//ilan/lise-de-kiralik-21-apart-esyali-3-kat-17028192/,,,,,,,,,,,,,,,
143,17026897,16 Mart 2025,17 Mart 2025,Konut,Kiralık,Daire,150 m²,175 m²,3.5+1,5-10,2.Kat,6,Merkezi (Pay Ölçer),Boş,Eşyalı,Kat Mülkiyeti,Evet,Yok,2,Genel Fiyat,35.000TL, Merkezefendi - Kayalar Mahallesi,https://www.emlakjet.com//ilan/kaan-selcukbey-subesinden-sinpas-31-ara-kat-luks-kiralik-daire-17026897/,,,,,,,,,,,,,,,
144,17024819,16 Mart 2025,16 Mart 2025,Konut,Kiralık,Daire,180 m²,190 m²,3+1,21 Ve Üzeri,1.Kat,6,Kombi Doğalgaz,Boş,Boş,Hisseli Tapu,Hayır,Yok,1,Genel Fiyat,23.000TL, Pamukkale - Kuşpınar Mahallesi,https://www.emlakjet.com//ilan/emek-caddesinde-31-180mt2-kiralik-daire-17024819/,,,,,,,,,,,,,,,
145,17024617,16 Mart 2025,16 Mart 2025,Konut,Kiralık,Daire,70 m²,80 m²,1+1,4,4.Kat,4,Yerden Isıtma,Boş,Eşyalı,Kat Mülkiyeti,Hayır,Yok,1,Genel Fiyat,17.000TL, Pamukkale - Yunusemre Mahallesi,https://www.emlakjet.com//ilan/mercan-dan-yunus-emre-de-80-m2-11-esyali-terasli-apart-17024617/,,,,,,,,,,,,,,,
146,17024567,16 Mart 2025,16 Mart 2025,Konut,Kiralık,Daire,110 m²,135 m²,3+1,21 Ve Üzeri,5.Kat,6,Kombi Doğalgaz,Boş,Boş,Kat Mülkiyeti,Evet,Yok,1,Genel Fiyat,20.000TL, Merkezefendi - Yenişehir Mahallesi,https://www.emlakjet.com//ilan/sehzade-den-yenisehirde-kiralik-31-daire-17024567/,,,,,,,,,,,,,,,
147,17023827,15 Mart 2025,17 Mart 2025,Konut,Kiralık,Villa,400 m²,450 m²,5+2,5-10,,2,Yerden Isıtma,Boş,Boş,Kat Mülkiyeti,Hayır,Yok,4,Genel Fiyat,90.000TL, Merkezefendi - Şirinköy Mahallesi,https://www.emlakjet.com//ilan/servergazi-emlak-sirinkoyde-kiralik-lux-villa-firsati-17023827/,,,,,,,,,,,,,,,
148,17023504,15 Mart 2025,28 Mart 2025,Konut,Kiralık,Daire,45 m²,47 m²,1+1,3,Bahçe Katı,3,Kombi Doğalgaz,Boş,Eşyalı,Kat Mülkiyeti,Hayır,,1,Genel Fiyat,10.000TL, Pamukkale - Yunusemre Mahallesi,https://www.emlakjet.com//ilan/ender-uysal-gayrimenkulden-kiniklida-universiteye-yakin-kombili-11-esyali-daire-17023504/,,,,,Evet,2874,19,,İkinci El,Betonarme,1,,,,
149,17022983,15 Mart 2025,01 Nisan 2025,Konut,Kiralık,Daire,120 m²,135 m²,3+1,16-20,2.Kat,2,Kombi Doğalgaz,Boş,Boş,Kat İrtifakı,Hayır,Yok,1,Genel Fiyat,16.000TL, Merkezefendi - Selçuk Bey Mahallesi,https://www.emlakjet.com//ilan/hierapolis-ten-selcukbey-mah-de-31-kiralik-daire-17022983/,,,,,,,,,,,,,,,
150,17022733,15 Mart 2025,15 Mart 2025,Konut,Kiralık,Daire,78 m²,85 m²,1+1,5-10,Kot 4 (-4).Kat,29,Merkezi (Pay Ölçer),Boş,,Kat Mülkiyeti,Evet,,1,Genel Fiyat,21.500TL, Merkezefendi - Kayalar Mahallesi,https://www.emlakjet.com//ilan/redstone-myra-dan-sinpas-aquacity-de-kiralik-esyali-11-daire-17022733/,2000 TL,21500 TL,,,,556,10,,,,,,,,
151,17022383,15 Mart 2025,28 Mart 2025,Konut,Kiralık,Daire,130 m²,140 m²,3+1,16-20,2.Kat,5,Merkezi Doğalgaz,Boş,,Kat Mülkiyeti,Hayır,,1,Genel Fiyat,18.000TL, Pamukkale - Yunusemre Mahallesi,https://www.emlakjet.com//ilan/ender-uysal-gayrimenkulden-yunusemre-de-kiralik-31-daire-17022383/,,,,,,2869,1,,,,,,,,
152,17022133,15 Mart 2025,02 Nisan 2025,Konut,Kiralık,Daire,220 m²,230 m²,3.5+1,16-20,3.Kat,4,Kombi Doğalgaz,Boş,Boş,Kat Mülkiyeti,Hayır,Yok,2,Genel Fiyat,36.000TL, Pamukkale - Kervansaray Mahallesi,https://www.emlakjet.com//ilan/kervansaray-3-51-220-m2-kiralik-daire-17022133/,,,Var,2,Hayır,107,1,Açık Balkon,İkinci El,Betonarme,3,,,,
153,17021626,15 Mart 2025,28 Mart 2025,Konut,Kiralık,Daire,48 m²,50 m²,2+1,1,Çatı Katı,3,Kombi Doğalgaz,Boş,,Kat Mülkiyeti,Hayır,,1,Genel Fiyat,12.500TL, Merkezefendi - Sırakapılar Mahallesi,https://www.emlakjet.com//ilan/ender-uysal-gayrimenkulden-saltak-da-21-apart-17021626/,,,,,,3464,1,,,,,,,,
154,17021263,15 Mart 2025,04 Nisan 2025,Konut,Kiralık,Daire,80 m²,90 m²,2+1,0 (Yeni),4.Kat,5,Kombi Doğalgaz,Boş,Eşyalı,Kat Mülkiyeti,Hayır,Yok,1,Genel Fiyat,15.000TL, Merkezefendi - Karahasanlı Mahallesi,https://www.emlakjet.com//ilan/denizli-karahasanli-da-21-onu-acik-suit-kiralik-arakat-daire-17021263/,,,,,,221,15,,İkinci El,Betonarme,,,,,
155,17020423,15 Mart 2025,15 Mart 2025,Konut,Kiralık,Daire,120 m²,150 m²,3+1,11-15,Çatı Katı,3,Kombi Doğalgaz,Boş,,Kat İrtifakı,Hayır,,1,Genel Fiyat,12.000TL, Pamukkale - Atalar Mahallesi,https://www.emlakjet.com//ilan/kaan-gayrimenkulden-kiralik-cati-kati-17020423/,,,Var,1,,2340,16,Açık Teras,,,,,,,
156,17020217,15 Mart 2025,15 Mart 2025,Konut,Kiralık,Daire,45 m²,50 m²,1+1,3,Bahçe Katı,3,Kombi Doğalgaz,Boş,,Kat İrtifakı,Hayır,,1,Genel Fiyat,6.500TL, Pamukkale - İncilipınar Mahallesi,https://www.emlakjet.com//ilan/kaan-gayrimenkulden-kiralik-apart-daireler-17020217/,,,Yok,,Evet,3099,7,,İkinci El,Betonarme,,,,,
157,17019977,15 Mart 2025,15 Mart 2025,Konut,Kiralık,Daire,90 m²,95 m²,2+1,4,2.Kat,5,Merkezi (Pay Ölçer),Boş,Eşyalı,Kooperatiften Tapu,Evet,,1,Genel Fiyat,20.000TL, Merkezefendi - Hacıeyüplü Mahallesi,https://www.emlakjet.com//ilan/kayakoy-toki-2-etap-kt-3-blok-kiralik-21-esyali-daire-17019977/,,,Var,1,Hayır,,,Açık Balkon,İkinci El,Betonarme,2,,,,
158,17018419,15 Mart 2025,15 Mart 2025,Konut,Kiralık,Daire,80 m²,90 m²,2+1,5-10,2.Kat,4,Kombi Doğalgaz,Boş,Boş,Kat Mülkiyeti,Hayır,Yok,1,Genel Fiyat,17.000TL, Merkezefendi - Çakmak Mahallesi,https://www.emlakjet.com//ilan/ata-yapi-dan-cakmak-saglik-ocagi-yakini-21-kiralik-arakat-daire-17018419/,,,,,,,,,,,,,,,
159,17018326,15 Mart 2025,24 Mart 2025,Konut,Kiralık,Daire,34 m²,40 m²,1+1,4,2.Kat,2,Kombi Doğalgaz,Boş,Eşyalı,Kat Mülkiyeti,Hayır,Yok,1,Genel Fiyat,8.950TL, Pamukkale - İstiklal Mahallesi,https://www.emlakjet.com//ilan/lobby-fortis-ten-siteler-tokat-cad-de-kiralik-40-m2-11-apart-17018326/,,,,,,1821,13,,,,,,,,
160,17017086,14 Mart 2025,14 Mart 2025,Konut,Kiralık,Daire,45 m²,55 m²,1+1,5-10,1.Kat,4,Kombi Doğalgaz,Boş,Eşyalı,Kat Mülkiyeti,Hayır,Yok,1,Genel Fiyat,9.000TL, Pamukkale - Pelitlibağ Mahallesi,https://www.emlakjet.com//ilan/twokey-den-pelitlibagda-11-kiralik-apart-17017086/,,,,,,,,,,,,,,,
161,17016871,14 Mart 2025,19 Mart 2025,Konut,Kiralık,Daire,80 m²,100 m²,2+1,21 Ve Üzeri,3.Kat,3,Kombi Doğalgaz,Boş,Boş,Kat Mülkiyeti,Hayır,Yok,1,Genel Fiyat,14.500TL, Pamukkale - Pelitlibağ Mahallesi,https://www.emlakjet.com//ilan/rw-office20-den-merkez-ortaokulunun-dibinde-21-kiralik-daire-17016871/,,,,,,,,,,,,,,,
162,17016823,14 Mart 2025,16 Mart 2025,Konut,Kiralık,Daire,40 m²,45 m²,1+1,5-10,1.Kat,3,Merkezi (Pay Ölçer),Boş,Eşyalı,Kat Mülkiyeti,Hayır,Yok,1,Genel Fiyat,9.000TL, Pamukkale - İstiklal Mahallesi,https://www.emlakjet.com//ilan/istiklal-madlen-pastanesi-arkasinda-11-apart-abonelikler-acik-17016823/,,,,,,,,,,,,,,,
163,17016811,14 Mart 2025,16 Mart 2025,Konut,Kiralık,Daire,50 m²,60 m²,2+1,4,1.Kat,5,Merkezi Doğalgaz,Boş,Eşyalı,Kat Mülkiyeti,Hayır,Yok,1,Genel Fiyat,13.750TL, Pamukkale - Zeytinköy Mahallesi,https://www.emlakjet.com//ilan/mg-premium-dan-nezih-konumda-balkonlu-21-60m2-ultra-lux-apart-17016811/,,,,,,,,,,,,,,,
164,17016644,14 Mart 2025,14 Mart 2025,Konut,Kiralık,Daire,50 m²,55 m²,1+1,4,Çatı Katı,2,Yerden Isıtma,Boş,Eşyalı,Kat Mülkiyeti,Hayır,Yok,1,Genel Fiyat,9.500TL, Pamukkale - Zeytinköy Mahallesi,https://www.emlakjet.com//ilan/zeytinkoyde-kiralik-apart-17016644/,,,,,,,,,,,,,,,
165,17016269,14 Mart 2025,17 Mart 2025,Konut,Kiralık,Daire,90 m²,110 m²,2+1,0 (Yeni),3.Kat,4,Yerden Isıtma,Boş,Boş,Kat Mülkiyeti,Hayır,Yok,1,Genel Fiyat,19.000TL, Merkezefendi - Çakmak Mahallesi,https://www.emlakjet.com//ilan/swiss-life-dan-cakmak-da-21-sifir-kiralik-daire-17016269/,,,,,,,,,,,,,,,
166,17011806,14 Mart 2025,14 Mart 2025,Konut,Kiralık,Daire,120 m²,140 m²,3+1,4,Yüksek Giriş,4,Kombi Doğalgaz,Boş,Boş,Kat İrtifakı,Hayır,Yok,1,Genel Fiyat,15.500TL, Merkezefendi - Değirmenönü Mahallesi,https://www.emlakjet.com//ilan/turyap-selcukbey-den-degirmenonu-mah-kiralik-daire-17011806/,,,,,,,,,,,,,,,
167,17011433,14 Mart 2025,03 Nisan 2025,Konut,Kiralık,Daire,130 m²,140 m²,3+1,16-20,2.Kat,4,Kombi Doğalgaz,Boş,,Kat Mülkiyeti,Hayır,,1,Genel Fiyat,15.000TL, Pamukkale - Siteler Mahallesi,https://www.emlakjet.com//ilan/ender-uysal-gayrimenkulden-sitelerde-31-kiralik-daire-17011433/,,,,,,1638,3,,,,,,,,
168,17009632,13 Mart 2025,13 Mart 2025,Konut,Kiralık,Daire,125 m²,135 m²,3+1,21 Ve Üzeri,2.Kat,2,Merkezi Doğalgaz,Boş,,Kat Mülkiyeti,Hayır,,1,Genel Fiyat,15.000TL, Pamukkale - İstiklal Mahallesi,https://www.emlakjet.com//ilan/kaan-emlaktan-sehir-merkezinde-arakat-31-kiralik-daire-17009632/,,,,,,230,8,,,,,,,,
169,17009342,13 Mart 2025,02 Nisan 2025,Konut,Kiralık,Daire,140 m²,145 m²,3+1,21 Ve Üzeri,2.Kat,7,Merkezi Doğalgaz,Boş,Boş,Kat Mülkiyeti,Evet,,1,Genel Fiyat,15.500TL, Merkezefendi - Yenişehir Mahallesi,https://www.emlakjet.com//ilan/yenisehir-31-ara-kat-kiralik-daire-17009342/,250 TL,,Var,3,Hayır,,273,"Açık Balkon, Kapalı Balkon",İkinci El,Betonarme,2,,,,
170,17008792,13 Mart 2025,13 Mart 2025,Konut,Kiralık,Daire,150 m²,160 m²,3+1,21 Ve Üzeri,6.Kat,7,Kombi Doğalgaz,Boş,Boş,Kat Mülkiyeti,Evet,,1,Genel Fiyat,20.000TL, Pamukkale - Fesleğen Mahallesi,https://www.emlakjet.com//ilan/feslegen-mah-sahibinden-tadilati-bitmis-cadde-uzeri-daire-17008792/,200 TL,20000 TL,Var,1,,60,3,Açık Balkon,,,2,,,,
171,17007310,13 Mart 2025,13 Mart 2025,Konut,Kiralık,Daire,125 m²,145 m²,3+1,21 Ve Üzeri,Yüksek Giriş,2,Kombi Doğalgaz,Boş,,Kat Mülkiyeti,Hayır,,1,Genel Fiyat,15.000TL, Pamukkale - Topraklık Mahallesi,https://www.emlakjet.com//ilan/kaan-emlaktan-sehir-merkezinde-31-kiralik-daire-17007310/,,,,,,3615,7,,,,,,,,
172,17006789,13 Mart 2025,21 Mart 2025,Konut,Kiralık,Daire,125 m²,135 m²,3+1,4,3.Kat,4,Kombi Doğalgaz,Boş,,Kat İrtifakı,Hayır,Yok,1,Genel Fiyat,20.000TL, Merkezefendi - Karahasanlı Mahallesi,https://www.emlakjet.com//ilan/karahasanli-mahallesinde-lux-ferah-daire-17006789/,,,,,,284,2,,İkinci El,Betonarme,,,,,
173,17006763,13 Mart 2025,27 Mart 2025,Konut,Kiralık,Daire,45 m²,50 m²,1+1,5-10,2.Kat,3,Kombi Doğalgaz,Boş,,Tapu Kaydı Yok,Hayır,,1,Genel Fiyat,10.000TL, Merkezefendi - Sırakapılar Mahallesi,https://www.emlakjet.com//ilan/ender-uysal-gayrimenkulden-sirakapilarda-11-kiralik-lux-apart-17006763/,,,,,,,,,,,,,,,
174,17006629,13 Mart 2025,13 Mart 2025,Konut,Kiralık,Daire,50 m²,55 m²,1+1,5-10,3.Kat,5,Merkezi Doğalgaz,Boş,,Kat Mülkiyeti,Evet,,1,Genel Fiyat,9.000TL, Pamukkale - Zeytinköy Mahallesi,https://www.emlakjet.com//ilan/zeytinkoy-city-lights-de-arakat-11-50-m2-balkonlu-kiralik-apart-17006629/,1750 TL,,,,,160,2,,,,,,,,
175,17005971,13 Mart 2025,13 Mart 2025,Konut,Kiralık,Daire,170 m²,180 m²,3+1,11-15,3.Kat,4,Kombi Doğalgaz,Boş,Boş,Kat Mülkiyeti,Hayır,Yok,1,Genel Fiyat,25.000TL, Merkezefendi - Adalet Mahallesi,https://www.emlakjet.com//ilan/adalet-mahallesin-de-ara-kat-onu-yesil-alan-31-kiralik-17005971/,,,,,,,,,,,,,,,
176,17005418,13 Mart 2025,02 Nisan 2025,Konut,Kiralık,Daire,50 m²,55 m²,1 Oda,0 (Yeni),5.Kat,8,Yerden Isıtma,Boş,Eşyalı,Kat Mülkiyeti,Hayır,,1,Genel Fiyat,9.550TL, Pamukkale - Deliktaş Mahallesi,https://www.emlakjet.com//ilan/sehrin-merkezinde-yse-fatih-kavsaginda-kiralik-luks-rezidans-17005418/,500 TL,9500 TL,Yok,,Hayır,5691,3,,İkinci El,Betonarme,1,,,30 m²,6 m²
177,17004919,12 Mart 2025,12 Mart 2025,Konut,Kiralık,Daire,125 m²,130 m²,3+1,16-20,2.Kat,3,Kombi Doğalgaz,Boş,,Tapu Kaydı Yok,Hayır,,1,Genel Fiyat,13.000TL, Merkezefendi - İlbade Mahallesi,https://www.emlakjet.com//ilan/has-umut-gayrimenkulden-kiralik-daire-denizli-17004919/,,13000 TL,Var,2,,,,Açık Balkon,,,,6 m²,6 m²,,
178,17003637,12 Mart 2025,28 Mart 2025,Konut,Kiralık,Daire,50 m²,55 m²,1+1,5-10,3.Kat,8,Kombi Doğalgaz,Boş,,Kat Mülkiyeti,Hayır,,1,Genel Fiyat,12.000TL, Pamukkale - Zeytinköy Mahallesi,https://www.emlakjet.com//ilan/kz-grup-tan-zeytinkoy-de-arakat-11-55m2-full-esyali-kiralik-apart-17003637/,,,,,,160,2,,,,,,,,
179,17003049,12 Mart 2025,18 Mart 2025,Konut,Kiralık,Daire,150 m²,170 m²,4+1,21 Ve Üzeri,3.Kat,3,Kombi Doğalgaz,Boş,Boş,Kat Mülkiyeti,Hayır,,1,Genel Fiyat,10.000TL, Merkezefendi - Sevindik Mahallesi,https://www.emlakjet.com//ilan/merkezefendi-sevindik-ev-sahibinden-41-17003049/,0 TL,12000 TL,Var,,,4648,3,,,,,,,,
180,17002530,12 Mart 2025,12 Mart 2025,Konut,Kiralık,Daire,100 m²,105 m²,2+1,5-10,2.Kat,3,Kombi Doğalgaz,Boş,,Kat Mülkiyeti,Hayır,,1,Genel Fiyat,15.000TL, Pamukkale - İstiklal Mahallesi,https://www.emlakjet.com//ilan/dur-al-gayrimrnkulden-dis-hastanesi-yani-kiralik-daire-17002530/,,,,,,205,11,,,,,,,,
181,17001959,12 Mart 2025,12 Mart 2025,Konut,Kiralık,Daire,65 m²,75 m²,2+1,11-15,3.Kat,4,Kombi Doğalgaz,Boş,Eşyalı,Kat Mülkiyeti,Hayır,Yok,1,Genel Fiyat,20.000TL, Pamukkale - Yunusemre Mahallesi,https://www.emlakjet.com//ilan/liva-dan-pau-hast-karsisinda-genis-21-esyali-apartlar-17001959/,,,,,,,,,,,,,,,
182,17001770,12 Mart 2025,12 Mart 2025,Konut,Kiralık,Daire,130 m²,140 m²,3+1,11-15,2.Kat,4,Kombi Doğalgaz,Boş,,Yabancıdan,Evet,,1,Genel Fiyat,15.500TL, Merkezefendi - Gültepe Mahallesi,https://www.emlakjet.com//ilan/kiralik-aile-apartmaninda-uygun-daire-17001770/,,,Var,2,,,,"Açık Balkon, Kapalı Balkon",Sıfır,Betonarme,2,,,,
183,17000513,12 Mart 2025,12 Mart 2025,Konut,Kiralık,Daire,90 m²,100 m²,2+0,3,3.Kat,3,Kombi Doğalgaz,Boş,Boş,Kat Mülkiyeti,Hayır,Yok,2,Genel Fiyat,12.500TL, Pamukkale - Bağbaşı Mahallesi,https://www.emlakjet.com//ilan/bagbasinda-denizli-manzarali-dubleks-daire-17000513/,,,,,,,,,,,,,,,
184,17000064,12 Mart 2025,12 Mart 2025,Konut,Kiralık,Daire,200 m²,210 m²,3+1,5-10,3.Kat,5,Kombi Doğalgaz,Boş,Boş,Kat Mülkiyeti,Evet,Yok,2,Genel Fiyat,40.000TL, Merkezefendi - Gerzele Mahallesi,https://www.emlakjet.com//ilan/cizgi-den-servergazi-mah-site-ici-31-arakat-200m-genis-daire-17000064/,,,,,,,,,,,,,,,
185,17000010,12 Mart 2025,12 Mart 2025,Konut,Kiralık,Daire,45 m²,50 m²,1+1,5-10,3.Kat,4,Yerden Isıtma,Boş,Eşyalı,Kat Mülkiyeti,Hayır,Yok,1,Genel Fiyat,10.000TL, Pamukkale - Asmalıevler Mahallesi,https://www.emlakjet.com//ilan/asmalievler-mevkiinde-balkonlu-11-kiralik-arakat-apart-17000010/,,,,,,,,,,,,,,,
186,17000007,12 Mart 2025,12 Mart 2025,Konut,Kiralık,Daire,165 m²,180 m²,3+1,11-15,2.Kat,5,Kombi Doğalgaz,Boş,Boş,Kat Mülkiyeti,Hayır,Yok,1,Genel Fiyat,26.000TL, Merkezefendi - Yenişafak Mahallesi,https://www.emlakjet.com//ilan/yenisafak-ta-ferhatlar-koleji-karsisinda-kiralik-genis-31-daire-17000007/,,,,,,,,,,,,,,,
187,16999944,12 Mart 2025,12 Mart 2025,Konut,Kiralık,Daire,110 m²,120 m²,2+1,0 (Yeni),2.Kat,4,Yerden Isıtma,Boş,Boş,Kat Mülkiyeti,Hayır,Yok,1,Genel Fiyat,16.000TL, Merkezefendi - Şemikler Mahallesi,https://www.emlakjet.com//ilan/sehzade-den-semikler-de-21-sifir-arakat-kiralik-daire-16999944/,,,,,,,,,,,,,,,
188,16999442,11 Mart 2025,11 Mart 2025,Konut,Kiralık,Daire,50 m²,60 m²,1+1,4,Kot 4 (-4).Kat,7,Kombi Doğalgaz,Boş,Eşyalı,Kat Mülkiyeti,Hayır,,1,Genel Fiyat,10.000TL, Merkezefendi - Muratdede Mahallesi,https://www.emlakjet.com//ilan/devlet-hastanesi-ne-komsu-kiralik-11-luks-apart-16999442/,,,,,,348,12,,İkinci El,,1,6 m²,,,
189,16999156,11 Mart 2025,11 Mart 2025,Konut,Kiralık,Daire,68 m²,75 m²,2+1,2,1.Kat,2,Kombi Doğalgaz,Kiracı Oturuyor,,Kat Mülkiyeti,Hayır,,1,Genel Fiyat,12.000TL, Merkezefendi - Muratdede Mahallesi,https://www.emlakjet.com//ilan/redstone-myra-dan-muratdede-mah-yesil-alan-cepheli-21-kiralik-16999156/,,,,,,959,35,,,,,,,,
190,16998567,11 Mart 2025,24 Mart 2025,Konut,Kiralık,Daire,170 m²,180 m²,3+1,11-15,4.Kat,4,Kombi Doğalgaz,Boş,Boş,Kat Mülkiyeti,Hayır,Yok,1,Genel Fiyat,22.000TL, Merkezefendi - Adalet Mahallesi,https://www.emlakjet.com//ilan/adalet-cadde-ustu-180-metrekare-genis-31-16998567/,,,,,,,,,,,,,,,
191,16998001,11 Mart 2025,11 Mart 2025,Konut,Kiralık,Daire,65 m²,69 m²,2+1,16-20,2.Kat,3,Kombi Doğalgaz,Boş,,Kat Mülkiyeti,Hayır,,2,Birim Fiyat,14.500TL, Merkezefendi - Değirmenönü Mahallesi,https://www.emlakjet.com//ilan/kaan-gayrimenkulden-kiralik-21-esyali-kiralik-apart-daire-16998001/,,,Var,1,,1503,2,,,,,,,,
192,16997322,11 Mart 2025,11 Mart 2025,Konut,Kiralık,Daire,130 m²,140 m²,2+1,4,Kot 2 (-2).Kat,6,Kombi Doğalgaz,Boş,Boş,Kat Mülkiyeti,Hayır,,2,Birim Fiyat,19.500TL, Merkezefendi - Şemikler Mahallesi,https://www.emlakjet.com//ilan/kemikler-de-kiralik-21-daire-16997322/,,,Var,,,773,2,,,,2,,,,
193,16996958,11 Mart 2025,11 Mart 2025,Konut,Kiralık,Daire,200 m²,220 m²,3+1,11-15,1.Kat,5,Merkezi (Pay Ölçer),Boş,,Kat Mülkiyeti,Hayır,,2,Genel Fiyat,45.000TL, Merkezefendi - Çakmak Mahallesi,https://www.emlakjet.com//ilan/redstone-myra-dan-maksimum-konutlari-nda-kiralik-31-lux-daire-16996958/,5500 TL,45000 TL,,,,364,3,,,,,,,,
194,16996798,11 Mart 2025,21 Mart 2025,Konut,Kiralık,Daire,130 m²,140 m²,3+1,16-20,3.Kat,3,Kombi Doğalgaz,Boş,,Kat Mülkiyeti,Hayır,,1,Genel Fiyat,17.000TL, Merkezefendi - Karahasanlı Mahallesi,https://www.emlakjet.com//ilan/karahasanli-kiralik-daire-16996798/,100 TL,18000 TL,Var,,,null,481,,,,,,,,
195,16993526,11 Mart 2025,11 Mart 2025,Konut,Kiralık,Daire,45 m²,50 m²,1+1,5-10,4.Kat,8,Kombi Doğalgaz,Boş,Eşyalı,Kat İrtifakı,Evet,Yok,1,Genel Fiyat,12.000TL, Pamukkale - Zeytinköy Mahallesi,https://www.emlakjet.com//ilan/zeytinkoy-mah-tevlisesi-adlitipyakini-site-icerisinde-11-apart-16993526/,,,,,,,,,,,,,,,
196,16992374,10 Mart 2025,11 Mart 2025,Konut,Kiralık,Daire,70 m²,71 m²,2+1,5-10,2.Kat,3,Yerden Isıtma,Boş,Eşyalı,Kat Mülkiyeti,Hayır,Yok,1,Genel Fiyat,14.000TL, Merkezefendi - Değirmenönü Mahallesi,https://www.emlakjet.com//ilan/degirmenonu-mahallesinde-21-70-m2-arakat-esyali-kiralik-apart-16992374/,,,,,,2766,10,,,,,,,,
197,16992268,10 Mart 2025,27 Mart 2025,Konut,Kiralık,Daire,125 m²,130 m²,2+1,5-10,3.Kat,4,Kombi Doğalgaz,Boş,,Kat Mülkiyeti,Hayır,,1,Genel Fiyat,21.000TL, Pamukkale - Yunusemre Mahallesi,https://www.emlakjet.com//ilan/ender-uysaldan-21-yunusemre-de-kiralik-lux-arakat-balkonlu-daire-16992268/,,,,,,2872,12,,,,,,,,
198,16992000,10 Mart 2025,10 Mart 2025,Konut,Kiralık,Daire,50 m²,55 m²,1+1,11-15,2.Kat,4,Kombi Doğalgaz,Boş,Eşyalı,Kat Mülkiyeti,Hayır,Yok,1,Genel Fiyat,10.000TL, Pamukkale - Asmalıevler Mahallesi,https://www.emlakjet.com//ilan/poyraz-dan-asmalievlerde-kiralik-11-apart-16992000/,,,,,,,,,,,,,,,
199,16991552,10 Mart 2025,28 Mart 2025,Konut,Kiralık,Daire,70 m²,80 m²,3+1,5-10,Çatı Katı,3,Kombi Doğalgaz,Boş,,Kat Mülkiyeti,Hayır,,1,Genel Fiyat,14.000TL, Pamukkale - Kınıklı Mahallesi,https://www.emlakjet.com//ilan/ender-uysal-gayrimenkulden-kampuste-kiralik-31-esyali-catikati-16991552/,,,,,,4873,9,,,,,,,,
200,16990706,10 Mart 2025,17 Mart 2025,Konut,Kiralık,Daire,17 m²,20 m²,Stüdyo,5-10,Çatı Katı,3,Klimalı,Boş,Eşyalı,Kat Mülkiyeti,Hayır,Yok,1,Genel Fiyat,6.500TL, Pamukkale - İncilipınar Mahallesi,https://www.emlakjet.com//ilan/arevturk-den-incilipinar-da-kiralik-10-esyali-apart-daire-16990706/,,,,,,4577,21,,,,,,,,
201,16990569,10 Mart 2025,28 Mart 2025,Konut,Kiralık,Daire,45 m²,47 m²,1+1,2,1.Kat,4,Kombi Doğalgaz,Boş,,Kat Mülkiyeti,Hayır,,1,Genel Fiyat,9.000TL, Pamukkale - Yunusemre Mahallesi,https://www.emlakjet.com//ilan/ender-uysaldan-bursa-caddesine-yakin-11-esyali-apart-16990569/,,,,,,5240,1,,İkinci El,Betonarme,1,,,,
202,16989902,10 Mart 2025,10 Mart 2025,Konut,Kiralık,Daire,45 m²,50 m²,1+1,5-10,6.Kat,7,Merkezi Doğalgaz,Boş,Eşyalı,Kat Mülkiyeti,Evet,,1,Genel Fiyat,9.500TL, Pamukkale - Zeytinköy Mahallesi,https://www.emlakjet.com//ilan/goksudan-zeytinkoy-de-site-icerisinde-lux-apart-16989902/,,,Var,,,160,2,,,,,,,,
203,16989408,10 Mart 2025,28 Mart 2025,Konut,Kiralık,Daire,150 m²,160 m²,3+1,11-15,1.Kat,3,Kombi Doğalgaz,Boş,,Kat Mülkiyeti,Hayır,,2,Genel Fiyat,25.000TL, Pamukkale - İncilipınar Mahallesi,https://www.emlakjet.com//ilan/kz-grup-tan-incilipinar-da-31-160m2-on-cephe-kiralik-daire-16989408/,,,,,,2928,2,,,,,,,,
204,16988265,10 Mart 2025,10 Mart 2025,Konut,Kiralık,Daire,90 m²,100 m²,2+1,11-15,1.Kat,3,Kombi Doğalgaz,Boş,Boş,Kat Mülkiyeti,Hayır,Yok,1,Genel Fiyat,14.500TL, Pamukkale - Bağbaşı Mahallesi,https://www.emlakjet.com//ilan/hermess-den-bagbasinda-21-kiralik-daire-16988265/,,,,,,,,,,,,,,,
205,16988084,10 Mart 2025,10 Mart 2025,Konut,Kiralık,Daire,45 m²,50 m²,1+1,5-10,1.Kat,3,Kombi Doğalgaz,Boş,Eşyalı,Müstakil Tapulu,Hayır,Yok,1,Genel Fiyat,9.500TL, Merkezefendi - Değirmenönü Mahallesi,https://www.emlakjet.com//ilan/tanriverdi-emlak-degirmenonu-mah-11-45-m2-kiralik-apart-dairesi-16988084/,,,,,,,,,,,,,,,
206,16987887,10 Mart 2025,10 Mart 2025,Konut,Kiralık,Daire,75 m²,80 m²,1+1,5-10,Bahçe Katı,4,Kombi Doğalgaz,Boş,Eşyalı,Kat Mülkiyeti,Hayır,Yok,1,Genel Fiyat,15.000TL, Pamukkale - Kınıklı Mahallesi,https://www.emlakjet.com//ilan/armagan-dan-kinikli-da-kiralik-bahceli-11-apart-16987887/,,,,,,,,,,,,,,,
207,16987882,10 Mart 2025,10 Mart 2025,Konut,Kiralık,Daire,175 m²,180 m²,3+1,21 Ve Üzeri,2.Kat,4,Kombi Doğalgaz,Boş,Boş,Kat Mülkiyeti,Hayır,Yok,1,Genel Fiyat,25.000TL, Pamukkale - Yunusemre Mahallesi,https://www.emlakjet.com//ilan/pamukkale-karsisi-31-daire-16987882/,,,,,,,,,,,,,,,
208,16987260,10 Mart 2025,19 Mart 2025,Konut,Kiralık,Daire,40 m²,50 m²,1+1,1,2.Kat,5,Yerden Isıtma,Boş,Eşyalı,Hisseli Tapu,Hayır,Yok,1,Genel Fiyat,16.000TL, Pamukkale - Yunusemre Mahallesi,https://www.emlakjet.com//ilan/universiteye-yurume-mesafesinde-estetik-dizaynli-kiralik-apart-16987260/,,,,,,,,,,,,,,,
209,16987259,10 Mart 2025,19 Mart 2025,Konut,Kiralık,Daire,140 m²,170 m²,3+1,21 Ve Üzeri,1.Kat,7,Kombi Doğalgaz,Boş,Boş,Kat Mülkiyeti,Hayır,Yok,1,Genel Fiyat,19.000TL, Merkezefendi - Servergazi Mahallesi,https://www.emlakjet.com//ilan/servergazi-de-31-kiralik-daire-16987259/,,,,,,,,,,,,,,,
210,16987255,10 Mart 2025,10 Mart 2025,Konut,Kiralık,Daire,220 m²,230 m²,3+1,11-15,5.Kat,5,Merkezi (Pay Ölçer),Boş,Boş,Kat Mülkiyeti,Hayır,Yok,1,Genel Fiyat,28.000TL, Merkezefendi - Selçuk Bey Mahallesi,https://www.emlakjet.com//ilan/selcukbey-mahallesi-kiralik-daire-16987255/,,,,,,,,,,,,,,,
211,16987143,10 Mart 2025,10 Mart 2025,Konut,Kiralık,Daire,60 m²,75 m²,2+1,5-10,3.Kat,3,Kombi Doğalgaz,Boş,Boş,Kat Mülkiyeti,Hayır,Yok,1,Genel Fiyat,12.000TL, Pamukkale - Kervansaray Mahallesi,https://www.emlakjet.com//ilan/yasar-saniye-gemici-lisesi-karsisi-manzarali-kiralik-daire-16987143/,,,,,,,,,,,,,,,
212,16987129,10 Mart 2025,24 Mart 2025,Konut,Kiralık,Daire,45 m²,50 m²,1+1,11-15,2.Kat,4,Kombi Doğalgaz,Boş,Eşyalı,Kat Mülkiyeti,Hayır,Yok,1,Genel Fiyat,10.000TL, Pamukkale - Atalar Mahallesi,https://www.emlakjet.com//ilan/sehzade-den-kiralik-apart-atalar-da-16987129/,,,,,,,,,,,,,,,
213,16987080,10 Mart 2025,10 Mart 2025,Konut,Kiralık,Daire,100 m²,115 m²,2+1,0 (Yeni),1.Kat,2,Yerden Isıtma,Boş,Boş,Kat Mülkiyeti,Hayır,Yok,2,Genel Fiyat,22.500TL, Merkezefendi - Gümüşçay Mahallesi,https://www.emlakjet.com//ilan/babilden-kiralik-21-asansorlu-genis-ve-luks-sifir-daire-16987080/,,,,,,,,,,,,,,,
214,16986752,10 Mart 2025,10 Mart 2025,Konut,Kiralık,Daire,120 m²,145 m²,2.5+1,16-20,1.Kat,4,Kombi Doğalgaz,Boş,Boş,Kat Mülkiyeti,Evet,Yok,1,Genel Fiyat,17.000TL, Merkezefendi - Gültepe Mahallesi,https://www.emlakjet.com//ilan/albayrak-meydani-nda-onu-acik-kiralik-2-51-genis-klimali-daire-16986752/,,,,,,,,,,,,,,,
215,16986751,10 Mart 2025,10 Mart 2025,Konut,Kiralık,Daire,150 m²,165 m²,3+1,5-10,1.Kat,5,Yerden Isıtma,Boş,Boş,Kat Mülkiyeti,Hayır,Yok,2,Genel Fiyat,24.000TL, Merkezefendi - Şemikler Mahallesi,https://www.emlakjet.com//ilan/dota-dan-semikler-gumusler-bulvari-uzerinde-kiralik-31-165m2-16986751/,,,,,,,,,,,,,,,
216,16986581,09 Mart 2025,02 Nisan 2025,Konut,Kiralık,Daire,90 m²,95 m²,2+1,0 (Yeni),Bahçe Katı,5,Yerden Isıtma,Boş,Boş,Kat Mülkiyeti,Hayır,,1,Genel Fiyat,15.000TL, Merkezefendi - Karaman Mahallesi,https://www.emlakjet.com//ilan/karaman-sifir-bahce-kat-kiralik-daire-16986581/,,,Yok,,Hayır,3433,3,,Sıfır,Betonarme,,,,,
217,16985807,09 Mart 2025,03 Nisan 2025,Konut,Kiralık,Daire,40 m²,50 m²,1+1,11-15,2.Kat,4,Kombi Doğalgaz,Boş,,Kat İrtifakı,Hayır,,1,Genel Fiyat,12.000TL, Merkezefendi - Değirmenönü Mahallesi,https://www.emlakjet.com//ilan/caybasinda-kiralik-balkonlu-arakat-esyali-11-apart-16985807/,,,Var,,,2765,13,,,,,,,,
218,16984306,09 Mart 2025,09 Mart 2025,Konut,Kiralık,Daire,90 m²,100 m²,2+1,0 (Yeni),Yüksek Giriş,2,Yerden Isıtma,Boş,,Kat Mülkiyeti,Hayır,,1,Birim Fiyat,13.000TL, Pamukkale - Dokuzkavaklar Mahallesi,https://www.emlakjet.com//ilan/dokuzkavaklarda-kiralik-mustakil-21-sifir-daire-16984306/,,,Var,1,,3199,3,,,,1,,,,
219,16982859,09 Mart 2025,09 Mart 2025,Konut,Kiralık,Daire,55 m²,65 m²,1+1,5-10,2.Kat,3,Yerden Isıtma,Boş,Eşyalı,Kat İrtifakı,Evet,Yok,1,Genel Fiyat,15.000TL, Pamukkale - Zeytinköy Mahallesi,https://www.emlakjet.com//ilan/zeytinkoyde-universiteye-yakin-65m2-11-asansorlu-lux-apart-16982859/,,,,,,,,,,,,,,,
220,16980326,08 Mart 2025,08 Mart 2025,Konut,Kiralık,Daire,120 m²,130 m²,2+1,3,2.Kat,4,Yerden Isıtma,Boş,Boş,Kat Mülkiyeti,Hayır,Yok,1,Genel Fiyat,21.000TL, Merkezefendi - Karahasanlı Mahallesi,https://www.emlakjet.com//ilan/karahasanli-da-kiralik-luks-21-daire-16980326/,,,,,,,,,,,,,,,
221,16978069,08 Mart 2025,08 Mart 2025,Konut,Kiralık,Daire,150 m²,160 m²,3+1,11-15,1.Kat,3,Kombi Doğalgaz,Boş,Boş,Kat Mülkiyeti,Hayır,Yok,1,Genel Fiyat,17.500TL, Pamukkale - Siteler Mahallesi,https://www.emlakjet.com//ilan/dur-al-gayrimenkulden-kiniklida-siteler-mah-kiralik-daire-16978069/,,,,,,,,,,,,,,,
222,16977522,08 Mart 2025,10 Mart 2025,Konut,Kiralık,Daire,110 m²,130 m²,2+1,16-20,3.Kat,3,Kombi Doğalgaz,Boş,Eşyalı,Kat Mülkiyeti,Hayır,Yok,1,Genel Fiyat,21.000TL, Pamukkale - Kınıklı Mahallesi,https://www.emlakjet.com//ilan/kaan-emlaktan-kiniklida-lux-21-kiralik-daire-16977522/,,,,,,,,,,,,,,,
223,16977268,08 Mart 2025,08 Mart 2025,Konut,Kiralık,Daire,35 m²,45 m²,1+1,11-15,1.Kat,3,Kombi Doğalgaz,Boş,Eşyalı,Müstakil Tapulu,Hayır,Yok,1,Genel Fiyat,8.500TL, Pamukkale - Asmalıevler Mahallesi,https://www.emlakjet.com//ilan/mt-den-universiteye-yurume-mesafesinde-kiralik-11-apartlar-16977268/,,,,,,,,,,,,,,,
224,16976862,08 Mart 2025,08 Mart 2025,Konut,Kiralık,Daire,40 m²,45 m²,1+1,5-10,1.Kat,4,Kombi Doğalgaz,Boş,Eşyalı,Bilinmiyor,Hayır,Yok,1,Genel Fiyat,11.000TL, Merkezefendi - Sırakapılar Mahallesi,https://www.emlakjet.com//ilan/ulaman-gayrimenkulden-sirakapilar-mahallesi-kiralik-apart-16976862/,1 TL,,,,,,,,İkinci El,Betonarme,,,,,
225,16975914,08 Mart 2025,08 Mart 2025,Konut,Kiralık,Daire,135 m²,140 m²,3+1,11-15,2.Kat,5,Merkezi (Pay Ölçer),Boş,Boş,Kat Mülkiyeti,Evet,Yok,1,Genel Fiyat,19.000TL, Merkezefendi - Mehmet Akif Ersoy Mahallesi,https://www.emlakjet.com//ilan/gezegen-gayrimenkul-den-mehmet-akif-ersoy-mah-kiralik-31-140-m2-16975914/,,,,,,,,,,,,,,,
226,16975888,08 Mart 2025,02 Nisan 2025,Konut,Kiralık,Daire,100 m²,120 m²,2+1,11-15,4.Kat,4,Kombi Doğalgaz,Boş,Boş,Kat Mülkiyeti,Hayır,,1,Genel Fiyat,13.000TL, Merkezefendi - Karaman Mahallesi,https://www.emlakjet.com//ilan/karaman-mahallesi-katip-celebi-ilkogretim-okulu-yakini-kiralik-daire-16975888/,,14000 TL,Var,1,,4756,3,Açık Balkon,,,2,,,,
227,16975623,08 Mart 2025,08 Mart 2025,Konut,Kiralık,Daire,40 m²,45 m²,1+1,5-10,1.Kat,3,Kombi Doğalgaz,Boş,Eşyalı,Kat Mülkiyeti,Hayır,Yok,1,Genel Fiyat,9.250TL, Pamukkale - Bağbaşı Mahallesi,https://www.emlakjet.com//ilan/hermess-den-bagbasinda-11-esyali-balkonlu-kiralik-apart-16975623/,,,,,,,,,,,,,,,
228,16974653,08 Mart 2025,10 Mart 2025,Konut,Kiralık,Daire,45 m²,55 m²,1+1,5-10,2.Kat,3,Yerden Isıtma,Boş,Eşyalı,Kat Mülkiyeti,Hayır,Yok,1,Genel Fiyat,14.000TL, Pamukkale - Pelitlibağ Mahallesi,https://www.emlakjet.com//ilan/pelitlibagda-sifir-esyali-lux-apart-16974653/,,,,,,,,,,,,,,,
229,16973575,08 Mart 2025,08 Mart 2025,Konut,Kiralık,Daire,40 m²,45 m²,1+1,11-15,1.Kat,4,Yerden Isıtma,Boş,Eşyalı,Kat Mülkiyeti,Hayır,Yok,1,Genel Fiyat,10.000TL, Merkezefendi - Sırakapılar Mahallesi,https://www.emlakjet.com//ilan/cizgi-den-devlet-hastanesi-karsisi-11-esyali-apart-16973575/,,,,,,,,,,,,,,,
230,16973352,08 Mart 2025,08 Mart 2025,Konut,Kiralık,Daire,30 m²,35 m²,Stüdyo,5-10,Bahçe Katı,3,Yerden Isıtma,Boş,Eşyalı,Kat Mülkiyeti,Hayır,Yok,1,Genel Fiyat,7.000TL, Pamukkale - Siteler Mahallesi,https://www.emlakjet.com//ilan/mg-premium-dan-muhtesem-konumda-esyali-lux-10-apart-16973352/,,,,,,,,,,,,,,,
231,16973350,08 Mart 2025,08 Mart 2025,Konut,Kiralık,Daire,45 m²,60 m²,1.5+1,0 (Yeni),2.Kat,3,Yerden Isıtma,Boş,Eşyalı,Kat İrtifakı,Hayır,Yok,1,Genel Fiyat,16.000TL, Pamukkale - Zeytinköy Mahallesi,https://www.emlakjet.com//ilan/mg-premium-dan-ana-cadde-yakini-sifir-1-51-60m2-ultra-lux-apart-16973350/,,,,,,,,,,,,,,,
232,16973348,08 Mart 2025,08 Mart 2025,Konut,Kiralık,Daire,55 m²,60 m²,2+1,0 (Yeni),2.Kat,4,Yerden Isıtma,Boş,Eşyalı,Kat İrtifakı,Hayır,Yok,1,Genel Fiyat,20.000TL, Pamukkale - Asmalıevler Mahallesi,https://www.emlakjet.com//ilan/universite-yurume-mesafesinde-sifir-binada-21-full-esyali-apart-16973348/,,,,,,,,,,,,,,,
233,16973217,08 Mart 2025,08 Mart 2025,Konut,Kiralık,Daire,50 m²,55 m²,1+1,2,Düz Giriş (Zemin),2,Yerden Isıtma,Boş,Eşyalı,Kat İrtifakı,Hayır,Yok,1,Genel Fiyat,10.000TL, Pamukkale - Kayıhan Mahallesi,https://www.emlakjet.com//ilan/kayhan-pazar-yeri-yakini-kiralik-apart-16973217/,,,,,,,,,,,,,,,
234,16973021,08 Mart 2025,08 Mart 2025,Konut,Kiralık,Daire,40 m²,50 m²,1+1,4,2.Kat,3,Yerden Isıtma,Boş,Eşyalı,Kat İrtifakı,Hayır,,1,Genel Fiyat,11.500TL, Merkezefendi - Değirmenönü Mahallesi,https://www.emlakjet.com//ilan/landex-den-11-degirmenonun-de-50m2-dubleks-kiralik-apart-daire-16973021/,,,Yok,,,1504,23,,,,1,,,,
235,16972835,08 Mart 2025,08 Mart 2025,Konut,Kiralık,Daire,110 m²,120 m²,3+1,11-15,1.Kat,3,Kombi Doğalgaz,Boş,Boş,Kat Mülkiyeti,Hayır,Yok,1,Genel Fiyat,12.000TL, Pamukkale - Kayıhan Mahallesi,https://www.emlakjet.com//ilan/max-real-den-kiralik-kayhan-bolgesinde-31-daire-16972835/,,,,,,,,,,,,,,,
236,16972804,08 Mart 2025,08 Mart 2025,Konut,Kiralık,Daire,135 m²,140 m²,3+1,16-20,Düz Giriş (Zemin),2,Kombi Doğalgaz,Boş,Boş,Kat Mülkiyeti,Hayır,Yok,1,Genel Fiyat,18.000TL, Merkezefendi - Selçuk Bey Mahallesi,https://www.emlakjet.com//ilan/max-real-den-selcukbey-bolgesinde-31-kiralik-daire-16972804/,,,,,,,,,,,,,,,
237,16972616,08 Mart 2025,08 Mart 2025,Konut,Kiralık,Daire,100 m²,105 m²,3+1,21 Ve Üzeri,1.Kat,2,Kombi Doğalgaz,Boş,Boş,Kat İrtifakı,Hayır,Yok,1,Genel Fiyat,11.000TL, Merkezefendi - Değirmenönü Mahallesi,https://www.emlakjet.com//ilan/degirmenonu-musa-caddesi-31-dublex-cok-genis-kiralik-daire-16972616/,,,,,,,,,,,,,,,
238,16972614,08 Mart 2025,08 Mart 2025,Konut,Kiralık,Daire,175 m²,180 m²,3+1,11-15,1.Kat,3,Kombi Doğalgaz,Boş,Boş,Kat İrtifakı,Hayır,Yok,1,Genel Fiyat,19.000TL, Merkezefendi - Şemikler Mahallesi,https://www.emlakjet.com//ilan/naz-bayrakta-mustekil-aile-binasinda-genis-kiralik-daire-16972614/,,,,,,,,,,,,,,,
239,16971732,07 Mart 2025,07 Mart 2025,Konut,Kiralık,Daire,160 m²,185 m²,3+1,21 Ve Üzeri,4.Kat,7,Merkezi Doğalgaz,Boş,Boş,Hisseli Tapu,Hayır,Yok,1,Genel Fiyat,25.000TL, Pamukkale - Atalar Mahallesi,https://www.emlakjet.com//ilan/joy-max-dan-lise-caddesi-kosesi-kiralik-ofis-yada-daire-16971732/,,,,,,,,,,,,,,,
240,16970341,07 Mart 2025,26 Mart 2025,Konut,Kiralık,Daire,90 m²,100 m²,2+1,5-10,3.Kat,3,Kombi Doğalgaz,Boş,,Kat Mülkiyeti,Hayır,,1,Genel Fiyat,15.000TL, Pamukkale - Asmalıevler Mahallesi,https://www.emlakjet.com//ilan/kz-gayrimenkulden-asmalievlerde-21-100m2-esyali-kiralik-daire-16970341/,,,,,,2938,6,,,,,,,,
241,16969762,07 Mart 2025,07 Mart 2025,Konut,Kiralık,Daire,70 m²,90 m²,2+1,5-10,Bahçe Katı,3,Kombi Doğalgaz,Boş,Eşyalı,Kat Mülkiyeti,Hayır,Yok,1,Genel Fiyat,14.000TL, Merkezefendi - Merkez Efendi Mahallesi,https://www.emlakjet.com//ilan/golden-city-den-denipol-hastanesi-karsisi-esyali-kiralik-daire-16969762/,,,,,,,,,,,,,,,
242,16969580,07 Mart 2025,07 Mart 2025,Konut,Kiralık,Daire,120 m²,130 m²,2+1,11-15,3.Kat,3,Kombi Doğalgaz,Boş,Eşyalı,Kat Mülkiyeti,Hayır,Yok,1,Genel Fiyat,25.000TL, Pamukkale - Mehmetçik Mahallesi,https://www.emlakjet.com//ilan/royalden-forum-avm-ye-yakin-21-130-m-luks-esyali-balkonlu-konut-16969580/,,,,,,,,,,,,,,,
243,16969569,07 Mart 2025,07 Mart 2025,Konut,Kiralık,Daire,135 m²,140 m²,2+1,16-20,Çatı Katı,2,Kombi Doğalgaz,Boş,Boş,Kat İrtifakı,Hayır,Yok,1,Genel Fiyat,14.000TL, Pamukkale - Kınıklı Mahallesi,https://www.emlakjet.com//ilan/kinikli-kampus-kafeler-bolgesi-140-m-21-terasli-cati-daire-16969569/,,,,,,,,,,,,,,,
244,16969557,07 Mart 2025,07 Mart 2025,Konut,Kiralık,Daire,60 m²,70 m²,2+1,5-10,2.Kat,3,Kombi Doğalgaz,Boş,Eşyalı,Kat Mülkiyeti,Hayır,Yok,1,Genel Fiyat,17.000TL, Pamukkale - Mehmetçik Mahallesi,https://www.emlakjet.com//ilan/dis-hastanesine-yakin-21-70-m-arakat-luks-esyali-kiralik-apart-16969557/,,,,,,,,,,,,,,,
245,16969148,07 Mart 2025,02 Nisan 2025,Konut,Kiralık,Residence,41 m²,50 m²,1+1,5-10,4.Kat,4,Kombi Doğalgaz,Boş,,Kat Mülkiyeti,Hayır,,1,Genel Fiyat,14.000TL, Pamukkale - Kuşpınar Mahallesi,https://www.emlakjet.com//ilan/atabey-den-forum-camlik-kiralik-11-apart-16969148/,300 TL,15000 TL,Yok,,Hayır,2930,4,,İkinci El,Betonarme,1,,,,
246,16969062,07 Mart 2025,07 Mart 2025,Konut,Kiralık,Daire,100 m²,115 m²,2+1,11-15,3.Kat,5,Merkezi Doğalgaz,Boş,Boş,Kat Mülkiyeti,Hayır,Yok,1,Genel Fiyat,17.000TL, Merkezefendi - Yenişafak Mahallesi,https://www.emlakjet.com//ilan/erkus-gyo-dan-yenisafak-da-masal-parkin-karsisinda-kiralik-daire-16969062/,,,,,,,,,,,,,,,
247,16969058,07 Mart 2025,07 Mart 2025,Konut,Kiralık,Daire,170 m²,185 m²,3+1,0 (Yeni),7.Kat,8,Yerden Isıtma,Boş,,Kat Mülkiyeti,Evet,Yok,2,Genel Fiyat,38.000TL, Merkezefendi - Şemikler Mahallesi,https://www.emlakjet.com//ilan/erkustan-semiklerde-31-genis-kiralik-sifir-luks-daire-16969058/,,,,,,,,,,,,,,,
248,16968833,07 Mart 2025,07 Mart 2025,Konut,Kiralık,Daire,120 m²,130 m²,2+1,5-10,4.Kat,4,Kombi Doğalgaz,Boş,Eşyalı,Kat Mülkiyeti,Hayır,Yok,1,Genel Fiyat,24.999TL, Merkezefendi - Çakmak Mahallesi,https://www.emlakjet.com//ilan/cakmak-ta-esyali-kiralik-daire-16968833/,,,,,,,,,,,,,,,
249,16968448,07 Mart 2025,10 Mart 2025,Konut,Kiralık,Daire,50 m²,55 m²,1+1,5-10,1.Kat,4,Yerden Isıtma,Boş,,Kat Mülkiyeti,Hayır,,1,Genel Fiyat,9.000TL, Pamukkale - Bağbaşı Mahallesi,https://www.emlakjet.com//ilan/bagbasi-mahallesinde-11-esyali-apart-16968448/,,,,,,423,28,,,,,,,,
250,16968270,07 Mart 2025,25 Mart 2025,Konut,Kiralık,Daire,45 m²,50 m²,1+1,5-10,Yüksek Giriş,5,Yerden Isıtma,Boş,,Kat Mülkiyeti,Hayır,,1,Genel Fiyat,7.500TL, Pamukkale - Bağbaşı Mahallesi,https://www.emlakjet.com//ilan/bagbasi-mahallesi-11-esyali-apart-16968270/,,,,,,423,28,,,,,,,,
251,16964703,07 Mart 2025,07 Mart 2025,Konut,Kiralık,Daire,50 m²,55 m²,1+1,0 (Yeni),5.Kat,5,Kombi Doğalgaz,Boş,Eşyalı,Kat Mülkiyeti,Hayır,Yok,1,Genel Fiyat,11.000TL, Merkezefendi - Karaman Mahallesi,https://www.emlakjet.com//ilan/karaman-pazar-yani-sifir-kiralik-apart-dairesi-16964703/,,,,,,,,,,,,,,,
252,16964695,07 Mart 2025,07 Mart 2025,Konut,Kiralık,Daire,60 m²,65 m²,1+1,0 (Yeni),2.Kat,3,Yerden Isıtma,Boş,Eşyalı,Kat Mülkiyeti,Hayır,Yok,1,Genel Fiyat,18.500TL, Pamukkale - Kınıklı Mahallesi,https://www.emlakjet.com//ilan/kinikli-mahallesinde-sifir-balkonlu-lux-kiralik-apart-16964695/,,,,,,,,,,,,,,,
253,16963180,07 Mart 2025,07 Mart 2025,Konut,Kiralık,Daire,165 m²,185 m²,3+1,16-20,1.Kat,5,Kombi Doğalgaz,Boş,Boş,Kat Mülkiyeti,Hayır,Yok,1,Genel Fiyat,21.000TL, Merkezefendi - Adalet Mahallesi,https://www.emlakjet.com//ilan/kocabiyik-gayrimenkul-den-albayrak-meydani-185m2-31-daire-16963180/,,,,,,,,,,,,,,,
254,16963176,07 Mart 2025,07 Mart 2025,Konut,Kiralık,Daire,45 m²,50 m²,1+1,0 (Yeni),2.Kat,4,Yerden Isıtma,Boş,Eşyalı,Kat Mülkiyeti,Hayır,Yok,1,Genel Fiyat,20.750TL, Merkezefendi - Karahasanlı Mahallesi,https://www.emlakjet.com//ilan/kocabiyik-gayrimenkul-den-sehirhastanesi-11-sifir-esyali-apart-16963176/,,,,,,,,,,,,,,,
255,16960098,06 Mart 2025,17 Mart 2025,Konut,Kiralık,Daire,140 m²,160 m²,3+1,16-20,3.Kat,4,Merkezi (Pay Ölçer),Boş,,Kat Mülkiyeti,Evet,,1,Genel Fiyat,15.500TL, Merkezefendi - Adalet Mahallesi,https://www.emlakjet.com//ilan/adalet-mah-mevlana-camii-yani-arakat-31-kiralik-daire-16960098/,,,Var,,Hayır,145,4,,İkinci El,Betonarme,,,,,
256,16959874,06 Mart 2025,06 Mart 2025,Konut,Kiralık,Daire,105 m²,110 m²,2+1,16-20,3.Kat,4,Kombi Doğalgaz,Boş,Boş,Kat Mülkiyeti,Hayır,Yok,1,Genel Fiyat,11.000TL, Merkezefendi - Karaman Mahallesi,https://www.emlakjet.com//ilan/lozan-sivil-savunma-yakini-kiralik-arakat-daire-21-temiz-16959874/,,,,,,,,,,,,,,,
257,16959871,06 Mart 2025,06 Mart 2025,Konut,Kiralık,Daire,105 m²,110 m²,2+1,21 Ve Üzeri,2.Kat,3,Kombi Doğalgaz,Boş,Boş,Kat Mülkiyeti,Hayır,Yok,1,Genel Fiyat,13.000TL, Pamukkale - Atalar Mahallesi,https://www.emlakjet.com//ilan/komple-yenilenmis-kiralik-21-daire-arakat-16959871/,,,,,,,,,,,,,,,
258,16959857,06 Mart 2025,06 Mart 2025,Konut,Kiralık,Daire,50 m²,60 m²,1+1,0 (Yeni),2.Kat,5,Kombi Doğalgaz,Boş,Eşyalı,Müstakil Tapulu,Hayır,Yok,1,Genel Fiyat,12.000TL, Pamukkale - Asmalıevler Mahallesi,https://www.emlakjet.com//ilan/asmali-evlerde-sifir-apartlar-asansorlu-balkonlu-arakat-16959857/,,,,,,,,,,,,,,,
259,16957002,06 Mart 2025,06 Mart 2025,Konut,Kiralık,Daire,150 m²,170 m²,3+1,11-15,2.Kat,12,Kombi Doğalgaz,Boş,Boş,Kat Mülkiyeti,Hayır,Yok,1,Genel Fiyat,21.000TL, Merkezefendi - Yenişafak Mahallesi,https://www.emlakjet.com//ilan/yenisafak-mahallesinde-site-icerisinde-kiralik-31-daire-16957002/,,,,,,,,,,,,,,,
260,16956997,06 Mart 2025,06 Mart 2025,Konut,Kiralık,Daire,100 m²,110 m²,2+1,0 (Yeni),2.Kat,3,Kombi Doğalgaz,Boş,Boş,Kat Mülkiyeti,Hayır,Yok,1,Genel Fiyat,15.000TL, Merkezefendi - Sümer Mahallesi,https://www.emlakjet.com//ilan/sumerde-kiralik-21-sifir-daire-16956997/,,,,,,,,,,,,,,,
261,16956993,06 Mart 2025,06 Mart 2025,Konut,Kiralık,Daire,40 m²,45 m²,1+1,21 Ve Üzeri,2.Kat,3,Klimalı,Boş,Eşyalı,Kat Mülkiyeti,Hayır,Yok,1,Genel Fiyat,9.000TL, Pamukkale - 15 Mayıs Mahallesi,https://www.emlakjet.com//ilan/cinarda-kiralik-11-apart-16956993/,,,,,,,,,,,,,,,
262,16956961,06 Mart 2025,08 Mart 2025,Konut,Kiralık,Daire,50 m²,55 m²,1+1,4,4.Kat,6,Kombi Doğalgaz,Boş,Eşyalı,Kat Mülkiyeti,Hayır,Yok,1,Genel Fiyat,12.500TL, Merkezefendi - Saraylar Mahallesi,https://www.emlakjet.com//ilan/devlet-hastanesi-yakini-kiralik-11-arakat-yerden-isitmali-apart-16956961/,,,,,,,,,,,,,,,
263,16956939,06 Mart 2025,06 Mart 2025,Konut,Kiralık,Daire,48 m²,55 m²,1+1,5-10,2.Kat,3,Kombi Doğalgaz,Boş,Eşyalı,Kat Mülkiyeti,Hayır,Yok,Yok,Genel Fiyat,9.000TL, Pamukkale - 15 Mayıs Mahallesi,https://www.emlakjet.com//ilan/cinarda-kiralik-11-arakat-apart-16956939/,,,,,,,,,,,,,,,
264,16956927,06 Mart 2025,06 Mart 2025,Konut,Kiralık,Daire,155 m²,165 m²,3+1,11-15,2.Kat,4,Kombi Doğalgaz,Boş,Boş,Kat Mülkiyeti,Hayır,Yok,2,Genel Fiyat,25.000TL, Merkezefendi - Adalet Mahallesi,https://www.emlakjet.com//ilan/adalette-kiralik-31-arakat-genis-daire-16956927/,,,,,,,,,,,,,,,
265,16956911,06 Mart 2025,06 Mart 2025,Konut,Kiralık,Daire,50 m²,55 m²,1+1,5-10,Yüksek Giriş,4,Kombi Doğalgaz,Boş,Eşyalı,Kat Mülkiyeti,Hayır,Yok,1,Genel Fiyat,10.000TL, Pamukkale - Pelitlibağ Mahallesi,https://www.emlakjet.com//ilan/florya-dan-istiklalde-kiralik-11-apart-16956911/,,,,,,,,,,,,,,,
266,16955974,06 Mart 2025,06 Mart 2025,Konut,Kiralık,Daire,110 m²,125 m²,2+1,21 Ve Üzeri,2.Kat,3,Kombi Doğalgaz,Boş,Boş,Kat Mülkiyeti,Hayır,Yok,1,Genel Fiyat,14.000TL, Merkezefendi - Değirmenönü Mahallesi,https://www.emlakjet.com//ilan/degirmenonu-nde-lise-caddesi-yakini-21-ici-yenilenmis-daire-16955974/,,,,,,,,,,,,,,,
267,16953590,06 Mart 2025,06 Mart 2025,Konut,Kiralık,Daire,75 m²,80 m²,2+1,21 Ve Üzeri,2.Kat,2,Kombi Doğalgaz,Boş,Boş,Kat Mülkiyeti,Hayır,Yok,1,Genel Fiyat,10.000TL, Merkezefendi - Değirmenönü Mahallesi,https://www.emlakjet.com//ilan/ata-yapi-dan-degirmenonu-mahallesinde-21-kiralik-daire-16953590/,,,,,,,,,,,,,,,
268,16953499,06 Mart 2025,02 Nisan 2025,Konut,Kiralık,Daire,45 m²,50 m²,1+1,4,3.Kat,4,Kombi Doğalgaz,Boş,,Kat İrtifakı,Hayır,Yok,1,Genel Fiyat,11.000TL, Pamukkale - Hacıkaplanlar Mahallesi,https://www.emlakjet.com//ilan/cinarda-aile-apartinda-50m-11-full-esyali-kiralik-apart-daire-16953499/,200 TL,11000 TL,Yok,,,5745,4,,İkinci El,Betonarme,1,,,,
269,16952087,06 Mart 2025,06 Mart 2025,Konut,Kiralık,Daire,40 m²,45 m²,1+1,5-10,1.Kat,4,Merkezi (Pay Ölçer),Boş,Eşyalı,Kat Mülkiyeti,Hayır,Yok,1,Genel Fiyat,12.000TL, Pamukkale - İncilipınar Mahallesi,https://www.emlakjet.com//ilan/forum-camliga-yakin-kiralik-11-apart-16952087/,,,,,,,,,,,,,,,
270,16948972,06 Mart 2025,06 Mart 2025,Konut,Kiralık,Daire,130 m²,145 m²,3+1,21 Ve Üzeri,3.Kat,4,Kombi Doğalgaz,Boş,Boş,Kat Mülkiyeti,Hayır,Yok,1,Genel Fiyat,13.000TL, Merkezefendi - Sırakapılar Mahallesi,https://www.emlakjet.com//ilan/devlet-hast-yakini-31-arakat-cift-balkonlu-kiralik-daire-16948972/,,,,,,,,,,,,,,,
271,16948971,06 Mart 2025,06 Mart 2025,Konut,Kiralık,Daire,55 m²,60 m²,1+1,0 (Yeni),Yüksek Giriş,2,Kombi Doğalgaz,Boş,Eşyalı,Kat Mülkiyeti,Hayır,Yok,1,Genel Fiyat,15.000TL, Merkezefendi - Değirmenönü Mahallesi,https://www.emlakjet.com//ilan/degirmenonu-mh-de-ultra-lux-sifir-kiralik-11-apart-16948971/,,,,,,,,,,,,,,,
272,16948675,06 Mart 2025,06 Mart 2025,Konut,Kiralık,Daire,45 m²,55 m²,1+1,4,2.Kat,5,Yerden Isıtma,Boş,Eşyalı,Kat Mülkiyeti,Hayır,Yok,1,Genel Fiyat,11.000TL, Pamukkale - Pelitlibağ Mahallesi,https://www.emlakjet.com//ilan/mg-premium-dan-ana-cadde-uzeri-esyali-ara-kat-lux-11-apart-16948675/,,,,,,,,,,,,,,,
273,16947993,05 Mart 2025,06 Mart 2025,Konut,Kiralık,Daire,50 m²,60 m²,1+1,5-10,4.Kat,4,Kombi Doğalgaz,Boş,Eşyalı,Kat İrtifakı,Hayır,Yok,1,Genel Fiyat,12.000TL, Pamukkale - Pelitlibağ Mahallesi,https://www.emlakjet.com//ilan/max-real-den-pelitlibag-da-sifir-esyali-genis-11-apart-16947993/,,,,,,,,,,,,,,,
274,16946473,05 Mart 2025,28 Mart 2025,Konut,Kiralık,Daire,75 m²,80 m²,2+1,5-10,2.Kat,4,Kombi Doğalgaz,Boş,,Kat Mülkiyeti,Hayır,,1,Genel Fiyat,18.000TL, Pamukkale - Kınıklı Mahallesi,https://www.emlakjet.com//ilan/kz-grup-tan-kinikli-da-arakat-21-80m2-lux-esyali-kiralik-apart-16946473/,,,,,,1779,22,,,,,,,,
275,16946313,05 Mart 2025,07 Mart 2025,Konut,Kiralık,Daire,65 m²,75 m²,2+1,4,2.Kat,3,Merkezi Doğalgaz,Boş,,Tapu Kaydı Yok,Hayır,,1,Genel Fiyat,13.000TL, Pamukkale - 15 Mayıs Mahallesi,https://www.emlakjet.com//ilan/15-mayis-mah-21-kiralik-apart-16946313/,,,,,,,,,,,,,,,
276,16942773,05 Mart 2025,28 Mart 2025,Konut,Kiralık,Daire,60 m²,65 m²,1+1,0 (Yeni),2.Kat,3,Kombi Doğalgaz,Boş,,Kat Mülkiyeti,Hayır,,1,Genel Fiyat,17.000TL, Pamukkale - Kınıklı Mahallesi,https://www.emlakjet.com//ilan/kz-gayrimenkulden-kinikli-kafelerde-11-65m2-sifir-esyali-kiralik-apart-16942773/,,,,,,5246,2,,,,,,,,
277,16941791,05 Mart 2025,05 Mart 2025,Konut,Kiralık,Daire,162 m²,170 m²,3+1,21 Ve Üzeri,3.Kat,3,Kombi Doğalgaz,Boş,Boş,Kat Mülkiyeti,Hayır,Yok,1,Genel Fiyat,24.000TL, Pamukkale - Mehmetçik Mahallesi,https://www.emlakjet.com//ilan/ucgul-gayrimenkulden-mehmetcik-de-170-m2-31-kiralik-daire-16941791/,,,,,,,,,,,,,,,
278,16940324,04 Mart 2025,06 Mart 2025,Konut,Kiralık,Daire,55 m²,60 m²,1+1,5-10,2.Kat,4,Yerden Isıtma,Boş,Eşyalı,Kat Mülkiyeti,Hayır,Yok,1,Genel Fiyat,12.500TL, Pamukkale - Mehmetçik Mahallesi,https://www.emlakjet.com//ilan/mehmetcik-mahallesinde-forumcamlik-yakini-kiralik-apart-16940324/,,,,,,,,,,,,,,,
279,16938920,04 Mart 2025,04 Mart 2025,Konut,Kiralık,Daire,55 m²,60 m²,2+1,5-10,3.Kat,4,Kombi Doğalgaz,Boş,Eşyalı,Kat Mülkiyeti,Hayır,Var,1,Genel Fiyat,15.000TL, Merkezefendi - Değirmenönü Mahallesi,https://www.emlakjet.com//ilan/degirmenonu-mh-de-21-arakat-klimali-asansorlu-kiralik-aile-aparti-16938920/,300 TL,15000 TL,Var,1,Hayır,99,213,Açık Balkon,,Betonarme,1,7 m²,8 m²,,3 m²
280,16935949,04 Mart 2025,27 Mart 2025,Konut,Kiralık,Daire,100 m²,110 m²,2+1,3,4.Kat,4,Yerden Isıtma,Boş,Boş,Kat İrtifakı,Hayır,Yok,1,Genel Fiyat,15.000TL, Merkezefendi - Muratdede Mahallesi,https://www.emlakjet.com//ilan/devlet-hast-yakin-anayolda-asansorlu-balkonlu-21-luks-daire-16935949/,,,Var,1,Evet,6356,6,Açık Balkon,Sıfır,Betonarme,1,,,,
281,16935460,04 Mart 2025,02 Nisan 2025,Konut,Kiralık,Daire,105 m²,110 m²,2+1,5-10,2.Kat,4,Kombi Doğalgaz,Boş,Boş,Kat İrtifakı,Hayır,Yok,1,Genel Fiyat,11.000TL, Pamukkale - Topraklık Mahallesi,https://www.emlakjet.com//ilan/topraklik-ta-garaja-yakin-21-110m2-kiralik-daire-arakat-16935460/,,,Var,1,,5268,2,Açık Balkon,,,2,,,,
282,16935454,04 Mart 2025,04 Mart 2025,Konut,Kiralık,Daire,40 m²,50 m²,1+1,5-10,2.Kat,3,Yerden Isıtma,Boş,Eşyalı,Kat Mülkiyeti,Hayır,,1,Genel Fiyat,15.000TL, Pamukkale - Zeytinköy Mahallesi,https://www.emlakjet.com//ilan/zeytinkoy-mh-kiralik-11-apart-50-m2-16935454/,,15000 TL,Yok,,,2799,10,,İkinci El,,,,,,
283,16934080,03 Mart 2025,03 Mart 2025,Konut,Kiralık,Daire,85 m²,100 m²,2+1,0 (Yeni),1.Kat,3,Kombi Doğalgaz,Boş,Boş,Kat Mülkiyeti,Hayır,Yok,1,Genel Fiyat,19.000TL, Merkezefendi - Şemikler Mahallesi,https://www.emlakjet.com//ilan/semikler-de-erbakir-fen-lisesi-yakini-kiralik-21-lux-daire-16934080/,,,,,,,,,,,,,,,
284,16933853,03 Mart 2025,17 Mart 2025,Konut,Kiralık,Daire,170 m²,175 m²,3+1,5-10,3.Kat,5,Kombi Doğalgaz,Boş,Boş,Kat Mülkiyeti,Hayır,Yok,1,Genel Fiyat,30.000TL, Merkezefendi - Yenişafak Mahallesi,https://www.emlakjet.com//ilan/saygin-dan-yenisafak-mah-170-m2-31-onu-acik-3-kat-daire-16933853/,,,,,,300,1,,,,,,,,
285,16933680,03 Mart 2025,02 Nisan 2025,Konut,Kiralık,Daire,80 m²,85 m²,2+1,5-10,1.Kat,2,Kombi Doğalgaz,Boş,,Kat Mülkiyeti,Hayır,,1,Genel Fiyat,13.000TL, Pamukkale - Bağbaşı Mahallesi,https://www.emlakjet.com//ilan/bagbasinda-2-yol-arasinda-esyali-21-ters-dublex-balkonlu-daire-16933680/,,,Var,1,,287,2,,,,,,,,
286,16933368,03 Mart 2025,17 Mart 2025,Konut,Kiralık,Daire,50 m²,60 m²,1 Oda,0 (Yeni),1.Kat,3,Yerden Isıtma,Boş,,Kat İrtifakı,Evet,,1,Genel Fiyat,15.000TL, Pamukkale - Zeytinköy Mahallesi,https://www.emlakjet.com//ilan/pau-yakini-sifir-apart-16933368/,,,Var,1,,3702,10,,,,,,,,
287,16932350,03 Mart 2025,28 Mart 2025,Konut,Kiralık,Daire,75 m²,80 m²,2+1,1,3.Kat,4,Kombi Doğalgaz,Boş,,Kat Mülkiyeti,Hayır,,1,Genel Fiyat,18.000TL, Pamukkale - Kınıklı Mahallesi,https://www.emlakjet.com//ilan/ender-uysal-gayrimenkulden-yunusemre-mahallesinde-21-lux-esyali-apart-16932350/,,,,,,2880,17,,,,,,,,
288,16932253,03 Mart 2025,03 Mart 2025,Konut,Kiralık,Daire,35 m²,45 m²,1+1,5-10,2.Kat,5,Kombi Doğalgaz,Boş,Eşyalı,Kat Mülkiyeti,Hayır,Yok,1,Genel Fiyat,10.000TL, Pamukkale - İncilipınar Mahallesi,https://www.emlakjet.com//ilan/foruma-cok-yakin-arakat-abonelikler-acik-esyali-apart-16932253/,,,,,,,,,,,,,,,
289,16932238,03 Mart 2025,03 Mart 2025,Konut,Kiralık,Daire,40 m²,45 m²,1+1,11-15,1.Kat,2,Kombi Doğalgaz,Boş,Eşyalı,Kat Mülkiyeti,Hayır,Yok,1,Genel Fiyat,8.000TL, Pamukkale - İncilipınar Mahallesi,https://www.emlakjet.com//ilan/forum-camliga-yakin-kiralik-firsat-apart-abonelikler-acik-16932238/,,,,,,,,,,,,,,,
290,16932237,03 Mart 2025,03 Mart 2025,Konut,Kiralık,Daire,100 m²,110 m²,2+1,16-20,2.Kat,3,Kombi Doğalgaz,Boş,Boş,Kat Mülkiyeti,Hayır,Yok,1,Genel Fiyat,12.000TL, Pamukkale - Atalar Mahallesi,https://www.emlakjet.com//ilan/uygun-fiyata-arakat-kiralik-daireler-16932237/,,,,,,,,,,,,,,,
291,16931403,03 Mart 2025,03 Mart 2025,Konut,Kiralık,Daire,144 m²,150 m²,3+1,5-10,1.Kat,3,Kombi Doğalgaz,Boş,Boş,Kat Mülkiyeti,Hayır,Yok,2,Genel Fiyat,26.000TL, Pamukkale - Mehmetçik Mahallesi,https://www.emlakjet.com//ilan/mehmetcik-de-150m-31-kosebasi-oyas-foruma-5dak-mesafede-araka-16931403/,,,,,,,,,,,,,,,
292,16930181,03 Mart 2025,03 Mart 2025,Konut,Kiralık,Daire,130 m²,145 m²,3+1,0 (Yeni),2.Kat,5,Kombi Doğalgaz,Boş,Boş,Kat Mülkiyeti,Hayır,,1,Genel Fiyat,23.000TL, Merkezefendi - Değirmenönü Mahallesi,https://www.emlakjet.com//ilan/degirmenonu-mahallesi-nde-kiralik-arakat-daire-16930181/,,,Var,2,Hayır,393,3,Açık Balkon,Sıfır,Betonarme,2,,,,
293,16929923,03 Mart 2025,03 Mart 2025,Konut,Kiralık,Daire,45 m²,50 m²,1+1,5-10,1.Kat,8,Merkezi Doğalgaz,Boş,,Kat Mülkiyeti,Hayır,,1,Genel Fiyat,8.000TL, Pamukkale - Zeytinköy Mahallesi,https://www.emlakjet.com//ilan/bagbasi-city-ligts-havuzlu-guvenlikli-sitede-kiralik-11-apart-16929923/,,,,,,160,2,,,,,,,,
294,16929895,03 Mart 2025,15 Mart 2025,Konut,Kiralık,Daire,120 m²,150 m²,3+1,16-20,Kot 2 (-2).Kat,3,Kombi Doğalgaz,Boş,,Kat Mülkiyeti,Hayır,,1,Birim Fiyat,15.000TL, Kale - Cevherpaşa Mahallesi,https://www.emlakjet.com//ilan/kiralik-daire-16929895/,,14000 TL,Var,2,,356,10,Açık Balkon,,,,,,,
295,16924304,01 Mart 2025,20 Mart 2025,Konut,Kiralık,Daire,50 m²,55 m²,1+1,11-15,4.Kat,4,Kombi Doğalgaz,Boş,Eşyalı,Kat Mülkiyeti,Hayır,Yok,1,Genel Fiyat,12.000TL, Pamukkale - Yunusemre Mahallesi,https://www.emlakjet.com//ilan/erkus-gyodan-kiralik-genis-balkonlu-esyali-apart-16924304/,,,Var,,Evet,2222,4,,İkinci El,Betonarme,1,,,,
296,16922353,01 Mart 2025,01 Mart 2025,Konut,Kiralık,Daire,69 m²,70 m²,1+1,4,2.Kat,4,Kombi Doğalgaz,Boş,Eşyalı,Kat Mülkiyeti,Hayır,Yok,1,Genel Fiyat,11.500TL, Pamukkale - Bağbaşı Mahallesi,https://www.emlakjet.com//ilan/bagbasi-yeni-yol-migros-yakini-11-70m2-balkonlu-esyali-studyo-16922353/,,,,,,,,,,,,,,,
297,16921674,01 Mart 2025,28 Mart 2025,Konut,Kiralık,Daire,73 m²,75 m²,2+1,5-10,4.Kat,4,Kombi Doğalgaz,Boş,,Kat Mülkiyeti,Hayır,,1,Genel Fiyat,16.000TL, Pamukkale - Zeytinköy Mahallesi,https://www.emlakjet.com//ilan/ender-uysaldan-gayrimenkulden-zeytinkoy-de-21-balkonlu-kiralik-lux-esyali-apart-16921674/,,,,,,130,7,,,,,,,,
298,16920098,28 Şubat 2025,01 Mart 2025,Konut,Kiralık,Daire,135 m²,150 m²,2.5+1,5-10,4.Kat,4,Kombi Doğalgaz,Boş,Eşyalı,Kat Mülkiyeti,Evet,Yok,1,Genel Fiyat,25.000TL, Merkezefendi - Gültepe Mahallesi,https://www.emlakjet.com//ilan/office-peradan-gultepe-site-ici-lux-esyali-kiralik-daire-16920098/,,,,,,,,,,,,,,,
299,16919685,28 Şubat 2025,28 Şubat 2025,Konut,Kiralık,Daire,155 m²,175 m²,3+1,5-10,1.Kat,4,Kombi Doğalgaz,Boş,Boş,Kat Mülkiyeti,Hayır,Yok,1,Genel Fiyat,27.500TL, Merkezefendi - Yenişafak Mahallesi,https://www.emlakjet.com//ilan/ferhatlar-koleji-yakini-site-icerisinde-ici-yenilenmis-31-175m2-16919685/,,,,,,,,,,,,,,,
300,16919452,28 Şubat 2025,19 Mart 2025,Konut,Kiralık,Daire,90 m²,110 m²,2+1,3,4.Kat,4,Yerden Isıtma,Boş,Boş,Kat Mülkiyeti,Hayır,Yok,1,Genel Fiyat,18.000TL, Merkezefendi - Çakmak Mahallesi,https://www.emlakjet.com//ilan/cakmak-ta-on-cephe-21-kiralik-daire-16919452/,,,,,,,,,,,,,,,
301,16919262,28 Şubat 2025,28 Şubat 2025,Konut,Kiralık,Daire,55 m²,60 m²,1+1,5-10,1.Kat,3,Kombi Doğalgaz,Boş,Eşyalı,Kat Mülkiyeti,Hayır,Yok,1,Genel Fiyat,17.000TL, Pamukkale - Kınıklı Mahallesi,https://www.emlakjet.com//ilan/mg-premium-dan-kampus-mevkinde-11-genis-ultra-lux-apart-16919262/,,,,,,,,,,,,,,,
302,16919222,28 Şubat 2025,28 Şubat 2025,Konut,Kiralık,Daire,45 m²,50 m²,1+1,1,1.Kat,2,Yerden Isıtma,Boş,Eşyalı,Kat İrtifakı,Hayır,Yok,1,Genel Fiyat,16.000TL, Pamukkale - Kınıklı Mahallesi,https://www.emlakjet.com//ilan/camlik-ta-sifir-binada-kiralik-11-luks-konsept-esyali-daire-16919222/,,,,,,,,,,,,,,,
303,16919203,28 Şubat 2025,28 Şubat 2025,Konut,Kiralık,Daire,45 m²,50 m²,1+1,4,1.Kat,4,Yerden Isıtma,Boş,Eşyalı,Kat Mülkiyeti,Evet,Yok,1,Genel Fiyat,16.000TL, Pamukkale - Asmalıevler Mahallesi,https://www.emlakjet.com//ilan/mg-premium-dan-guvenlikli-site-icinde-11-ultra-lux-residance-16919203/,,,,,,,,,,,,,,,
304,16919200,28 Şubat 2025,28 Şubat 2025,Konut,Kiralık,Daire,70 m²,75 m²,1+1,5-10,2.Kat,6,Merkezi Doğalgaz,Boş,Eşyalı,Kat Mülkiyeti,Hayır,Yok,1,Genel Fiyat,20.000TL, Pamukkale - Fatih Mahallesi,https://www.emlakjet.com//ilan/mg-premium-dan-genis-balkonlu-11-75-m2-ultra-lux-rezidans-16919200/,,,,,,,,,,,,,,,
305,16918887,28 Şubat 2025,28 Şubat 2025,Konut,Kiralık,Daire,40 m²,50 m²,1+1,5-10,2.Kat,2,Kombi Doğalgaz,Boş,Eşyalı,Kat Mülkiyeti,Hayır,Yok,1,Genel Fiyat,14.000TL, Merkezefendi - Bereketler Mahallesi,https://www.emlakjet.com//ilan/sehzade-gayrimenkul-den-bereketler-mah-kiralik-apart-16918887/,,,,,,,,,,,,,,,
306,16918884,28 Şubat 2025,28 Şubat 2025,Konut,Kiralık,Daire,55 m²,65 m²,2+1,5-10,1.Kat,4,Yerden Isıtma,Boş,Eşyalı,Kat İrtifakı,Hayır,Yok,1,Genel Fiyat,14.500TL, Pamukkale - Zeytinköy Mahallesi,https://www.emlakjet.com//ilan/sehzade-den-zeytinkoyde-kiralik-21-apartlar-16918884/,,,,,,,,,,,,,,,
307,16918876,28 Şubat 2025,28 Şubat 2025,Konut,Kiralık,Daire,55 m²,65 m²,2+1,5-10,1.Kat,4,Yerden Isıtma,Boş,Eşyalı,Kat Mülkiyeti,Hayır,Yok,1,Genel Fiyat,14.500TL, Pamukkale - Zeytinköy Mahallesi,https://www.emlakjet.com//ilan/sehzade-den-zeytinkoyde-kiralik-21-apartlar-16918876/,,,,,,,,,,,,,,,
308,16918861,28 Şubat 2025,28 Şubat 2025,Konut,Kiralık,Daire,70 m²,80 m²,2+1,5-10,Bahçe Katı,2,Kombi Doğalgaz,Boş,Eşyalı,Kat Mülkiyeti,Hayır,Yok,1,Genel Fiyat,21.000TL, Merkezefendi - Bahçelievler Mahallesi,https://www.emlakjet.com//ilan/sehzade-gayrimenkul-den-bahcelievler-mah-kiralik-apart-16918861/,,,,,,,,,,,,,,,
309,16918830,28 Şubat 2025,28 Şubat 2025,Konut,Kiralık,Daire,120 m²,135 m²,2+1,0 (Yeni),3.Kat,3,Yerden Isıtma,Boş,Boş,Kat Mülkiyeti,Hayır,Yok,2,Genel Fiyat,16.000TL, Merkezefendi - Hacıeyüplü Mahallesi,https://www.emlakjet.com//ilan/sehzade-den-hacieyuplu-de-kiralik-21-sifir-daire-16918830/,,,,,,,,,,,,,,,
310,16918826,28 Şubat 2025,28 Şubat 2025,Konut,Kiralık,Daire,150 m²,170 m²,3+1,11-15,2.Kat,3,Kombi Doğalgaz,Boş,Boş,Kat Mülkiyeti,Hayır,Yok,1,Genel Fiyat,14.000TL, Merkezefendi - Şemikler Mahallesi,https://www.emlakjet.com//ilan/sehzade-den-semiklerde-genis-kiralik-31-daire-16918826/,,,,,,,,,,,,,,,
311,16918821,28 Şubat 2025,28 Şubat 2025,Konut,Kiralık,Daire,55 m²,65 m²,1.5+1,5-10,2.Kat,5,Yerden Isıtma,Boş,Eşyalı,Kat Mülkiyeti,Evet,Yok,1,Genel Fiyat,18.000TL, Pamukkale - Asmalıevler Mahallesi,https://www.emlakjet.com//ilan/sehzade-den-asmalievlerde-site-ici-kiralik-apart-16918821/,,,,,,,,,,,,,,,
312,16918818,28 Şubat 2025,28 Şubat 2025,Konut,Kiralık,Daire,110 m²,120 m²,3+1,0 (Yeni),4.Kat,4,Yerden Isıtma,Boş,Boş,Kat İrtifakı,Hayır,Yok,2,Genel Fiyat,26.000TL, Merkezefendi - Yenişafak Mahallesi,https://www.emlakjet.com//ilan/sehzade-den-yenisafak-31-evebeyn-bany-kiralik-daire-16918818/,,,,,,,,,,,,,,,
313,16918806,28 Şubat 2025,28 Şubat 2025,Konut,Kiralık,Daire,120 m²,130 m²,3+1,0 (Yeni),3.Kat,4,Yerden Isıtma,Boş,Boş,Kat İrtifakı,Hayır,Yok,2,Genel Fiyat,29.000TL, Merkezefendi - Yenişafak Mahallesi,https://www.emlakjet.com//ilan/sehzade-den-yenisafak-31-evebeyn-bany-kiralik-daire-16918806/,,,,,,,,,,,,,,,
314,16918790,28 Şubat 2025,03 Mart 2025,Konut,Kiralık,Daire,210 m²,220 m²,3+1,11-15,5.Kat,5,Kombi Doğalgaz,Boş,Boş,Kat Mülkiyeti,Evet,Yok,1,Genel Fiyat,26.000TL, Merkezefendi - Çakmak Mahallesi,https://www.emlakjet.com//ilan/sehzade-den-goveclikten-31-genis-daire-harika-manzara-16918790/,,,,,,,,,,,,,,,
315,16918365,28 Şubat 2025,28 Mart 2025,Konut,Kiralık,Daire,50 m²,55 m²,1+1,5-10,4.Kat,4,Kombi Doğalgaz,Boş,,Kat Mülkiyeti,Hayır,,1,Genel Fiyat,8.500TL, Pamukkale - Yunusemre Mahallesi,https://www.emlakjet.com//ilan/kz-grup-tan-yunusemre-de-11-55m2-full-esyali-kiralik-apart-16918365/,,,,,,2260,3,,,,,,,,
316,16918217,28 Şubat 2025,17 Mart 2025,Konut,Kiralık,Daire,50 m²,55 m²,1+1,5-10,1.Kat,4,Kombi Doğalgaz,Boş,,Kat Mülkiyeti,Hayır,,1,Genel Fiyat,11.000TL, Pamukkale - Atalar Mahallesi,https://www.emlakjet.com//ilan/kz-grup-tan-atalar-da-kiralik-11-arakat-55m2-full-esyali-kiralik-apart-16918217/,,,,,,2349,26,,,,,,,,
317,16917958,28 Şubat 2025,28 Şubat 2025,Konut,Kiralık,Daire,45 m²,50 m²,1+1,4,3.Kat,4,Kombi Doğalgaz,Boş,Eşyalı,Kat Mülkiyeti,Hayır,Yok,1,Genel Fiyat,10.000TL, Pamukkale - Atalar Mahallesi,https://www.emlakjet.com//ilan/atalar-cinar-ve-horoza-yakin-arakat-esyali-genis-apart-16917958/,,,,,,,,,,,,,,,
318,16917950,28 Şubat 2025,28 Şubat 2025,Konut,Kiralık,Daire,60 m²,80 m²,2+1,4,2.Kat,2,Kombi Doğalgaz,Boş,Eşyalı,Kat Mülkiyeti,Hayır,Yok,1,Genel Fiyat,10.000TL, Pamukkale - Asmalıevler Mahallesi,https://www.emlakjet.com//ilan/universite-nin-karsisinda-esyali-kiralik-21-apart-16917950/,,,,,,,,,,,,,,,
319,16917709,28 Şubat 2025,28 Şubat 2025,Konut,Kiralık,Daire,50 m²,60 m²,1.5+1,4,2.Kat,6,Yerden Isıtma,Boş,Eşyalı,Kat Mülkiyeti,Hayır,Yok,1,Genel Fiyat,16.000TL, Pamukkale - Asmalıevler Mahallesi,https://www.emlakjet.com//ilan/asmalievler-mah-ultra-lux-guvenlikli-site-icerisin-kiralik-daire-16917709/,,,,,,,,,,,,,,,
320,16917684,28 Şubat 2025,28 Şubat 2025,Konut,Kiralık,Daire,70 m²,75 m²,2+1,4,1.Kat,5,Yerden Isıtma,Boş,Eşyalı,Kat İrtifakı,Hayır,Yok,1,Genel Fiyat,17.000TL, Pamukkale - Asmalıevler Mahallesi,https://www.emlakjet.com//ilan/desen-kristalin-arkasinda-21-kiralik-apart-16917684/,,,,,,,,,,,,,,,
321,16917605,28 Şubat 2025,28 Şubat 2025,Konut,Kiralık,Daire,45 m²,55 m²,1+1,5-10,1.Kat,2,Kombi Doğalgaz,Boş,Eşyalı,Kat Mülkiyeti,Hayır,Yok,1,Genel Fiyat,11.500TL, Merkezefendi - Merkez Efendi Mahallesi,https://www.emlakjet.com//ilan/max-real-den-denipol-hastanesi-bolgesinde-11-kiralik-apart-16917605/,,,,,,,,,,,,,,,
322,16917599,28 Şubat 2025,28 Şubat 2025,Konut,Kiralık,Daire,85 m²,95 m²,2+1,5-10,2.Kat,2,Kombi Doğalgaz,Boş,Boş,Kat Mülkiyeti,Hayır,Yok,1,Genel Fiyat,15.000TL, Merkezefendi - Mehmet Akif Ersoy Mahallesi,https://www.emlakjet.com//ilan/max-real-den-21-hudai-oral-caddesi-kiralik-daire-16917599/,,,,,,,,,,,,,,,
323,16917551,28 Şubat 2025,28 Şubat 2025,Konut,Kiralık,Daire,40 m²,45 m²,1+1,4,1.Kat,4,Kombi Doğalgaz,Boş,Eşyalı,Kat Mülkiyeti,Hayır,Yok,1,Genel Fiyat,12.000TL, Pamukkale - Asmalıevler Mahallesi,https://www.emlakjet.com//ilan/max-real-den-asmalievlerde-kiralik-11-suit-daire-16917551/,,,,,,,,,,,,,,,
324,16917411,28 Şubat 2025,28 Şubat 2025,Konut,Kiralık,Daire,65 m²,70 m²,2+1,21 Ve Üzeri,1.Kat,4,Kombi Doğalgaz,Boş,Boş,Müstakil Tapulu,Hayır,Yok,1,Genel Fiyat,12.000TL, Merkezefendi - Muratdede Mahallesi,https://www.emlakjet.com//ilan/devlet-hastanesi-mevkii-21-esyasiz-kiralik-apart-16917411/,,,,,,,,,,,,,,,
325,16917391,28 Şubat 2025,28 Şubat 2025,Konut,Kiralık,Daire,55 m²,70 m²,2+1,5-10,3.Kat,7,Kombi Doğalgaz,Boş,Eşyalı,Kat İrtifakı,Hayır,Yok,1,Genel Fiyat,13.000TL, Pamukkale - Fesleğen Mahallesi,https://www.emlakjet.com//ilan/istiklal-caddesi-uzeri-21-70-m-asansorlu-3-arakat-apart-16917391/,,,,,,,,,,,,,,,
326,16916317,28 Şubat 2025,28 Şubat 2025,Konut,Kiralık,Daire,145 m²,155 m²,3+1,11-15,Bahçe Katı,3,Kombi Doğalgaz,Boş,Boş,Kat Mülkiyeti,Hayır,Yok,2,Genel Fiyat,10.500TL, Merkezefendi - Gültepe Mahallesi,https://www.emlakjet.com//ilan/dota-dan-albayrak-meydanin-da-kiralik-31-bahce-kati-daire-16916317/,,,,,,,,,,,,,,,
327,16915942,28 Şubat 2025,28 Şubat 2025,Konut,Kiralık,Daire,65 m²,70 m²,2+1,5-10,3.Kat,4,Yerden Isıtma,Boş,Eşyalı,Kat Mülkiyeti,Hayır,Yok,1,Genel Fiyat,15.500TL, Merkezefendi - Sırakapılar Mahallesi,https://www.emlakjet.com//ilan/sirakapilar-mah-full-sifir-esyali-kiralik-11-ve-21-daireler-16915942/,,,,,,,,,,,,,,,
328,16913898,28 Şubat 2025,28 Şubat 2025,Konut,Kiralık,Villa,293 m²,330 m²,3+2,21 Ve Üzeri,,3,Kombi Doğalgaz,Boş,Boş,Kat İrtifakı,Evet,Yok,3,Genel Fiyat,55.000TL, Pamukkale - Zümrüt Mahallesi,https://www.emlakjet.com//ilan/bagbasi-zumrut-mah-yesil-zumrut-sitesi-nde-kiralik-villa-16913898/,,,,,,,,,,,,,,,
329,16913873,28 Şubat 2025,28 Şubat 2025,Konut,Kiralık,Daire,100 m²,110 m²,2+1,21 Ve Üzeri,5.Kat,6,Kombi Doğalgaz,Boş,Boş,Kat Mülkiyeti,Hayır,Yok,1,Genel Fiyat,13.000TL, Pamukkale - Hacıkaplanlar Mahallesi,https://www.emlakjet.com//ilan/cinara-yakin-cadde-uzeri-100-m-ara-kat-21-kiralik-daire-16913873/,,,,,,,,,,,,,,,
330,16910586,27 Şubat 2025,03 Nisan 2025,Konut,Kiralık,Daire,49 m²,50 m²,1+1,4,1.Kat,6,Kombi Doğalgaz,Boş,Eşyalı,Tapu Kaydı Yok,Hayır,Yok,1,Genel Fiyat,9.000TL, Merkezefendi - Akkonak Mahallesi,https://www.emlakjet.com//ilan/aile-aparti-cinara-bayramyerine-yurume-mesafesi-50m-11-kiralik-16910586/,,,,,,,,,,,,,,,
331,16910538,27 Şubat 2025,28 Mart 2025,Konut,Kiralık,Daire,43 m²,45 m²,1+1,3,2.Kat,4,Kombi Doğalgaz,Boş,,Kat Mülkiyeti,Hayır,,1,Genel Fiyat,7.000TL, Pamukkale - Asmalıevler Mahallesi,https://www.emlakjet.com//ilan/ender-uysal-gayrimenkulden-asmalievlerde-11-balkonlu-esyali-daire-16910538/,,,,,,5283,9,,,,,,,,
332,16910430,27 Şubat 2025,28 Mart 2025,Konut,Kiralık,Daire,55 m²,60 m²,2+1,16-20,Bahçe Katı,3,Kombi Doğalgaz,Kiracı Oturuyor,Eşyalı,Kat Mülkiyeti,Hayır,,1,Genel Fiyat,9.000TL, Pamukkale - Siteler Mahallesi,https://www.emlakjet.com//ilan/ender-uysaldan-kampuse-yakin-21-balkonlu-bahcekati-esyali-daire-16910430/,,,Var,,,3886,4,,İkinci El,Betonarme,1,,,,
333,16909767,27 Şubat 2025,27 Şubat 2025,Konut,Kiralık,Daire,75 m²,80 m²,1+1,4,19.Kat,30,Merkezi (Pay Ölçer),Boş,Boş,Kat Mülkiyeti,Evet,Yok,1,Genel Fiyat,18.000TL, Merkezefendi - Kayalar Mahallesi,https://www.emlakjet.com//ilan/sinpasta-aradiginiz-hersey-burada-genis-11-luks-daire-16909767/,,,,,,,,,,,,,,,
334,16908633,27 Şubat 2025,28 Mart 2025,Konut,Kiralık,Daire,55 m²,60 m²,2+1,5-10,Kot 3 (-3).Kat,4,Kombi Doğalgaz,Boş,,Kat Mülkiyeti,Hayır,,1,Genel Fiyat,15.000TL, Pamukkale - Asmalıevler Mahallesi,https://www.emlakjet.com//ilan/kz-grup-tan-pau-yakin-21-60m2-arakat-klimali-sifir-esyali-kiralik-apart-16908633/,,,,,,2379,3,,,,,,,,
335,16907740,27 Şubat 2025,27 Şubat 2025,Konut,Kiralık,Daire,60 m²,65 m²,2+1,5-10,Bahçe Katı,3,Yerden Isıtma,Boş,Eşyalı,Kat Mülkiyeti,Hayır,,1,Genel Fiyat,14.000TL, Pamukkale - Zeytinköy Mahallesi,https://www.emlakjet.com//ilan/goksudanuniversite-yakin-lux-apart-daire-16907740/,,,Var,,,3702,3,,,,,,,,
336,16903948,26 Şubat 2025,28 Mart 2025,Konut,Kiralık,Daire,60 m²,65 m²,2+1,4,3.Kat,4,Kombi Doğalgaz,Boş,Eşyalı,Kat Mülkiyeti,Hayır,,1,Genel Fiyat,14.000TL, Pamukkale - Siteler Mahallesi,https://www.emlakjet.com//ilan/ender-uysaldan-kiniklida-kiralik-21-esyali-genis-apart-16903948/,,,,,,1639,12,,İkinci El,Betonarme,1,,,,
337,16901234,26 Şubat 2025,17 Mart 2025,Konut,Kiralık,Daire,40 m²,45 m²,1+1,5-10,3.Kat,5,Kombi Doğalgaz,Boş,,Kat Mülkiyeti,Hayır,,1,Genel Fiyat,8.750TL, Pamukkale - Bağbaşı Mahallesi,https://www.emlakjet.com//ilan/kervansaray-mahallesi-nde-kiralik-11-esyali-apart-16901234/,200 TL,8750 TL,Yok,,Hayır,131,5,,İkinci El,Betonarme,1,,,,
338,16900475,26 Şubat 2025,02 Nisan 2025,Konut,Kiralık,Daire,80 m²,90 m²,2.5+1,3,4.Kat,4,Merkezi (Pay Ölçer),Boş,Boş,Kooperatiften Tapu,Evet,Yok,1,Genel Fiyat,14.000TL, Merkezefendi - Kayalar Mahallesi,https://www.emlakjet.com//ilan/kayakoy-toki-2-etap-ma-blok-4-son-kat-21-85m2-kiralik-daire-16900475/,,,Var,1,Hayır,,,Açık Balkon,İkinci El,,1,6 m²,6 m²,,
339,16899402,25 Şubat 2025,25 Şubat 2025,Konut,Kiralık,Daire,65 m²,75 m²,2+1,5-10,1.Kat,4,Kombi Doğalgaz,Boş,,Kat Mülkiyeti,Hayır,,1,Genel Fiyat,16.000TL, Pamukkale - Mehmetçik Mahallesi,https://www.emlakjet.com//ilan/mehmetcik-te-21-kiralik-apart-16899402/,,,,,,163,11,,,,,,,,
340,16898723,25 Şubat 2025,25 Şubat 2025,Konut,Kiralık,Daire,180 m²,200 m²,4+1,2,5.Kat,5,Kombi Doğalgaz,Boş,Boş,Kat Mülkiyeti,Hayır,Yok,2,Genel Fiyat,39.000TL, Merkezefendi - Yenişafak Mahallesi,https://www.emlakjet.com//ilan/yenisafak-ta-merkezi-konumda-41-sifir-kiralik-daire-16898723/,,,,,,,,,,,,,,,
341,16897582,25 Şubat 2025,25 Şubat 2025,Konut,Kiralık,Daire,139 m²,140 m²,3+1,21 Ve Üzeri,1.Kat,5,Kombi Doğalgaz,Boş,Boş,Kat İrtifakı,Hayır,Yok,1,Genel Fiyat,15.000TL, Pamukkale - Kınıklı Mahallesi,https://www.emlakjet.com//ilan/camlik-ozkaymak-dondurma-fatih-camii-yakini-31-kombili-16897582/,,,,,,,,,,,,,,,
342,16896140,25 Şubat 2025,25 Şubat 2025,Konut,Kiralık,Daire,50 m²,55 m²,1+1,3,2.Kat,3,Kombi Doğalgaz,Boş,,Kat Mülkiyeti,Hayır,,1,Genel Fiyat,8.500TL, Pamukkale - Topraklık Mahallesi,https://www.emlakjet.com//ilan/dur-al-gayrimenkulden-kayalikta-kiralik-daire-16896140/,,,,,,3614,1,,,,,,,,
343,16895259,25 Şubat 2025,25 Şubat 2025,Konut,Kiralık,Daire,130 m²,140 m²,3+1,16-20,1.Kat,2,Kombi Doğalgaz,Boş,Boş,Kat Mülkiyeti,Hayır,Yok,1,Genel Fiyat,17.000TL, Pamukkale - Siteler Mahallesi,https://www.emlakjet.com//ilan/kiniklida-ulus-caddesine-cok-yakin-31-130m-arakat-kiralik-konut-16895259/,,,,,,,,,,,,,,,
344,16894884,25 Şubat 2025,25 Şubat 2025,Konut,Kiralık,Daire,100 m²,110 m²,2+1,16-20,3.Kat,3,Kombi Doğalgaz,Boş,Boş,Kat Mülkiyeti,Hayır,Yok,1,Genel Fiyat,11.000TL, Pamukkale - Kuşpınar Mahallesi,https://www.emlakjet.com//ilan/infora-gayrimenkul-den-kuspinar-mahallesinde-kiralik-21-daire-16894884/,,,,,,,,,,,,,,,
345,16893997,24 Şubat 2025,24 Şubat 2025,Konut,Kiralık,Daire,70 m²,85 m²,2+1,0 (Yeni),Yüksek Giriş,4,Yerden Isıtma,Boş,,Müstakil Tapulu,Hayır,,1,Genel Fiyat,15.000TL, Merkezefendi - Akkonak Mahallesi,https://www.emlakjet.com//ilan/lobby-fortis-ten-akkonak-ta-21-esyali-kiralik-apart-16893997/,,,,,,4260,6,,,,,,,,
346,16893953,24 Şubat 2025,26 Şubat 2025,Konut,Kiralık,Daire,55 m²,60 m²,2+1,5-10,1.Kat,4,Yerden Isıtma,Boş,Eşyalı,Müstakil Tapulu,Hayır,Yok,1,Genel Fiyat,17.000TL, Pamukkale - İncilipınar Mahallesi,https://www.emlakjet.com//ilan/denizli-forum-camlik-a-2-dakika-kiralik-21-sifir-esyali-apart-16893953/,,,Var,1,Hayır,2931,7,,İkinci El,Betonarme,1,,,,
347,16893467,24 Şubat 2025,27 Mart 2025,Konut,Kiralık,Daire,60 m²,65 m²,2+1,5-10,5.Kat,7,Merkezi Doğalgaz,Boş,Eşyalı,Kat İrtifakı,Evet,Yok,2,Genel Fiyat,12.000TL, Pamukkale - Zeytinköy Mahallesi,https://www.emlakjet.com//ilan/winox-gayrimenkulden-zeytinkoy-de-21-kiralik-daire-16893467/,,,,,,160,2,,,,,,,,
348,16892919,24 Şubat 2025,26 Mart 2025,Konut,Kiralık,Daire,163 m²,196 m²,3+1,11-15,2.Kat,3,Kombi Doğalgaz,Boş,Boş,Kat Mülkiyeti,Hayır,,1,Genel Fiyat,27.500TL, Pamukkale - Siteler Mahallesi,https://www.emlakjet.com//ilan/bursa-caddesi-ne-50-m-genis-31-ara-kat-daire-16892919/,,27500 TL,Var,2,Evet,1630,12,Açık Balkon,,Betonarme,1,,,,
349,16892512,24 Şubat 2025,24 Şubat 2025,Konut,Kiralık,Daire,125 m²,135 m²,3+1,21 Ve Üzeri,2.Kat,3,Kombi Doğalgaz,Boş,,Kat Mülkiyeti,Hayır,,1,Genel Fiyat,16.000TL, Pamukkale - Mehmetçik Mahallesi,https://www.emlakjet.com//ilan/eskidjiden-foruma-cok-yakin-kiralik-31-daire-firsati-16892512/,,,,,,188,12,,,,,,,,
350,16891762,24 Şubat 2025,24 Şubat 2025,Konut,Kiralık,Daire,45 m²,50 m²,1+1,5-10,1.Kat,4,Kombi Doğalgaz,Boş,,Tapu Kaydı Yok,Hayır,,1,Genel Fiyat,10.000TL, Pamukkale - 15 Mayıs Mahallesi,https://www.emlakjet.com//ilan/kiralik-11-apart-16891762/,,,Yok,,,,,,,,,,,,
351,16888672,24 Şubat 2025,24 Şubat 2025,Konut,Kiralık,Daire,45 m²,50 m²,1+1,5-10,1.Kat,4,Kombi Doğalgaz,Boş,Eşyalı,Kat Mülkiyeti,Hayır,Yok,1,Genel Fiyat,10.000TL, Merkezefendi - Sırakapılar Mahallesi,https://www.emlakjet.com//ilan/sirakapilar-mahallesinde-kiralik-apart-16888672/,,,,,,,,,,,,,,,
352,16887819,23 Şubat 2025,23 Şubat 2025,Konut,Kiralık,Daire,170 m²,180 m²,3+1,5-10,2.Kat,4,Kombi Doğalgaz,Boş,,Kat Mülkiyeti,Hayır,,2,Genel Fiyat,25.000TL, Pamukkale - Zeytinköy Mahallesi,https://www.emlakjet.com//ilan/kiralik-denizli-zeytinkoy-adli-tip-kurumu-yani-31-asansorlu-garajli-daire-16887819/,,,,,,155,23,,,,,,,,
353,16887468,23 Şubat 2025,24 Şubat 2025,Konut,Kiralık,Residence,125 m²,140 m²,2+1,5-10,2.Kat,2,Merkezi Doğalgaz,Boş,Eşyalı,Kat Mülkiyeti,Hayır,Yok,1,Genel Fiyat,25.000TL, Pamukkale - 15 Mayıs Mahallesi,https://www.emlakjet.com//ilan/office-peradan-cinarda-ultra-lux-kiralik-genis-21-dubleks-apart-16887468/,,,,,,,,,,,,,,,
354,16887465,23 Şubat 2025,24 Şubat 2025,Konut,Kiralık,Daire,80 m²,90 m²,1+1,5-10,1.Kat,2,Merkezi Doğalgaz,Boş,Eşyalı,Kat Mülkiyeti,Hayır,Yok,1,Genel Fiyat,15.000TL, Pamukkale - 15 Mayıs Mahallesi,https://www.emlakjet.com//ilan/office-peradan-cinarda-ultra-lux-genis-kiralik-11-apart-16887465/,,,,,,,,,,,,,,,
355,16887299,23 Şubat 2025,11 Mart 2025,Konut,Kiralık,Daire,90 m²,100 m²,2+1,5-10,3.Kat,3,Kombi Doğalgaz,Boş,Boş,Kat Mülkiyeti,Hayır,Yok,1,Genel Fiyat,11.000TL, Merkezefendi - Karaman Mahallesi,https://www.emlakjet.com//ilan/sehrin-merkezinde-21-amerikan-mutfakli-aile-binasinda-kiralik-16887299/,,,,,,5607,8,,,,,,,,
356,16886573,23 Şubat 2025,23 Şubat 2025,Konut,Kiralık,Daire,50 m²,55 m²,1+1,5-10,3.Kat,4,Kombi Doğalgaz,Boş,Eşyalı,Kat Mülkiyeti,Hayır,Yok,1,Genel Fiyat,16.000TL, Pamukkale - İncilipınar Mahallesi,https://www.emlakjet.com//ilan/forum-camlik-avm-yani-depozitosuz-kiralik-21-esyali-daire-16886573/,,,,,,,,,,,,,,,
357,16886569,23 Şubat 2025,23 Şubat 2025,Konut,Kiralık,Daire,60 m²,65 m²,2.5+1,5-10,1.Kat,4,Kombi Doğalgaz,Boş,Boş,Kat Mülkiyeti,Hayır,Yok,1,Genel Fiyat,17.500TL, Pamukkale - Kınıklı Mahallesi,https://www.emlakjet.com//ilan/camlik-ta-kiralik-luks-21-klimali-balkonlu-esyasiz-daire-16886569/,,,,,,,,,,,,,,,
358,16885487,23 Şubat 2025,28 Şubat 2025,Konut,Kiralık,Daire,47 m²,50 m²,2+1,0 (Yeni),Yüksek Giriş,4,Yerden Isıtma,Boş,Boş,Kat Mülkiyeti,Hayır,Yok,1,Genel Fiyat,17.000TL, Merkezefendi - Karahasanlı Mahallesi,https://www.emlakjet.com//ilan/max-real-den-bolge-hastanesi-yakini-21-kiralik-daire-16885487/,,,,,,,,,,,,,,,
359,16884359,23 Şubat 2025,24 Şubat 2025,Konut,Kiralık,Daire,50 m²,65 m²,1+1,4,3.Kat,3,Kombi Doğalgaz,Boş,Eşyalı,Kat Mülkiyeti,Hayır,Yok,1,Genel Fiyat,11.000TL, Pamukkale - Siteler Mahallesi,https://www.emlakjet.com//ilan/forum-a-cok-yakin-11-genis-apart-16884359/,,,,,,,,,,,,,,,
360,16882964,23 Şubat 2025,24 Şubat 2025,Konut,Kiralık,Daire,55 m²,65 m²,2+1,5-10,2.Kat,4,Kombi Doğalgaz,Boş,Eşyalı,Kat İrtifakı,Hayır,Yok,1,Genel Fiyat,18.000TL, Pamukkale - Kınıklı Mahallesi,https://www.emlakjet.com//ilan/kinikli-da-kiralik-21-esyali-lux-daire-16882964/,,,,,,,,,,,,,,,
361,16882763,23 Şubat 2025,24 Şubat 2025,Konut,Kiralık,Daire,55 m²,65 m²,1+1,5-10,3.Kat,5,Kombi Doğalgaz,Boş,Boş,Müstakil Tapulu,Hayır,Yok,1,Genel Fiyat,12.000TL, Pamukkale - Kınıklı Mahallesi,https://www.emlakjet.com//ilan/soyturk-den-kiniklida-balkonlu-arakat-11-65-m2-5-yillik-bina-16882763/,,,,,,,,,,,,,,,
362,16882667,23 Şubat 2025,02 Mart 2025,Konut,Kiralık,Daire,110 m²,125 m²,2+1,16-20,2.Kat,3,Kombi Doğalgaz,Boş,,Kat Mülkiyeti,Hayır,,1,Genel Fiyat,14.000TL, Merkezefendi - Bahçelievler Mahallesi,https://www.emlakjet.com//ilan/eskidjiden-ozel-saglik-hast-yakini-ara-kat-daire-firsati-16882667/,,,,,,5465,7,,,,,,,,
363,16882255,23 Şubat 2025,27 Şubat 2025,Konut,Kiralık,Daire,60 m²,65 m²,1+1,0 (Yeni),2.Kat,3,Yerden Isıtma,Boş,Eşyalı,Kat Mülkiyeti,Hayır,Yok,1,Genel Fiyat,13.000TL, Pamukkale - Atalar Mahallesi,https://www.emlakjet.com//ilan/kibrissehitlerde-lux-arakat-balkonlu-sifir-apartlar-16882255/,,,,,,,,,,,,,,,
364,16881017,23 Şubat 2025,23 Şubat 2025,Konut,Kiralık,Daire,45 m²,48 m²,1+1,5-10,2.Kat,2,Kombi Doğalgaz,Boş,,Kat Mülkiyeti,Hayır,,1,Genel Fiyat,8.000TL, Pamukkale - Kınıklı Mahallesi,https://www.emlakjet.com//ilan/kiralik-denizli-kampuste-kyk-yurtlari-karsisi-11-esyali-apart-16881017/,,,,,,4875,8,,,,,,,,
365,16880459,23 Şubat 2025,26 Şubat 2025,Konut,Kiralık,Daire,43 m²,47 m²,1+1,1,Çatı Katı,3,Yerden Isıtma,Boş,Eşyalı,Kat Mülkiyeti,Hayır,,1,Birim Fiyat,11.500TL, Pamukkale - Cumhuriyet Mahallesi,https://www.emlakjet.com//ilan/kiralik-sifir-esyali-11-apart-balkon-klima-bulasik-makinasi-16880459/,50 TL,12000 TL,Var,,Hayır,6091,1,,Sıfır,Betonarme,,,,,
366,16880028,23 Şubat 2025,23 Şubat 2025,Konut,Kiralık,Daire,60 m²,65 m²,2+1,5-10,Düz Giriş (Zemin),3,Kombi Doğalgaz,Boş,Eşyalı,Kat İrtifakı,Hayır,Yok,1,Genel Fiyat,12.000TL, Merkezefendi - Değirmenönü Mahallesi,https://www.emlakjet.com//ilan/degirmenonu-nde-cinar-meydani-yakini-60-m-2oda-1-mutfak-esyali-16880028/,,,,,,,,,,,,,,,
367,16878705,22 Şubat 2025,22 Şubat 2025,Konut,Kiralık,Daire,125 m²,145 m²,3+1,11-15,2.Kat,3,Kombi Doğalgaz,Boş,,Kat Mülkiyeti,Hayır,,1,Genel Fiyat,27.000TL, Pamukkale - Mehmetçik Mahallesi,https://www.emlakjet.com//ilan/eskidjiden-forum-yakini-ara-kat-kiralik-31-luks-daire-16878705/,,,,,,2954,21,,,,,,,,
368,16878383,22 Şubat 2025,28 Mart 2025,Konut,Kiralık,Daire,65 m²,68 m²,2+1,5-10,2.Kat,4,Yerden Isıtma,Boş,,Kat Mülkiyeti,Hayır,,1,Genel Fiyat,17.500TL, Pamukkale - Kuşpınar Mahallesi,https://www.emlakjet.com//ilan/ender-uysaldan-21-kiralik-lux-esyali-daire-16878383/,,,,,,2931,7,,,,,,,,
369,16875204,22 Şubat 2025,28 Mart 2025,Konut,Kiralık,Daire,40 m²,45 m²,1+1,5-10,2.Kat,4,Kombi Doğalgaz,Boş,,Kat Mülkiyeti,Hayır,,1,Genel Fiyat,7.000TL, Pamukkale - Asmalıevler Mahallesi,https://www.emlakjet.com//ilan/ender-uysal-gayrimenkulden-asmalievlerde-11-uygun-apart-16875204/,,,,,,3864,20,,,,,,,,
370,16874489,22 Şubat 2025,22 Şubat 2025,Konut,Kiralık,Daire,150 m²,165 m²,3+1,11-15,4.Kat,5,Kombi Doğalgaz,Boş,Boş,Kat Mülkiyeti,Hayır,Yok,1,Genel Fiyat,22.000TL, Merkezefendi - Yenişafak Mahallesi,https://www.emlakjet.com//ilan/world-capital-den-yenisafak-ta-genis-31-daire-park-cepheli-16874489/,,,,,,,,,,,,,,,
371,16874275,22 Şubat 2025,28 Şubat 2025,Konut,Kiralık,Daire,30 m²,40 m²,1+1,2,1.Kat,2,Yerden Isıtma,Boş,Eşyalı,Kat Mülkiyeti,Hayır,Yok,1,Genel Fiyat,12.000TL, Pamukkale - Siteler Mahallesi,https://www.emlakjet.com//ilan/forum-camlik-ve-kampus-yurume-mesafesi-sifir-esyali-arakat-11-16874275/,,,,,,,,,,,,,,,
372,16873929,21 Şubat 2025,22 Şubat 2025,Konut,Kiralık,Daire,55 m²,60 m²,2+1,4,3.Kat,5,Kombi Doğalgaz,Boş,Eşyalı,Kat Mülkiyeti,Hayır,Yok,1,Genel Fiyat,13.000TL, Pamukkale - Zeytinköy Mahallesi,https://www.emlakjet.com//ilan/kinikli-mahal-kafe-yakini-21-16873929/,,,,,,,,,,,,,,,
373,16873738,21 Şubat 2025,22 Şubat 2025,Konut,Kiralık,Daire,130 m²,140 m²,3+1,5-10,7.Kat,9,Merkezi Doğalgaz,Boş,,Kat Mülkiyeti,Hayır,,2,Genel Fiyat,27.000TL, Merkezefendi - Gültepe Mahallesi,https://www.emlakjet.com//ilan/albayrak-meydanina-5-dakika-site-icinde-havuzlu-ara-kat-ebeveyn-banyolu-31-daire-16873738/,,,Var,2,,569,6,Açık Balkon,,,3,5 m²,10 m²,,
374,16873508,21 Şubat 2025,03 Nisan 2025,Konut,Kiralık,Daire,45 m²,50 m²,1+1,5-10,2.Kat,3,Kombi Doğalgaz,Boş,Eşyalı,Kat İrtifakı,Hayır,Yok,1,Genel Fiyat,8.000TL, Pamukkale - İstiklal Mahallesi,https://www.emlakjet.com//ilan/forum-camliga-yurume-mesafesinde-50m-11-esyali-kiralik-apart-16873508/,,,Var,1,Hayır,4584,8,,İkinci El,Betonarme,1,,,,
375,16872365,21 Şubat 2025,21 Şubat 2025,Konut,Kiralık,Daire,127 m²,130 m²,3+1,21 Ve Üzeri,7.Kat,7,Kombi Doğalgaz,Boş,Eşyalı,Kat Mülkiyeti,Hayır,,1,Genel Fiyat,15.000TL, Pamukkale - 15 Mayıs Mahallesi,https://www.emlakjet.com//ilan/acil-kiralik-daire-16872365/,250 TL,15000 TL,Var,2,Hayır,261,16,Kapalı Balkon,,,1,20 m²,6 m²,25 m²,
376,16872231,21 Şubat 2025,02 Nisan 2025,Konut,Kiralık,Daire,80 m²,100 m²,2+1,21 Ve Üzeri,Çatı Katı,5,Kombi Doğalgaz,Boş,Eşyalı,Tapu Kaydı Yok,Hayır,,1,Genel Fiyat,10.000TL, Pamukkale - Mehmetçik Mahallesi,https://www.emlakjet.com//ilan/mehmetcik-mah-kiris-sehitleri-cad-nde-21teras-100m2-dogalgaz-kombi-asansorlu-cati-kat-16872231/,550 TL,,Var,,,,,,,,1,,,,
377,16871864,21 Şubat 2025,21 Şubat 2025,Konut,Kiralık,Daire,100 m²,130 m²,2+1,16-20,Kot 3 (-3).Kat,3,Kombi Doğalgaz,Boş,,Kat Mülkiyeti,Hayır,,1,Genel Fiyat,21.000TL, Pamukkale - Kınıklı Mahallesi,https://www.emlakjet.com//ilan/kaan-emlaktan-kiniklida-lux-21-kiralik-daire-16871864/,,,,,,2324,4,,,,,,,,
378,16869093,21 Şubat 2025,22 Şubat 2025,Konut,Kiralık,Daire,200 m²,220 m²,3+1,21 Ve Üzeri,3.Kat,7,Kombi Doğalgaz,Boş,Boş,Kat Mülkiyeti,Hayır,Yok,1,Genel Fiyat,20.000TL, Merkezefendi - Altıntop Mahallesi,https://www.emlakjet.com//ilan/turyap-tan-kiralik-cinarda-31-daire-16869093/,,,,,,,,,,,,,,,
379,16868969,21 Şubat 2025,21 Şubat 2025,Konut,Kiralık,Daire,45 m²,55 m²,1+1,5-10,2.Kat,3,Merkezi Doğalgaz,Boş,Eşyalı,Kat Mülkiyeti,Hayır,Yok,1,Genel Fiyat,14.000TL, Pamukkale - Zeytinköy Mahallesi,https://www.emlakjet.com//ilan/universiteye-yurume-mesafesinde-11-isinma-su-internet-dahil-16868969/,,,,,,,,,,,,,,,
380,16868614,21 Şubat 2025,27 Şubat 2025,Konut,Kiralık,Daire,48 m²,55 m²,1+1,5-10,1.Kat,4,Yerden Isıtma,Boş,Eşyalı,Kat Mülkiyeti,Hayır,Yok,1,Genel Fiyat,12.500TL, Pamukkale - Asmalıevler Mahallesi,https://www.emlakjet.com//ilan/pau-hastanesi-nin-karsisinda-arakat-full-esyali-11-apartlar-16868614/,,,,,,,,,,,,,,,
381,16867570,20 Şubat 2025,20 Şubat 2025,Konut,Kiralık,Daire,45 m²,50 m²,1+1,4,1.Kat,3,Kombi Doğalgaz,Boş,Eşyalı,Tapu Kaydı Yok,Hayır,,1,Genel Fiyat,12.000TL, Pamukkale - 15 Mayıs Mahallesi,https://www.emlakjet.com//ilan/cinar-da-11-kiralik-apart-16867570/,,4000 TL,Var,1,,,,Açık Balkon,,,,,,,
382,16862133,20 Şubat 2025,04 Nisan 2025,Konut,Kiralık,Daire,45 m²,50 m²,1+1,5-10,1.Kat,4,Yerden Isıtma,Boş,,Tapu Kaydı Yok,Hayır,,1,Genel Fiyat,8.000TL, Pamukkale - Yunusemre Mahallesi,https://www.emlakjet.com//ilan/kz-grup-tan-kiniklida-dogalgaz-dahil-11-arakat-kiralik-apart-16862133/,,,,,,,,,,,,,,,
383,16862018,20 Şubat 2025,04 Nisan 2025,Konut,Kiralık,Daire,40 m²,45 m²,Stüdyo,5-10,Bahçe Katı,3,Yerden Isıtma,Boş,,Tapu Kaydı Yok,Hayır,,1,Genel Fiyat,6.500TL, Pamukkale - Yunusemre Mahallesi,https://www.emlakjet.com//ilan/kz-grup-tan-kiniklida-dogalgaz-dahil-10-kiralik-apart-16862018/,,,,,,,,,,,,,,,
384,16861433,20 Şubat 2025,27 Mart 2025,Konut,Kiralık,Daire,140 m²,150 m²,2+1,5-10,4.Kat,4,Kombi Doğalgaz,Boş,Boş,Kat İrtifakı,Hayır,Yok,1,Genel Fiyat,21.000TL, Merkezefendi - Çakmak Mahallesi,https://www.emlakjet.com//ilan/ata-yapi-dan-cakmak-ta-genis-ve-ferah-140m-21-kiralik-daire-16861433/,,,,,,556,10,,,,,,,,
385,16860930,20 Şubat 2025,29 Mart 2025,Konut,Kiralık,Daire,65 m²,85 m²,2+0,11-15,Bahçe Katı,2,Kombi Doğalgaz,Boş,Boş,Kat Mülkiyeti,Hayır,Yok,1,Genel Fiyat,13.000TL, Merkezefendi - Çakmak Mahallesi,https://www.emlakjet.com//ilan/revizyon-gayrimenkul-den-selcukbey-mahallesi-nde-kiralik-daire-16860930/,,13000 TL,,,,,,,,,,,,,
386,16860367,19 Şubat 2025,02 Nisan 2025,Konut,Kiralık,Daire,45 m²,50 m²,1+1,5-10,4.Kat,4,Kombi Doğalgaz,Boş,,Kat Mülkiyeti,Hayır,,1,Genel Fiyat,8.000TL, Merkezefendi - Sırakapılar Mahallesi,https://www.emlakjet.com//ilan/sirakapilarda-cinara-devlet-hastanesine-5-dak-esyali-balkonl-11-16860367/,,,Var,,,141,105,,,,,,,,
387,16857996,19 Şubat 2025,19 Şubat 2025,Konut,Kiralık,Daire,85 m²,100 m²,2+1,0 (Yeni),1.Kat,2,Kombi Doğalgaz,Boş,Boş,Kat Mülkiyeti,Hayır,Yok,1,Genel Fiyat,19.500TL, Merkezefendi - Şemikler Mahallesi,https://www.emlakjet.com//ilan/semikler-de-merkezi-konumda-21-kiralik-sifir-daire-16857996/,,,,,,,,,,,,,,,
388,16857200,19 Şubat 2025,19 Şubat 2025,Konut,Kiralık,Daire,129 m²,130 m²,3+1,21 Ve Üzeri,2.Kat,7,Kombi Doğalgaz,Boş,Boş,Kat İrtifakı,Hayır,Yok,1,Genel Fiyat,10.000TL, Merkezefendi - Altıntop Mahallesi,https://www.emlakjet.com//ilan/caybasi-camii-yaninda-caybasi-cadde-uzeri-kiralik-16857200/,,,,,,,,,,,,,,,
389,16855680,19 Şubat 2025,20 Şubat 2025,Konut,Kiralık,Daire,45 m²,50 m²,1+1,5-10,3.Kat,3,Kombi Doğalgaz,Boş,Eşyalı,Kat İrtifakı,Hayır,Yok,1,Genel Fiyat,9.000TL, Pamukkale - İncilipınar Mahallesi,https://www.emlakjet.com//ilan/incilipinar-mah-3-kat-kombili-11-esyali-apart-daire-16855680/,,,,,,,,,,,,,,,
390,16855530,19 Şubat 2025,19 Mart 2025,Konut,Kiralık,Daire,140 m²,150 m²,4+1,21 Ve Üzeri,2.Kat,6,Merkezi Doğalgaz,Boş,Boş,Kat Mülkiyeti,Hayır,Yok,2,Genel Fiyat,20.000TL, Merkezefendi - Akkonak Mahallesi,https://www.emlakjet.com//ilan/rw-office20-den-akkonak-ta-41-genis-kiralik-daire-16855530/,,,,,,,,,,,,,,,
391,16855528,19 Şubat 2025,19 Mart 2025,Konut,Kiralık,Daire,50 m²,55 m²,1+1,5-10,6.Kat,8,Merkezi Doğalgaz,Boş,Eşyalı,Müstakil Tapulu,Evet,Yok,1,Genel Fiyat,10.000TL, Pamukkale - Zeytinköy Mahallesi,https://www.emlakjet.com//ilan/office20-den-havuzlu-sitede-kiralik-apart-16855528/,,,,,,,,,,,,,,,
392,16855487,19 Şubat 2025,20 Şubat 2025,Konut,Kiralık,Daire,50 m²,55 m²,1+1,11-15,2.Kat,5,Kombi Doğalgaz,Boş,Eşyalı,Kat Mülkiyeti,Hayır,Yok,1,Genel Fiyat,14.000TL, Pamukkale - Yunusemre Mahallesi,https://www.emlakjet.com//ilan/kiniklida-klimali-sifir-esyali-genis-11-apart-16855487/,,,,,,,,,,,,,,,
393,16849425,18 Şubat 2025,28 Şubat 2025,Konut,Kiralık,Daire,50 m²,55 m²,1+1,4,3.Kat,4,Yerden Isıtma,Boş,Eşyalı,Kat Mülkiyeti,Hayır,Yok,1,Genel Fiyat,15.000TL, Pamukkale - 15 Mayıs Mahallesi,https://www.emlakjet.com//ilan/15-mayis-da-ultra-luks-klimali-arakat-asansorlu-kiralik-apart-16849425/,,,,,,,,,,,,,,,
394,16848256,17 Şubat 2025,17 Şubat 2025,Konut,Kiralık,Daire,70 m²,75 m²,1+1,5-10,5.Kat,5,Kombi Doğalgaz,Boş,Eşyalı,Tapu Kaydı Yok,Hayır,,1,Genel Fiyat,7.500TL, Pamukkale - Asmalıevler Mahallesi,https://www.emlakjet.com//ilan/ana-cadde-uzeri-uygun-kiralik-aile-apartmaninda-16848256/,,,Var,1,,,,Açık Teras,Sıfır,Betonarme,1,,,,
395,16844241,17 Şubat 2025,18 Şubat 2025,Konut,Kiralık,Daire,70 m²,75 m²,2+1,5-10,Bodrum Kat,3,Kombi Doğalgaz,Boş,Boş,Kat İrtifakı,Hayır,Yok,1,Genel Fiyat,10.000TL, Merkezefendi - Şemikler Mahallesi,https://www.emlakjet.com//ilan/semikler-nazbayrak-yakini-kiralik-daire-16844241/,,,,,,,,,,,,,,,
396,16844112,17 Şubat 2025,17 Şubat 2025,Konut,Kiralık,Daire,40 m²,45 m²,1+1,0 (Yeni),Yüksek Giriş,2,Kombi Doğalgaz,Boş,Eşyalı,Bilinmiyor,Hayır,Yok,1,Genel Fiyat,12.000TL, Çivril - Yukarı Mahallesi,https://www.emlakjet.com//ilan/civril-hastane-arkasinda-sifir-luks-apart-kiralik-16844112/,,,,,,,,,,Betonarme,,,,,
397,16843337,17 Şubat 2025,17 Şubat 2025,Konut,Kiralık,Daire,130 m²,135 m²,3+1,16-20,1.Kat,4,Sobalı,Boş,Boş,Kat İrtifakı,Hayır,Yok,1,Genel Fiyat,8.500TL, Pamukkale - Fesleğen Mahallesi,https://www.emlakjet.com//ilan/feslegen-de-kibris-sehitleri-caddesi-uzeri-130-m-31-daire-16843337/,,,,,,,,,,,,,,,
398,16843336,17 Şubat 2025,17 Şubat 2025,Konut,Kiralık,Daire,70 m²,80 m²,2+1,11-15,1.Kat,4,Kombi Doğalgaz,Boş,Eşyalı,Kat Mülkiyeti,Hayır,Yok,1,Genel Fiyat,11.000TL, Pamukkale - Fesleğen Mahallesi,https://www.emlakjet.com//ilan/feslegen-mahallesinde-21-80-m-esyali-balkonlu-kiralik-konut-16843336/,,,,,,,,,,,,,,,
399,16843335,17 Şubat 2025,19 Şubat 2025,Konut,Kiralık,Daire,40 m²,50 m²,1+1,5-10,2.Kat,2,Kombi Doğalgaz,Kiracı Oturuyor,Eşyalı,Kat Mülkiyeti,Hayır,Yok,1,Genel Fiyat,11.000TL, Merkezefendi - Sırakapılar Mahallesi,https://www.emlakjet.com//ilan/devlet-hastanesine-yakin-11-50-m-balkonlu-esyali-kiralik-konut-16843335/,,,,,,,,,,,,,,,
400,16843326,17 Şubat 2025,17 Şubat 2025,Konut,Kiralık,Daire,170 m²,180 m²,3+1,11-15,1.Kat,5,Kombi Doğalgaz,Boş,Boş,Kat Mülkiyeti,Hayır,Yok,1,Genel Fiyat,25.500TL, Pamukkale - Kınıklı Mahallesi,https://www.emlakjet.com//ilan/camlik-bordo-gurme-arkasi-170m-31-bireys3balkonlu-arakat-konut-16843326/,,,,,,,,,,,,,,,
401,16842076,16 Şubat 2025,19 Şubat 2025,Konut,Kiralık,Daire,45 m²,60 m²,1+1,5-10,4.Kat,4,Kombi Doğalgaz,Boş,Eşyalı,Kat İrtifakı,Hayır,Yok,1,Genel Fiyat,11.000TL, Pamukkale - Pelitlibağ Mahallesi,https://www.emlakjet.com//ilan/pelitlibag-hurriyet-cadde-dibi-kiralik-11-terasli-luks-apart-16842076/,,,,,,,,,,,,,,,
402,16841910,16 Şubat 2025,21 Mart 2025,Konut,Kiralık,Daire,140 m²,145 m²,3+1,5-10,2.Kat,5,Kombi Doğalgaz,Boş,,Kat İrtifakı,Hayır,Yok,1,Genel Fiyat,21.000TL, Pamukkale - Fesleğen Mahallesi,https://www.emlakjet.com//ilan/denizli-feslegen-mahallesinde-arakat-temiz-yeni-daire-arayanlara-16841910/,,,,,,28,23,,İkinci El,Betonarme,,,,,
403,16840020,16 Şubat 2025,16 Şubat 2025,Konut,Kiralık,Daire,125 m²,130 m²,3+1,16-20,1.Kat,3,Kombi Doğalgaz,Boş,,Bilinmiyor,Hayır,Yok,1,Genel Fiyat,15.000TL, Merkezefendi - Değirmenönü Mahallesi,https://www.emlakjet.com//ilan/degirmenonu-nde-kiralik-31-dogalgazli-daire-16840020/,,,,,,,,,İkinci El,Betonarme,,,,,
404,16839128,16 Şubat 2025,16 Şubat 2025,Konut,Kiralık,Daire,120 m²,142 m²,2+1,21 Ve Üzeri,Yüksek Giriş,4,Kombi Doğalgaz,Boş,,Kat Mülkiyeti,Hayır,,1,Genel Fiyat,16.000TL, Pamukkale - Kınıklı Mahallesi,https://www.emlakjet.com//ilan/aysah-tan-camlik-ta-21-kiralik-daire-16839128/,,,,,,1772,2,,,,,,,,
405,16831302,14 Şubat 2025,13 Mart 2025,Konut,Kiralık,Daire,60 m²,65 m²,1+1,5-10,8.Kat,8,Yerden Isıtma,Boş,Eşyalı,Kat İrtifakı,Hayır,Yok,1,Genel Fiyat,11.000TL, Merkezefendi - Sırakapılar Mahallesi,https://www.emlakjet.com//ilan/devlet-hastanesi-karsisi-11-cati-kati-16831302/,,,,,,,,,,,,,,,
406,16831109,14 Şubat 2025,14 Şubat 2025,Konut,Kiralık,Daire,45 m²,50 m²,1+1,16-20,Bahçe Katı,4,Merkezi Doğalgaz,Boş,,Tapu Kaydı Yok,Hayır,,1,Genel Fiyat,8.000TL, Pamukkale - Kınıklı Mahallesi,https://www.emlakjet.com//ilan/ender-uysal-gayrimenkulde-kampuste-11-bahce-kati-16831109/,,,,,,5438,18,,,,,,,,
407,16830786,14 Şubat 2025,28 Mart 2025,Konut,Kiralık,Daire,60 m²,65 m²,2+1,11-15,1.Kat,3,Merkezi Doğalgaz,Boş,,Kat Mülkiyeti,Hayır,,1,Genel Fiyat,13.000TL, Pamukkale - Zeytinköy Mahallesi,https://www.emlakjet.com//ilan/ender-uysal-gayrimenkulden-kiralik-klimali-balkonlu-21-esyali-apart-16830786/,,,,,,272,3,,,,,,,,
408,16830690,14 Şubat 2025,28 Mart 2025,Konut,Kiralık,Daire,40 m²,45 m²,1+1,5-10,Çatı Katı,3,Kombi Doğalgaz,Boş,,Kat Mülkiyeti,Hayır,,1,Genel Fiyat,7.500TL, Pamukkale - Zeytinköy Mahallesi,https://www.emlakjet.com//ilan/ender-uysal-gayrimenkulden-11-klimali-cati-kati-16830690/,,,,,,272,3,,,,,,,,
409,16829486,14 Şubat 2025,28 Mart 2025,Konut,Kiralık,Daire,48 m²,50 m²,1+1,5-10,3.Kat,4,Kombi Doğalgaz,Boş,,Kat Mülkiyeti,Hayır,,1,Genel Fiyat,14.000TL, Pamukkale - Yunusemre Mahallesi,https://www.emlakjet.com//ilan/ender-uysal-gayrimenkulden-yunusemre-de-11-kiralik-kombili-klimali-daire-16829486/,,,,,,2258,18,,,,,,,,
410,16828308,14 Şubat 2025,14 Şubat 2025,Konut,Kiralık,Daire,80 m²,85 m²,1+1,5-10,18.Kat,29,Merkezi Doğalgaz,Boş,,Kat Mülkiyeti,Hayır,,1,Genel Fiyat,20.000TL, Merkezefendi - Kayalar Mahallesi,https://www.emlakjet.com//ilan/redstone-myra-dan-sinpas-aquacity-de-11-balkonlu-kiralik-daire-16828308/,,,,,,556,10,,,,,,,,
411,16827802,14 Şubat 2025,28 Şubat 2025,Konut,Kiralık,Daire,48 m²,60 m²,1+1,5-10,1.Kat,6,Yerden Isıtma,Boş,Eşyalı,Kat Mülkiyeti,Hayır,Yok,1,Genel Fiyat,12.000TL, Pamukkale - Zeytinköy Mahallesi,https://www.emlakjet.com//ilan/mat-tan-sehir-manzarali-kiralik-kapali-balkonlu-emsalsiz-daire-16827802/,,,,,,,,,,,,,,,
412,16827779,14 Şubat 2025,01 Nisan 2025,Konut,Kiralık,Daire,200 m²,220 m²,3+1,11-15,3.Kat,4,Kombi Doğalgaz,Boş,,Kat Mülkiyeti,Hayır,,1,Genel Fiyat,25.000TL, Pamukkale - Zeytinköy Mahallesi,https://www.emlakjet.com//ilan/kz-gayrimenkulden-zeytinkoyde-31-220m2-arakat-kiralik-genis-daire-16827779/,,,,,,107,7,,,,,,,,
413,16827128,14 Şubat 2025,14 Şubat 2025,Konut,Kiralık,Daire,40 m²,45 m²,1+1,1,1.Kat,2,Kombi Doğalgaz,Boş,,Bilinmiyor,Hayır,,1,Genel Fiyat,14.500TL, Merkezefendi - Çakmak Mahallesi,https://www.emlakjet.com//ilan/kiralik-albayrak-meydani-esyali-ful-esyali-suit-daire-apart-16827128/,,,,,,145,6,,,,,,,,
414,16825630,14 Şubat 2025,14 Şubat 2025,Konut,Kiralık,Daire,50 m²,60 m²,1+1,5-10,Bahçe Katı,4,Kombi Doğalgaz,Boş,Boş,Kat Mülkiyeti,Hayır,Yok,1,Genel Fiyat,8.000TL, Pamukkale - Zeytinköy Mahallesi,https://www.emlakjet.com//ilan/century-21-net-ten-zeytinkoy-de-genis-kiralik-11-daire-16825630/,,,,,,,,,,,,,,,
415,16823861,13 Şubat 2025,27 Şubat 2025,Konut,Kiralık,Daire,90 m²,160 m²,2+1,4,3.Kat,4,Yerden Isıtma,Boş,Boş,Kat Mülkiyeti,Hayır,Yok,1,Genel Fiyat,18.000TL, Merkezefendi - Gültepe Mahallesi,https://www.emlakjet.com//ilan/havuzlu-guvenli-100-m2terasli-ankastre-setli-otoparkli-21-16823861/,,,,,,,,,,,,,,,
416,16821255,13 Şubat 2025,26 Mart 2025,Konut,Kiralık,Daire,40 m²,55 m²,1+1,0 (Yeni),Yüksek Giriş,3,Yerden Isıtma,Boş,Eşyalı,Kat İrtifakı,Hayır,,1,Genel Fiyat,15.000TL, Pamukkale - Zeytinköy Mahallesi,https://www.emlakjet.com//ilan/dota-dan-zeytinkoyde-sifir-kiralik-balkonlu-lux-esyali-11-apart-16821255/,,,Var,1,,2725,7,Açık Balkon,,,,,6 m²,,
417,16821213,13 Şubat 2025,26 Mart 2025,Konut,Kiralık,Daire,45 m²,55 m²,1+1,5-10,2.Kat,4,Kombi Doğalgaz,Boş,Eşyalı,Kat Mülkiyeti,Hayır,,1,Genel Fiyat,11.000TL, Pamukkale - İstiklal Mahallesi,https://www.emlakjet.com//ilan/istiklal-de-full-esyali-klimali-kiralik-genis-11-arakat-apart-16821213/,,,Yok,,,4548,5,,,,,,,,
418,16820630,13 Şubat 2025,13 Şubat 2025,Konut,Kiralık,Daire,50 m²,60 m²,2+1,5-10,4.Kat,4,Kombi Doğalgaz,Boş,Eşyalı,Kat İrtifakı,Hayır,Yok,1,Genel Fiyat,14.000TL, Pamukkale - Kınıklı Mahallesi,https://www.emlakjet.com//ilan/servergazi-emlak-kinikli-anfi-park-civari-21-esyali-apart-daire-16820630/,,,,,,,,,,,,,,,
419,16820008,13 Şubat 2025,13 Şubat 2025,Konut,Kiralık,Daire,150 m²,165 m²,3+1,0 (Yeni),3.Kat,5,Kombi Doğalgaz,Boş,Boş,Kat İrtifakı,Hayır,Yok,2,Genel Fiyat,13.500TL, Merkezefendi - Şemikler Mahallesi,https://www.emlakjet.com//ilan/redstone-idolden-semiklerde-mustakil-tadinda-31-kiralik-daire-16820008/,,,,,,,,,,,,,,,
420,16818470,12 Şubat 2025,01 Nisan 2025,Konut,Kiralık,Daire,49 m²,50 m²,2+1,5-10,2.Kat,6,Kombi Doğalgaz,Boş,Eşyalı,Tapu Kaydı Yok,Hayır,Yok,1,Genel Fiyat,9.000TL, Merkezefendi - Akkonak Mahallesi,https://www.emlakjet.com//ilan/aile-apartinda-balkonlu-50m2-21-esyali-kiralik-apart-daire-16818470/,,,,,,,,,,,,,,,
421,16817482,12 Şubat 2025,13 Şubat 2025,Konut,Kiralık,Daire,85 m²,90 m²,2+1,3,2.Kat,2,Kombi Doğalgaz,Boş,Boş,Müstakil Tapulu,Hayır,Yok,1,Genel Fiyat,21.000TL, Merkezefendi - Gerzele Mahallesi,https://www.emlakjet.com//ilan/era-fly-dan-gerzele-mahallesinde-kiralik-21-luks-daire-16817482/,,,,,,,,,,,,,,,
422,16817135,12 Şubat 2025,12 Şubat 2025,Konut,Kiralık,Daire,135 m²,145 m²,3+1,5-10,4.Kat,9,Kombi Doğalgaz,Boş,,Bilinmiyor,Hayır,Yok,2,Genel Fiyat,25.500TL, Merkezefendi - Gültepe Mahallesi,https://www.emlakjet.com//ilan/tercih-ten-cinkaya-petrol-albayrak-16817135/,1000 TL,,,,,,,,İkinci El,Betonarme,,,,,
423,16816814,12 Şubat 2025,12 Şubat 2025,Konut,Kiralık,Daire,160 m²,165 m²,3+1,5-10,3.Kat,5,Kombi Doğalgaz,Boş,,Hisseli Tapu,Hayır,,1,Genel Fiyat,20.000TL, Merkezefendi - Selçuk Bey Mahallesi,https://www.emlakjet.com//ilan/selcukbeyde-kiralik-daire-16816814/,300 TL,20000 TL,Var,,,201,24,,,,,,,,
424,16814662,12 Şubat 2025,04 Nisan 2025,Konut,Kiralık,Daire,50 m²,55 m²,1+1,5-10,4.Kat,5,Merkezi Doğalgaz,Boş,,Kat Mülkiyeti,Hayır,,1,Genel Fiyat,11.000TL, Pamukkale - Zeytinköy Mahallesi,https://www.emlakjet.com//ilan/kz-gruptan-zeytinkoyde-11-55m2-arakat-balkonlu-klimali-kiralik-esyali-apart-16814662/,,,,,,160,2,,,,,,,,
425,16813127,11 Şubat 2025,20 Mart 2025,Konut,Kiralık,Daire,50 m²,65 m²,1+1,2,2.Kat,2,Kombi Doğalgaz,Boş,Eşyalı,Kat İrtifakı,Hayır,Yok,1,Genel Fiyat,18.500TL, Merkezefendi - Şirinköy Mahallesi,https://www.emlakjet.com//ilan/kaan-emlak-bereketler-subesinden-sirinkoyde-luks-apart-16813127/,,,,,,5477,27,,,,,,,,
426,16812023,11 Şubat 2025,11 Şubat 2025,Konut,Kiralık,Daire,85 m²,95 m²,2+1,5-10,1.Kat,4,Yerden Isıtma,Boş,Eşyalı,Müstakil Tapulu,Hayır,,1,Birim Fiyat,10.000TL, Merkezefendi - Karaman Mahallesi,https://www.emlakjet.com//ilan/kiralik-apart-16812023/,0 TL,0 TL,,,,4268,2,,İkinci El,,1,,,,
427,16811962,11 Şubat 2025,11 Şubat 2025,Konut,Kiralık,Daire,140 m²,160 m²,3+1,21 Ve Üzeri,3.Kat,4,Kombi Doğalgaz,Kiracı Oturuyor,,Kat İrtifakı,Hayır,,1,Genel Fiyat,19.000TL, Pamukkale - Kuşpınar Mahallesi,https://www.emlakjet.com//ilan/eskidjiden-k-sehitler-cadde-cepheli-kiralik-31-daire-16811962/,,,,,,67,10,,,,,,,,
428,16809574,11 Şubat 2025,03 Nisan 2025,Konut,Kiralık,Daire,43 m²,45 m²,1+1,4,2.Kat,4,Kombi Doğalgaz,Boş,Eşyalı,Kat İrtifakı,Hayır,Yok,1,Genel Fiyat,12.000TL, Pamukkale - Mehmetçik Mahallesi,https://www.emlakjet.com//ilan/mehmetcik-te-arakat-balkonlu-on-cephe-klimali-11-kiralik-apart-16809574/,,,Var,1,Evet,174,5,Açık Balkon,İkinci El,Betonarme,1,,,,
429,16808516,11 Şubat 2025,11 Şubat 2025,Konut,Kiralık,Daire,100 m²,115 m²,2+1,0 (Yeni),2.Kat,5,Yerden Isıtma,Boş,Boş,Kat Mülkiyeti,Hayır,Yok,1,Genel Fiyat,25.000TL, Merkezefendi - Yenişafak Mahallesi,https://www.emlakjet.com//ilan/saygin-dan-yenisafak-mah-kiralik-sifir-daire-onu-acik-16808516/,,,,,,,,,,,,,,,
430,16804184,10 Şubat 2025,11 Mart 2025,Konut,Kiralık,Daire,60 m²,65 m²,2.5+1,16-20,2.Kat,5,Kombi Doğalgaz,Boş,Eşyalı,Kat İrtifakı,Hayır,Yok,1,Genel Fiyat,15.000TL, Merkezefendi - Saraylar Mahallesi,https://www.emlakjet.com//ilan/depzitosuz-cinar-polis-karakolu-yani-sifir-esyali-ara-kat-luks-apart-16804184/,,,Var,,Evet,1413,141,,İkinci El,Betonarme,1,,,,
431,16803165,10 Şubat 2025,21 Şubat 2025,Konut,Kiralık,Daire,50 m²,55 m²,1+1,5-10,6.Kat,9,Merkezi Doğalgaz,Boş,,Kat Mülkiyeti,Evet,,1,Genel Fiyat,8.500TL, Pamukkale - Zeytinköy Mahallesi,https://www.emlakjet.com//ilan/zeytinkoyde-havuzlu-sitede-lux-kiralik-apart-16803165/,1500 TL,8500 TL,Yok,,,160,2,,,,,,,,
432,16797380,08 Şubat 2025,08 Şubat 2025,Konut,Kiralık,Daire,130 m²,150 m²,3+1,11-15,3.Kat,3,Kombi Doğalgaz,Boş,,Kat Mülkiyeti,Hayır,,1,Genel Fiyat,15.000TL, Merkezefendi - Değirmenönü Mahallesi,https://www.emlakjet.com//ilan/kaan-emlaktan-sehir-merkezinde-31-kiralik-daire-16797380/,,,,,,3476,10,,,,,,,,
433,16790822,07 Şubat 2025,20 Şubat 2025,Konut,Kiralık,Daire,45 m²,50 m²,1+1,5-10,4.Kat,4,Yerden Isıtma,Boş,Eşyalı,Kat Mülkiyeti,Hayır,,1,Genel Fiyat,10.000TL, Pamukkale - Atalar Mahallesi,https://www.emlakjet.com//ilan/atalar-mevkisinde-abonelikleri-acik-kiralik-apart-16790822/,,10000 TL,Var,1,,2352,12,Açık Teras,,,,,,,
434,16788296,07 Şubat 2025,07 Şubat 2025,Konut,Kiralık,Daire,40 m²,45 m²,1+1,4,1.Kat,2,Yerden Isıtma,Kiracı Oturuyor,,Kat Mülkiyeti,Hayır,,1,Genel Fiyat,10.000TL, Merkezefendi - Muratdede Mahallesi,https://www.emlakjet.com//ilan/devlet-hastanesi-yakini-ara-kat-abonelikler-kiraya-dahil-kiralik-apart-16788296/,,10000 TL,Yok,,,4060,8,,,,,,,,
435,16783463,06 Şubat 2025,03 Nisan 2025,Konut,Kiralık,Daire,50 m²,55 m²,1+1,5-10,5.Kat,8,Kombi Doğalgaz,Boş,Eşyalı,Kat İrtifakı,Hayır,Yok,1,Genel Fiyat,9.500TL, Pamukkale - İstiklal Mahallesi,https://www.emlakjet.com//ilan/dis-hastanesine-yakin-arakat-on-cephe-balkonlu-11-esyali-apart-16783463/,,,Var,2,Evet,199,30,Açık Balkon,İkinci El,Betonarme,1,,,,
436,16773650,04 Şubat 2025,04 Şubat 2025,Konut,Kiralık,Daire,45 m²,55 m²,1+1,1,3.Kat,5,Yerden Isıtma,Boş,,Kat Mülkiyeti,Evet,,1,Genel Fiyat,17.500TL, Merkezefendi - Değirmenönü Mahallesi,https://www.emlakjet.com//ilan/redstone-myra-dan-lot-paradise-11-esyali-balkonlu-kiralik-daire-16773650/,300 TL,,Var,1,,395,2,Açık Balkon,,,,,,,
437,16770366,03 Şubat 2025,26 Mart 2025,Konut,Kiralık,Daire,71 m²,82 m²,2+1,0 (Yeni),1.Kat,3,Yerden Isıtma,Boş,Boş,Kat Mülkiyeti,Hayır,,1,Genel Fiyat,16.000TL, Merkezefendi - Gültepe Mahallesi,https://www.emlakjet.com//ilan/albayrak-meydani-yakini-sifir-21-16770366/,,16000 TL,Var,1,Evet,203,13,Açık Balkon,Sıfır,Betonarme,,,,,
438,16768525,03 Şubat 2025,03 Şubat 2025,Konut,Kiralık,Daire,45 m²,50 m²,1+1,5-10,1.Kat,4,Kombi Doğalgaz,Boş,,Kat Mülkiyeti,Hayır,,1,Genel Fiyat,8.000TL, Pamukkale - İncilipınar Mahallesi,https://www.emlakjet.com//ilan/ender-uysal-gayrimenkulden-incilipinar-da-kiralik-11-lux-esyali-klimali-daire-16768525/,,,,,,2922,10,,,,,,,,
439,16764935,01 Şubat 2025,25 Mart 2025,Konut,Kiralık,Daire,85 m²,95 m²,2+1,4,Yüksek Giriş,3,Kombi Doğalgaz,Boş,Boş,Kat Mülkiyeti,Hayır,,1,Genel Fiyat,11.500TL, Merkezefendi - Karahasanlı Mahallesi,https://www.emlakjet.com//ilan/redstone-myra-dan-karahasanli-da-21-kiralik-daire-16764935/,300 TL,11000 TL,Var,,Evet,428,4,,,,,,,,
440,16764374,01 Şubat 2025,01 Nisan 2025,Konut,Kiralık,Daire,50 m²,55 m²,2+0,11-15,4.Kat,4,Kombi Doğalgaz,Boş,,Kat Mülkiyeti,Hayır,,1,Genel Fiyat,8.000TL, Pamukkale - Asmalıevler Mahallesi,https://www.emlakjet.com//ilan/kz-gayrimenkulden-asmalievlerde-20-55m2-kiralik-esyali-apart-16764374/,,,,,,3865,20,,,,,,,,
441,16762113,01 Şubat 2025,04 Şubat 2025,Konut,Kiralık,Daire,160 m²,165 m²,3+1,16-20,3.Kat,3,Kombi Doğalgaz,Boş,,Kat Mülkiyeti,Hayır,,1,Genel Fiyat,16.000TL, Merkezefendi - Karaman Mahallesi,https://www.emlakjet.com//ilan/karaman-mahallesin-yesilkoy-caddesinde-31-160-m2-arakat-kiralik-daire-16762113/,,,,,,3430,1,,,,,,,,
442,16758342,31 Ocak 2025,04 Nisan 2025,Konut,Kiralık,Daire,105 m²,130 m²,3+1,0 (Yeni),Yüksek Giriş,3,Yerden Isıtma,Boş,Boş,Kat İrtifakı,Hayır,,1,Genel Fiyat,18.000TL, Pamukkale - Hacıkaplanlar Mahallesi,https://www.emlakjet.com//ilan/analitik-yatirimdan-anayola-yakin-kiralik-sifir-luks-31-daire-16758342/,,,Var,1,,307,1,Açık Balkon,Sıfır,Betonarme,2,,,,
443,16757616,31 Ocak 2025,06 Şubat 2025,Konut,Kiralık,Daire,45 m²,47 m²,1+1,5-10,3.Kat,3,Kombi Doğalgaz,Boş,Boş,Kat İrtifakı,Hayır,Yok,1,Genel Fiyat,13.000TL, Pamukkale - Cumhuriyet Mahallesi,https://www.emlakjet.com//ilan/kosehan-gayrimenkul-den-kiralik-11-balkonlu-esyali-apart-16757616/,,,,,,,,,,,,,,,
444,16756960,30 Ocak 2025,10 Mart 2025,Konut,Kiralık,Daire,100 m²,110 m²,2+1,5-10,3.Kat,3,Kombi Doğalgaz,Boş,Boş,Kat Mülkiyeti,Evet,,1,Genel Fiyat,14.000TL, Pamukkale - Pelitlibağ Mahallesi,https://www.emlakjet.com//ilan/pelitlibagda-servis-guzergahinda-esyasiz-kiralik-21-daire-16756960/,,,Var,1,,2702,7,Açık Balkon,,,,,,,
445,16755862,30 Ocak 2025,28 Mart 2025,Konut,Kiralık,Daire,40 m²,45 m²,1+1,5-10,Bahçe Katı,3,Yerden Isıtma,Boş,,Kat Mülkiyeti,Hayır,,1,Genel Fiyat,6.500TL, Pamukkale - Zeytinköy Mahallesi,https://www.emlakjet.com//ilan/kz-gayrimenkulden-zeytinkoyde-11-balkonlu-esyali-kiralik-lux-apart-16755862/,,,,,,271,1,,,,,,,,
446,16752800,30 Ocak 2025,30 Ocak 2025,Konut,Kiralık,Daire,160 m²,180 m²,3+1,11-15,2.Kat,5,Kombi Doğalgaz,Boş,Boş,Kat İrtifakı,Evet,Yok,1,Genel Fiyat,35.000TL, Merkezefendi - Şemikler Mahallesi,https://www.emlakjet.com//ilan/cinkaya-da-site-icinde-170-m2-31-kiralik-daire-16752800/,,,,,,,,,,,,,,,
447,16749114,29 Ocak 2025,03 Nisan 2025,Konut,Kiralık,Daire,170 m²,190 m²,3+1,5-10,2.Kat,5,Kombi Doğalgaz,Boş,,Kat Mülkiyeti,Evet,Var,2,Genel Fiyat,35.000TL, Merkezefendi - Çakmak Mahallesi,https://www.emlakjet.com//ilan/kaan-emlaktan-selcubeyde-evora-civari-luks-daire-16749114/,,,Var,2,Evet,233,18,,İkinci El,Betonarme,2,,,,
448,16744583,28 Ocak 2025,28 Ocak 2025,Konut,Kiralık,Daire,40 m²,50 m²,1+1,4,2.Kat,3,Kombi Doğalgaz,Boş,,Kat Mülkiyeti,Hayır,,1,Genel Fiyat,15.000TL, Pamukkale - Kınıklı Mahallesi,https://www.emlakjet.com//ilan/kinikli-kafeler-bolgesi-kiralik-11-16744583/,0 TL,15000 TL,Var,1,,2875,8,,,,,,,,
449,16743945,28 Ocak 2025,28 Ocak 2025,Konut,Kiralık,Daire,70 m²,71 m²,2+1,5-10,2.Kat,3,Kombi Doğalgaz,Boş,,Arsa Tapulu,Hayır,,1,Genel Fiyat,13.000TL, Pamukkale - Kınıklı Mahallesi,https://www.emlakjet.com//ilan/pau-kyk-karsisi-21-70-m-arakat-fuul-esyali-kiralik-apart-16743945/,200 TL,13000 TL,,,,5444,7,,,,,,,,
450,16742972,27 Ocak 2025,04 Nisan 2025,Konut,Kiralık,Daire,45 m²,50 m²,1+1,5-10,2.Kat,5,Kombi Doğalgaz,Boş,,Kat Mülkiyeti,Hayır,,1,Genel Fiyat,11.000TL, Pamukkale - Zeytinköy Mahallesi,https://www.emlakjet.com//ilan/kz-grup-tan-zeytinkoy-universiteye-yakin-11-kiralik-apart-16742972/,,,,,,160,2,,,,,,,,
451,16742941,27 Ocak 2025,03 Nisan 2025,Konut,Kiralık,Daire,135 m²,150 m²,3+1,11-15,2.Kat,3,Kombi Doğalgaz,Boş,Boş,Kat Mülkiyeti,Hayır,,1,Genel Fiyat,12.000TL, Merkezefendi - Karaman Mahallesi,https://www.emlakjet.com//ilan/kocakaya-gayrimenkulden-firsatlar-sunmaya-devam-ediyoruz-16742941/,,0 TL,Var,1,,3278,1,Açık Balkon,,,,,,,
452,16741985,27 Ocak 2025,19 Mart 2025,Konut,Kiralık,Daire,115 m²,120 m²,2+1,11-15,Bahçe Katı,3,Kombi Doğalgaz,Boş,,Kat Mülkiyeti,Hayır,,1,Genel Fiyat,12.000TL, Merkezefendi - Merkez Efendi Mahallesi,https://www.emlakjet.com//ilan/denipol-hastanesi-karsisinda-kiralik-21-bahce-kati-16741985/,,,,,,3953,3,,,,,,,,
453,16739422,27 Ocak 2025,27 Ocak 2025,Konut,Kiralık,Daire,168 m²,185 m²,3+1,5-10,8.Kat,8,Kombi Doğalgaz,Boş,,Kat Mülkiyeti,Evet,,2,Genel Fiyat,22.000TL, Merkezefendi - Şemikler Mahallesi,https://www.emlakjet.com//ilan/redstone-myra-dan-semikler-uzkent-sitesinde-genis-ferah-bakimli-16739422/,,,,,,567,5,,,,,,,,
454,16739175,26 Ocak 2025,26 Ocak 2025,Konut,Kiralık,Daire,120 m²,130 m²,2+1,21 Ve Üzeri,1.Kat,4,Merkezi (Pay Ölçer),Boş,,Kat Mülkiyeti,Hayır,,1,Genel Fiyat,15.000TL, Pamukkale - Kınıklı Mahallesi,https://www.emlakjet.com//ilan/sahibinden-sakinevler-de-kiralik-daire-16739175/,700 TL,8500 TL,,,,2306,1,,,,,,,,
455,16736965,25 Ocak 2025,25 Ocak 2025,Konut,Kiralık,Daire,120 m²,135 m²,2.5+1,16-20,3.Kat,7,Doğalgaz Sobalı,Boş,Boş,Kat İrtifakı,Evet,Yok,1,Genel Fiyat,13.000TL, Pamukkale - Hacıkaplanlar Mahallesi,https://www.emlakjet.com//ilan/sahibinden-yeni-tadilatli-sadece-aileye-kiraliktir-16736965/,100 TL,,Var,3,Hayır,285,8,Açık Balkon,İkinci El,Betonarme,,5 m²,3 m²,20 m²,
456,16736193,25 Ocak 2025,01 Nisan 2025,Konut,Kiralık,Daire,45 m²,50 m²,1+1,5-10,2.Kat,3,Merkezi Doğalgaz,Boş,,Kat Mülkiyeti,Hayır,,1,Genel Fiyat,7.500TL, Pamukkale - Asmalıevler Mahallesi,https://www.emlakjet.com//ilan/kz-gayrimenkulden-asmalievlerde-11-50m2-arakat-klimali-esyali-kiralik-apart-16736193/,,,,,,5630,5,,,,,,,,
457,16735681,25 Ocak 2025,27 Ocak 2025,Konut,Kiralık,Daire,30 m²,35 m²,Stüdyo,3,Bahçe Katı,3,Kombi Doğalgaz,Boş,Eşyalı,Kat Mülkiyeti,Hayır,Yok,1,Genel Fiyat,9.000TL, Pamukkale - Asmalıevler Mahallesi,https://www.emlakjet.com//ilan/hm-gayrimenkul-den-universiteye-yakin-10-esyali-apart-16735681/,,,,,,,,,,,,,,,
458,16733538,24 Ocak 2025,24 Ocak 2025,Konut,Kiralık,Daire,50 m²,55 m²,1+1,0 (Yeni),2.Kat,3,Kombi Doğalgaz,Boş,Eşyalı,Bilinmiyor,Hayır,Yok,1,Genel Fiyat,11.000TL, Merkezefendi - Bereketler Mahallesi,https://www.emlakjet.com//ilan/bereketler-mahallesinde-50-m2-esyali-kiralik-daire-16733538/,300 TL,,,,,,,,Sıfır,Betonarme,,,,,
459,16733529,24 Ocak 2025,24 Ocak 2025,Konut,Kiralık,Daire,45 m²,50 m²,Stüdyo,5-10,2.Kat,4,Kombi Doğalgaz,Boş,Eşyalı,Bilinmiyor,Hayır,Yok,1,Genel Fiyat,12.000TL, Pamukkale - Kınıklı Mahallesi,https://www.emlakjet.com//ilan/camlik-da-universiteye-yakin-kiralik-esyali-45-m2-11-ve-21-65-m-balkonlu-apart-16733529/,1 TL,,,,,,,,İkinci El,Betonarme,,,,,
460,16733518,24 Ocak 2025,24 Ocak 2025,Konut,Kiralık,Daire,54 m²,65 m²,1+1,5-10,Çatı Katı,6,Kombi Doğalgaz,Boş,Eşyalı,Bilinmiyor,Hayır,Yok,1,Genel Fiyat,13.950TL, Merkezefendi - Sırakapılar Mahallesi,https://www.emlakjet.com//ilan/devlet-hastanesi-yakini-sifir-esyali-kiralik-apart-16733518/,150 TL,,,,,,,,Sıfır,Betonarme,,,,,
461,16733492,24 Ocak 2025,24 Ocak 2025,Konut,Kiralık,Daire,50 m²,55 m²,1+1,5-10,2.Kat,3,Kombi Doğalgaz,Boş,,Kat Mülkiyeti,Hayır,,1,Genel Fiyat,9.000TL, Pamukkale - Asmalıevler Mahallesi,https://www.emlakjet.com//ilan/asmalievlerde-kiralik-lux-apart-depozitosuz-16733492/,,0 TL,Var,,,null,1914,,,,,,,,
462,16732737,24 Ocak 2025,01 Nisan 2025,Konut,Kiralık,Daire,30 m²,35 m²,Stüdyo,5-10,Yüksek Giriş,3,Kombi Doğalgaz,Boş,,Kat Mülkiyeti,Hayır,,1,Genel Fiyat,6.000TL, Pamukkale - Zeytinköy Mahallesi,https://www.emlakjet.com//ilan/kz-gayrimenkulden-zeytinkoyde-10-35m2-kiralik-esyali-apart-16732737/,,,,,,210,17,,,,,,,,
463,16729415,24 Ocak 2025,24 Ocak 2025,Konut,Kiralık,Daire,150 m²,160 m²,3+1,11-15,4.Kat,4,Kombi Doğalgaz,Boş,,Kat Mülkiyeti,Hayır,,1,Genel Fiyat,15.000TL, Sarayköy - Bala Mahallesi,https://www.emlakjet.com//ilan/saraykoy-altin-emlak-tan-kiralik-daire-16729415/,,,,,,156,164,,,,,,,,
464,16724561,23 Ocak 2025,23 Ocak 2025,Konut,Kiralık,Daire,135 m²,140 m²,3+1,5-10,2.Kat,6,Kombi Doğalgaz,Boş,,Kat İrtifakı,Evet,,1,Genel Fiyat,19.000TL, Merkezefendi - Şemikler Mahallesi,https://www.emlakjet.com//ilan/denizli-semikler-mahallesinde-aydem-fen-lisesi-ve-cinkaya-petrol-mevki-kiralik-31-daire-16724561/,,,Var,,,367,2,,,,2,,,,
465,16723897,23 Ocak 2025,23 Ocak 2025,Konut,Kiralık,Daire,138 m²,140 m²,3+1,16-20,5.Kat,5,Kombi Doğalgaz,Boş,,Kat Mülkiyeti,Hayır,,1,Genel Fiyat,14.000TL, Pamukkale - Kuşpınar Mahallesi,https://www.emlakjet.com//ilan/kuspinar-mevkisinde-ici-yenilenmis-kiralik-daire-16723897/,,14000 TL,Var,1,,69,6,Açık Teras,,,,,,,
466,16719678,22 Ocak 2025,04 Nisan 2025,Konut,Kiralık,Daire,45 m²,50 m²,1+1,11-15,Bahçe Katı,3,Kombi Doğalgaz,Boş,,Kat Mülkiyeti,Hayır,,1,Genel Fiyat,8.000TL, Pamukkale - Yunusemre Mahallesi,https://www.emlakjet.com//ilan/kz-grup-tan-kiniklida-universiteye-yakin-11-kiralik-apart-16719678/,,,,,,2874,26,,,,,,,,
467,16717547,22 Ocak 2025,22 Ocak 2025,Konut,Kiralık,Daire,50 m²,55 m²,1+1,5-10,2.Kat,2,Merkezi Doğalgaz,Boş,,Kat Mülkiyeti,Hayır,,2,Genel Fiyat,9.000TL, Pamukkale - Kınıklı Mahallesi,https://www.emlakjet.com//ilan/kampuste-kiralik-11-firsat-apart-depozitosuz-16717547/,,,,,,null,1914,,,,,,,,
468,16714758,21 Ocak 2025,21 Ocak 2025,Konut,Kiralık,Daire,120 m²,125 m²,3+1,21 Ve Üzeri,2.Kat,2,Kombi Doğalgaz,Boş,,Kat İrtifakı,Hayır,,1,Genel Fiyat,12.500TL, Pamukkale - Atalar Mahallesi,https://www.emlakjet.com//ilan/eskidjiden-kibris-sehitler-cad-yakini-kiralik-daire-firsati-16714758/,,,,,,35,10,,,,,,,,
469,16712950,21 Ocak 2025,21 Ocak 2025,Konut,Kiralık,Daire,50 m²,55 m²,1+1,5-10,2.Kat,3,Kombi Doğalgaz,Boş,,Kat Mülkiyeti,Hayır,,1,Genel Fiyat,8.000TL, Pamukkale - Yunusemre Mahallesi,https://www.emlakjet.com//ilan/yunusemrede-kiralik-11-apart-16712950/,0 TL,8000 TL,,,,null,1914,,,,,,,,
470,16711420,21 Ocak 2025,21 Ocak 2025,Konut,Kiralık,Daire,65 m²,75 m²,2+1,5-10,1.Kat,3,Kombi Doğalgaz,Boş,Eşyalı,Kat Mülkiyeti,Hayır,Yok,1,Genel Fiyat,12.000TL, Pamukkale - Mehmetçik Mahallesi,https://www.emlakjet.com//ilan/mehmetcik-mahallesinde-kiralik-21-butik-daire-balkonlu-16711420/,,,,,,,,,,,,,,,
471,16710766,20 Ocak 2025,02 Nisan 2025,Konut,Kiralık,Daire,42 m²,45 m²,1+1,4,2.Kat,4,Kombi Doğalgaz,Boş,,Kat Mülkiyeti,Hayır,,1,Genel Fiyat,10.000TL, Pamukkale - Pelitlibağ Mahallesi,https://www.emlakjet.com//ilan/pelitlibagda-anayola-yakin-arakat-esyali-11-genis-apart-yetistirme-yurduna-yakin-16710766/,,,Yok,,,310,13,,,,,,,,
472,16708624,20 Ocak 2025,01 Nisan 2025,Konut,Kiralık,Daire,45 m²,50 m²,1+1,5-10,1.Kat,3,Kombi Doğalgaz,Boş,,Kat İrtifakı,Hayır,,1,Genel Fiyat,10.000TL, Pamukkale - Asmalıevler Mahallesi,https://www.emlakjet.com//ilan/kz-gayrimenkulden-asmalievlerde-depozitosuz-arakat-klimali-11-50m2-esyali-apart-16708624/,,,,,,3868,13,,,,,,,,
473,16707861,20 Ocak 2025,20 Ocak 2025,Konut,Kiralık,Daire,144 m²,150 m²,3+1,5-10,1.Kat,3,Kombi Doğalgaz,Boş,,Kat Mülkiyeti,Hayır,,2,Genel Fiyat,26.500TL, Pamukkale - Mehmetçik Mahallesi,https://www.emlakjet.com//ilan/mehmetcik-de-150m2-31-kosebasi-oyas-arakat-konut-16707861/,450 TL,26500 TL,Var,2,,179,25,Açık Balkon,,,2,,,,
474,16707688,20 Ocak 2025,17 Şubat 2025,Konut,Kiralık,Daire,110 m²,120 m²,3+1,21 Ve Üzeri,6.Kat,6,Sobalı,Boş,,Kat Mülkiyeti,Hayır,,1,Genel Fiyat,8.000TL, Merkezefendi - Sümer Mahallesi,https://www.emlakjet.com//ilan/sumer-mahallesinde-sobali-kiralik-daireler-16707688/,,,Var,2,,4307,5,,,,,,,,
475,16706649,20 Ocak 2025,20 Ocak 2025,Konut,Kiralık,Daire,45 m²,50 m²,1+1,5-10,Çatı Katı,4,Kombi Doğalgaz,Boş,Eşyalı,Kat Mülkiyeti,Hayır,Yok,1,Genel Fiyat,8.000TL, Pamukkale - Kınıklı Mahallesi,https://www.emlakjet.com//ilan/kinikli-kafeler-bolgesinde-11-cati-kati-apart-16706649/,,,,,,,,,,,,,,,
476,16706648,20 Ocak 2025,20 Ocak 2025,Konut,Kiralık,Daire,45 m²,55 m²,Stüdyo,5-10,1.Kat,4,Yerden Isıtma,Boş,Eşyalı,Kat Mülkiyeti,Hayır,Yok,1,Genel Fiyat,10.000TL, Pamukkale - Kınıklı Mahallesi,https://www.emlakjet.com//ilan/bursa-cad-migros-yakini-arakat-balkonlu-klimali-11-esyali-daire-16706648/,,,,,,,,,,,,,,,
477,16706646,20 Ocak 2025,20 Ocak 2025,Konut,Kiralık,Daire,55 m²,60 m²,2+1,5-10,2.Kat,4,Kombi Doğalgaz,Boş,Eşyalı,Kat Mülkiyeti,Hayır,Yok,1,Genel Fiyat,14.000TL, Pamukkale - Yunusemre Mahallesi,https://www.emlakjet.com//ilan/kinikli-polis-karakolu-yakini-kiralik-21-balkonlu-esyali-apart-16706646/,,,,,,,,,,,,,,,
478,16705279,19 Ocak 2025,20 Ocak 2025,Konut,Kiralık,Daire,150 m²,180 m²,3+1,5-10,4.Kat,4,Kombi Doğalgaz,Boş,Boş,Kat Mülkiyeti,Hayır,Yok,1,Genel Fiyat,18.000TL, Pamukkale - Zeytinköy Mahallesi,https://www.emlakjet.com//ilan/century-21-net-ten-zeytinkoy-de-kiralik-31-genis-daire-16705279/,,,,,,,,,,,,,,,
479,16704750,19 Ocak 2025,20 Ocak 2025,Konut,Kiralık,Daire,120 m²,130 m²,2+1,16-20,Yüksek Giriş,2,Kombi Doğalgaz,Boş,Boş,Kat Mülkiyeti,Hayır,Yok,2,Genel Fiyat,13.000TL, Merkezefendi - Değirmenönü Mahallesi,https://www.emlakjet.com//ilan/twenty-den-cinar-a-yakin-21-kiralik-daire-16704750/,,,,,,,,,,,,,,,
480,16701742,19 Ocak 2025,20 Ocak 2025,Konut,Kiralık,Daire,70 m²,75 m²,2+1,11-15,3.Kat,5,Kombi Doğalgaz,Boş,Eşyalı,Kat Mülkiyeti,Hayır,Yok,1,Genel Fiyat,15.000TL, Pamukkale - Siteler Mahallesi,https://www.emlakjet.com//ilan/forum-avm-ye-1-dakika-21-75-m-full-esyali-arakat-kiralik-konut-16701742/,,,,,,,,,,,,,,,
481,16701737,19 Ocak 2025,20 Ocak 2025,Konut,Kiralık,Daire,60 m²,70 m²,2+1,5-10,5.Kat,5,Kombi Doğalgaz,Kiracı Oturuyor,Eşyalı,Kat İrtifakı,Hayır,Yok,1,Genel Fiyat,15.000TL, Pamukkale - Kınıklı Mahallesi,https://www.emlakjet.com//ilan/universiteye-1-dakika-21-70-m-intelektriksu-dahil-luks-esyali-16701737/,,,,,,,,,,,,,,,
482,16701722,19 Ocak 2025,20 Ocak 2025,Konut,Kiralık,Daire,135 m²,140 m²,3+1,0 (Yeni),Düz Giriş (Zemin),4,Kombi Doğalgaz,Boş,Boş,Kat Mülkiyeti,Hayır,Yok,2,Genel Fiyat,25.000TL, Merkezefendi - Çakmak Mahallesi,https://www.emlakjet.com//ilan/sehzade-gym-den-cakmak-arsen-konutlarinda-kiralik-daire-16701722/,,,,,,,,,,,,,,,
483,16701244,18 Ocak 2025,20 Ocak 2025,Konut,Kiralık,Daire,40 m²,50 m²,1+1,5-10,Yüksek Giriş,3,Kombi Doğalgaz,Boş,Eşyalı,Kat Mülkiyeti,Hayır,Yok,1,Genel Fiyat,8.500TL, Pamukkale - İstiklal Mahallesi,https://www.emlakjet.com//ilan/istiklal-mah-11-esyali-apart-daire-16701244/,,,,,,,,,,,,,,,
484,16700441,18 Ocak 2025,18 Ocak 2025,Konut,Kiralık,Daire,45 m²,55 m²,1+1,4,2.Kat,4,Kombi Doğalgaz,Boş,Eşyalı,Kat Mülkiyeti,Hayır,,1,Genel Fiyat,12.500TL, Merkezefendi - Sırakapılar Mahallesi,https://www.emlakjet.com//ilan/florya-gyo-dan-kiralik-luks-sifir-apart-16700441/,,,Yok,,,3458,7,,,,,,,,
485,16695615,18 Ocak 2025,20 Ocak 2025,Konut,Kiralık,Daire,55 m²,65 m²,1.5+1,4,3.Kat,5,Yerden Isıtma,Boş,Eşyalı,Kat Mülkiyeti,Evet,Yok,1,Genel Fiyat,21.000TL, Pamukkale - Asmalıevler Mahallesi,https://www.emlakjet.com//ilan/mg-premium-dan-site-icinde-60m-1-51-ultra-lux-genis-residance-16695615/,,,,,,,,,,,,,,,
486,16695613,18 Ocak 2025,20 Ocak 2025,Konut,Kiralık,Daire,85 m²,95 m²,2+1,4,2.Kat,5,Merkezi Doğalgaz,Boş,Eşyalı,Kat Mülkiyeti,Hayır,Yok,1,Genel Fiyat,25.000TL, Pamukkale - Fatih Mahallesi,https://www.emlakjet.com//ilan/mg-premium-dan-ev-konforunda-21-95-m2-ultra-lux-rezidans-16695613/,,,,,,,,,,,,,,,
487,16695456,18 Ocak 2025,19 Ocak 2025,Konut,Kiralık,Daire,225 m²,250 m²,4+1,16-20,Yüksek Giriş,4,Kombi Doğalgaz,Boş,Boş,Kat Mülkiyeti,Hayır,Yok,2,Genel Fiyat,25.000TL, Pamukkale - Siteler Mahallesi,https://www.emlakjet.com//ilan/forum-camlik-yakini-genis-ferah-41-daire-16695456/,,,Var,2,Hayır,2928,2,Açık Balkon,İkinci El,Betonarme,3,10 m²,25 m²,40 m²,6 m²
488,16694249,17 Ocak 2025,17 Ocak 2025,Konut,Kiralık,Daire,35 m²,45 m²,1+1,5-10,3.Kat,4,Yerden Isıtma,Boş,Eşyalı,Bilinmiyor,Hayır,Yok,1,Genel Fiyat,10.750TL, Pamukkale - Asmalıevler Mahallesi,https://www.emlakjet.com//ilan/asmalievler-de-event-dugun-salonu-bir-arkasi-ust-gecit-karsisinda-pak-cepheli-arakat-kiraliktir-16694249/,350 TL,,,,,,,,İkinci El,Betonarme,,,,,
489,16692513,17 Ocak 2025,19 Ocak 2025,Konut,Kiralık,Daire,150 m²,170 m²,3+1,16-20,2.Kat,3,Kombi Doğalgaz,Boş,Boş,Kat Mülkiyeti,Hayır,Yok,1,Genel Fiyat,16.000TL, Pamukkale - Siteler Mahallesi,https://www.emlakjet.com//ilan/aky-gayrimenkul-den-siteler-mahallesinde-kiralik-daire-16692513/,,,,,,,,,,,,,,,
490,16690574,17 Ocak 2025,17 Ocak 2025,Konut,Kiralık,Daire,115 m²,125 m²,2+1,11-15,1.Kat,5,Merkezi Doğalgaz,Boş,,Kat Mülkiyeti,Hayır,,1,Genel Fiyat,26.000TL, Pamukkale - Kınıklı Mahallesi,https://www.emlakjet.com//ilan/dur-al-gayrimenkulden-forum-camlik-yani-zeminkat-daire-16690574/,,,,,,1548,3,,,,,,,,
491,16687557,17 Ocak 2025,18 Ocak 2025,Konut,Kiralık,Daire,140 m²,150 m²,3+1,11-15,2.Kat,5,Merkezi (Pay Ölçer),Kiracı Oturuyor,Boş,Kat Mülkiyeti,Evet,Yok,1,Genel Fiyat,18.000TL, Merkezefendi - Mehmet Akif Ersoy Mahallesi,https://www.emlakjet.com//ilan/royalden-tapu-mudurlugune-yakin-31-150-m-aileye-kiralik-konut-16687557/,,,,,,,,,,,,,,,
492,16687492,17 Ocak 2025,18 Ocak 2025,Konut,Kiralık,Daire,150 m²,160 m²,3+1,16-20,3.Kat,4,Kombi Doğalgaz,Boş,Boş,Kat Mülkiyeti,Hayır,Yok,2,Genel Fiyat,27.000TL, Pamukkale - Mehmetçik Mahallesi,https://www.emlakjet.com//ilan/mehmetcik-de-kiralik-luks-daire-16687492/,,,,,,,,,,,,,,,
493,16686327,16 Ocak 2025,19 Şubat 2025,Konut,Kiralık,Daire,130 m²,145 m²,3+1,5-10,3.Kat,5,Yerden Isıtma,Boş,Boş,Kat Mülkiyeti,Evet,Yok,1,Genel Fiyat,25.000TL, Merkezefendi - Çakmak Mahallesi,https://www.emlakjet.com//ilan/yenisafak-mahallesinde-kiralik-ara-kat-bakimli-daire-16686327/,350 TL,25000 TL,Var,1,Hayır,233,22,Açık Balkon,İkinci El,Betonarme,2,,,,
494,16686258,16 Ocak 2025,19 Şubat 2025,Konut,Kiralık,Daire,130 m²,140 m²,2+1,21 Ve Üzeri,1.Kat,3,Kombi Doğalgaz,Boş,Boş,Kat Mülkiyeti,Hayır,Yok,1,Genel Fiyat,16.000TL, Pamukkale - Kınıklı Mahallesi,https://www.emlakjet.com//ilan/camlik-maliyeciler-sitesinde-kiralik-1-kat-masrafsiz-daire-16686258/,,16000 TL,Var,1,Hayır,1772,2,Açık Balkon,İkinci El,Betonarme,2,,,,
495,16681700,16 Ocak 2025,18 Ocak 2025,Konut,Kiralık,Daire,110 m²,115 m²,2+1,11-15,2.Kat,4,Kombi Doğalgaz,Boş,Boş,Kat Mülkiyeti,Hayır,Yok,1,Genel Fiyat,14.500TL, Pamukkale - Kayıhan Mahallesi,https://www.emlakjet.com//ilan/kayihan-mahallesinde-21-115m2-3balkonlu-kiralik-daire-16681700/,,,,,,,,,,,,,,,
496,16680572,15 Ocak 2025,18 Ocak 2025,Konut,Kiralık,Daire,45 m²,50 m²,1+1,4,4.Kat,4,Kombi Doğalgaz,Boş,Eşyalı,Kat İrtifakı,Hayır,Yok,1,Genel Fiyat,10.000TL, Pamukkale - 15 Mayıs Mahallesi,https://www.emlakjet.com//ilan/cinar-meydanina-yakin-konumda-11-esyali-apart-daire-16680572/,,,,,,,,,,,,,,,
497,16680500,15 Ocak 2025,20 Şubat 2025,Konut,Kiralık,Daire,45 m²,50 m²,1+1,4,2.Kat,3,Kombi Doğalgaz,Boş,Eşyalı,Kat Mülkiyeti,Hayır,Yok,1,Genel Fiyat,9.000TL, Pamukkale - 15 Mayıs Mahallesi,https://www.emlakjet.com//ilan/denizli-kayalik-mevki-11-esyali-apartimiz-kiraliktir-16680500/,220 TL,,Yok,,Hayır,1607,3,,İkinci El,Betonarme,1,,,,
498,16679847,15 Ocak 2025,21 Mart 2025,Konut,Kiralık,Daire,90 m²,100 m²,2+1,2,Yüksek Giriş,4,Yerden Isıtma,Boş,Boş,Kat İrtifakı,Hayır,Yok,1,Genel Fiyat,20.000TL, Merkezefendi - Çakmak Mahallesi,https://www.emlakjet.com//ilan/cakmak-saglik-ocagi-yakini-lux-daire-16679847/,0 TL,22000 TL,Var,1,Hayır,411,6,Açık Balkon,Sıfır,Betonarme,2,,,,
499,16678964,15 Ocak 2025,16 Ocak 2025,Konut,Kiralık,Daire,188 m²,215 m²,3+1,5-10,1.Kat,5,Kombi Doğalgaz,Boş,Boş,Kat Mülkiyeti,Evet,Yok,2,Genel Fiyat,36.000TL, Merkezefendi - Selçuk Bey Mahallesi,https://www.emlakjet.com//ilan/kaan-emlaktan-selcukbey-evora-yakininda-ultra-luks-daire-16678964/,,,,,,,,,,,,,,,
500,16678959,15 Ocak 2025,15 Ocak 2025,Konut,Kiralık,Daire,150 m²,165 m²,3+1,16-20,3.Kat,8,Kombi Doğalgaz,Boş,Boş,Kat Mülkiyeti,Hayır,Yok,1,Genel Fiyat,18.000TL, Merkezefendi - Değirmenönü Mahallesi,https://www.emlakjet.com//ilan/kaan-emlaktan-sehir-merkezinda-31-arakat-kiralik-daire-16678959/,,,,,,,,,,,,,,,
501,16678540,15 Ocak 2025,15 Ocak 2025,Konut,Kiralık,Daire,75 m²,82 m²,1+1,5-10,20.Kat,29,Merkezi (Pay Ölçer),Boş,Eşyalı,Kat Mülkiyeti,Hayır,Yok,1,Genel Fiyat,25.000TL, Merkezefendi - Kayalar Mahallesi,https://www.emlakjet.com//ilan/sinaps-aqua-city-de-kiralik-11-balkonlu-daire-16678540/,,,,,,,,,,,,,,,
502,16678285,15 Ocak 2025,21 Mart 2025,Konut,Kiralık,Daire,140 m²,160 m²,3+1,5-10,3.Kat,4,Kombi Doğalgaz,Boş,Boş,Kat Mülkiyeti,Hayır,Yok,2,Genel Fiyat,25.000TL, Merkezefendi - Selçuk Bey Mahallesi,https://www.emlakjet.com//ilan/selcukbeyde-kiralik-lux-31-daire-16678285/,,,,,,,,,,,,,,,
503,16677870,15 Ocak 2025,16 Ocak 2025,Konut,Kiralık,Daire,75 m²,80 m²,2+1,2,2.Kat,2,Kombi Doğalgaz,Boş,Eşyalı,Kat Mülkiyeti,Hayır,Yok,1,Genel Fiyat,20.000TL, Merkezefendi - Selçuk Bey Mahallesi,https://www.emlakjet.com//ilan/albayrak-meydani-kiralik-full-esyali-21-daire-16677870/,,,,,,,,,,,,,,,
504,16677799,15 Ocak 2025,16 Ocak 2025,Konut,Kiralık,Daire,65 m²,80 m²,2+1,16-20,3.Kat,3,Kombi Doğalgaz,Boş,Eşyalı,Kat Mülkiyeti,Hayır,Yok,1,Genel Fiyat,10.000TL, Pamukkale - Asmalıevler Mahallesi,https://www.emlakjet.com//ilan/century-21-net-ten-asmalievler-de-kiralik-genis-21-apart-16677799/,,,,,,,,,,,,,,,
505,16676746,15 Ocak 2025,15 Ocak 2025,Konut,Kiralık,Daire,110 m²,120 m²,2+1,4,2.Kat,3,Kombi Doğalgaz,Kiracı Oturuyor,,Bilinmiyor,Hayır,Yok,1,Genel Fiyat,20.000TL, Merkezefendi - Şemikler Mahallesi,https://www.emlakjet.com//ilan/naz-bayrak-ta-muhtesem-konumda-kiralik-21-daire-16676746/,200 TL,,,,,,,,,,,,,,
506,16676737,15 Ocak 2025,15 Ocak 2025,Konut,Kiralık,Daire,50 m²,55 m²,1+1,0 (Yeni),2.Kat,6,Kombi Doğalgaz,Boş,,Bilinmiyor,Hayır,Yok,1,Genel Fiyat,16.000TL, Merkezefendi - Sırakapılar Mahallesi,https://www.emlakjet.com//ilan/eysu-karaca-dan-devlet-has-karsisi-sifir-esyali-kiralik-apart-16676737/,,,,,,,,,,,,,,,
507,16676735,15 Ocak 2025,15 Ocak 2025,Konut,Kiralık,Daire,110 m²,125 m²,2+1,16-20,2.Kat,2,Sobalı,Boş,,Bilinmiyor,Hayır,Yok,1,Genel Fiyat,8.000TL, Merkezefendi - İlbade Mahallesi,https://www.emlakjet.com//ilan/ilibade-mahallesinde-sobali-kiralik-21-daire-16676735/,,,,,,,,,,,,,,,
508,16676145,15 Ocak 2025,16 Ocak 2025,Konut,Kiralık,Daire,40 m²,45 m²,1+1,4,3.Kat,3,Yerden Isıtma,Boş,Eşyalı,Kat Mülkiyeti,Hayır,Yok,1,Genel Fiyat,9.000TL, Pamukkale - İncilipınar Mahallesi,https://www.emlakjet.com//ilan/aky-gayrimenkul-den-incilipinar-da-kiralik-apart-16676145/,,,,,,,,,,,,,,,
509,16670613,15 Ocak 2025,15 Ocak 2025,Konut,Kiralık,Daire,110 m²,130 m²,2+1,11-15,Yüksek Giriş,3,Kombi Doğalgaz,Boş,Boş,Kat Mülkiyeti,Hayır,Yok,1,Genel Fiyat,15.000TL, Merkezefendi - Karaman Mahallesi,https://www.emlakjet.com//ilan/karaman-da-kiralik-daire-16670613/,,,,,,,,,,,,,,,
510,16670001,15 Ocak 2025,15 Ocak 2025,Konut,Kiralık,Daire,45 m²,60 m²,1+1,5-10,3.Kat,3,Kombi Doğalgaz,Boş,Eşyalı,Kat Mülkiyeti,Hayır,Yok,1,Genel Fiyat,12.000TL, Merkezefendi - Sırakapılar Mahallesi,https://www.emlakjet.com//ilan/golden-city-den-sirakapilar-da-11-apart-16670001/,,,,,,,,,,,,,,,
511,16669957,15 Ocak 2025,15 Ocak 2025,Konut,Kiralık,Daire,105 m²,110 m²,2+1,0 (Yeni),Bahçe Katı,4,Yerden Isıtma,Boş,Boş,Kat Mülkiyeti,Evet,Yok,2,Genel Fiyat,17.000TL, Merkezefendi - Karahasanlı Mahallesi,https://www.emlakjet.com//ilan/erkustan-karahasanli-sehir-hastanesi-yakini-21-kiralik-daire-16669957/,,,,,,,,,,,,,,,
512,16669507,15 Ocak 2025,15 Ocak 2025,Konut,Kiralık,Daire,135 m²,150 m²,3+1,21 Ve Üzeri,1.Kat,3,Kombi Doğalgaz,Boş,Boş,Kat Mülkiyeti,Hayır,Yok,1,Genel Fiyat,16.000TL, Pamukkale - Mehmetçik Mahallesi,https://www.emlakjet.com//ilan/camlik-foruma-cok-yakin-kiralik-daire-16669507/,,,,,,,,,,,,,,,
513,16668634,15 Ocak 2025,17 Ocak 2025,Konut,Kiralık,Daire,38 m²,45 m²,1+1,5-10,Yüksek Giriş,4,Yerden Isıtma,Boş,Eşyalı,Kat Mülkiyeti,Hayır,Yok,1,Genel Fiyat,10.500TL, Merkezefendi - Sırakapılar Mahallesi,https://www.emlakjet.com//ilan/kocabiyik-gayrimenkul-den-eski-milliegitim-arkasi-11-apart-16668634/,,,,,,,,,,,,,,,
514,16668065,15 Ocak 2025,16 Ocak 2025,Konut,Kiralık,Daire,45 m²,55 m²,2+1,0 (Yeni),2.Kat,5,Yerden Isıtma,Boş,Boş,Kat Mülkiyeti,Hayır,Yok,1,Genel Fiyat,20.000TL, Merkezefendi - Karahasanlı Mahallesi,https://www.emlakjet.com//ilan/sehir-hastanesi-karsisi-arakat-21-kiralik-daire-16668065/,,,,,,,,,,,,,,,
515,16667845,14 Ocak 2025,16 Ocak 2025,Konut,Kiralık,Daire,120 m²,130 m²,2+1,4,2.Kat,4,Yerden Isıtma,Boş,Boş,Kat Mülkiyeti,Hayır,Yok,1,Genel Fiyat,22.000TL, Merkezefendi - Karahasanlı Mahallesi,https://www.emlakjet.com//ilan/sehzade-den-karahasanli-mahallesinde-genis-kiralik-21-arakat-16667845/,,,,,,,,,,,,,,,
516,16667805,14 Ocak 2025,15 Ocak 2025,Konut,Kiralık,Daire,150 m²,160 m²,3+1,0 (Yeni),1.Kat,4,Yerden Isıtma,Boş,Boş,Kat Mülkiyeti,Hayır,Yok,2,Genel Fiyat,40.000TL, Merkezefendi - Yenişafak Mahallesi,https://www.emlakjet.com//ilan/kr-yatirim-dan-yenisafak-mah-site-icerisinde-lux-31-daire-16667805/,,,,,,,,,,,,,,,
517,16667797,14 Ocak 2025,15 Ocak 2025,Konut,Kiralık,Daire,200 m²,220 m²,4+1,5-10,1.Kat,5,Yerden Isıtma,Boş,Boş,Kat Mülkiyeti,Hayır,Yok,1,Genel Fiyat,30.000TL, Pamukkale - Bağbaşı Mahallesi,https://www.emlakjet.com//ilan/kr-yatirim-dan-bagbasi-ana-yol-uzeri-41-220m-kiralik-daire-16667797/,,,,,,,,,,,,,,,
518,16667549,14 Ocak 2025,15 Ocak 2025,Konut,Kiralık,Daire,50 m²,55 m²,1+1,4,2.Kat,3,Yerden Isıtma,Boş,Eşyalı,Kat Mülkiyeti,Hayır,Yok,1,Genel Fiyat,11.000TL, Pamukkale - Asmalıevler Mahallesi,https://www.emlakjet.com//ilan/goksu-dan-universite-karsisinda-kiralik-11-arakat-klimali-apart-16667549/,,,,,,,,,,,,,,,
519,16667537,14 Ocak 2025,15 Ocak 2025,Konut,Kiralık,Daire,45 m²,50 m²,1+1,4,2.Kat,3,Kombi Doğalgaz,Boş,Eşyalı,Kat Mülkiyeti,Hayır,Yok,1,Genel Fiyat,10.000TL, Pamukkale - Zeytinköy Mahallesi,https://www.emlakjet.com//ilan/goksudan-universite-yurume-mesafesinde-esyali-apart-16667537/,,,,,,,,,,,,,,,
520,16667500,14 Ocak 2025,17 Ocak 2025,Konut,Kiralık,Daire,125 m²,135 m²,2+1,11-15,2.Kat,4,Kombi Doğalgaz,Boş,Boş,Kat İrtifakı,Hayır,Yok,1,Genel Fiyat,16.500TL, Merkezefendi - Değirmenönü Mahallesi,https://www.emlakjet.com//ilan/degirmenonunde-firsat-21-125-m2-arakat-kiralik-daire-16667500/,,,,,,,,,,,,,,,
521,16667497,14 Ocak 2025,17 Ocak 2025,Konut,Kiralık,Daire,130 m²,135 m²,3+1,21 Ve Üzeri,3.Kat,7,Merkezi Doğalgaz,Boş,Boş,Kat Mülkiyeti,Hayır,Yok,1,Genel Fiyat,15.000TL, Pamukkale - Atalar Mahallesi,https://www.emlakjet.com//ilan/cinar-da-31-arakat-kiralik-daire-15-000-16667497/,,,,,,,,,,,,,,,
522,16667228,14 Ocak 2025,23 Ocak 2025,Konut,Kiralık,Daire,150 m²,155 m²,3+1,21 Ve Üzeri,1.Kat,1,Kombi Doğalgaz,Boş,Boş,Kat Mülkiyeti,Hayır,Yok,1,Genel Fiyat,10.000TL, Merkezefendi - Akkonak Mahallesi,https://www.emlakjet.com//ilan/akkonak-mahallesinde-as-ecza-deposu-arkasi-kiralik-31-daire-16667228/,,,,,,,,,,,,,,,
523,16664049,14 Ocak 2025,16 Ocak 2025,Konut,Kiralık,Daire,125 m²,145 m²,3+1,21 Ve Üzeri,1.Kat,3,Kombi Doğalgaz,Boş,Boş,Kat İrtifakı,Hayır,Yok,1,Genel Fiyat,17.500TL, Pamukkale - İncilipınar Mahallesi,https://www.emlakjet.com//ilan/kaan-gayrimenkul-kiralik-daire-16664049/,,,,,,,,,,,,,,,
524,16664045,14 Ocak 2025,16 Ocak 2025,Konut,Kiralık,Villa,850 m²,900 m²,7+3,1,,3,Kombi Doğalgaz,Boş,Eşyalı,Kat Mülkiyeti,Hayır,Yok,6+,Genel Fiyat,225.000TL, Merkezefendi - Göveçlik Mahallesi,https://www.emlakjet.com//ilan/kaan-emlak-sinpas-subesinden-denizlinin-en-luks-villasi-16664045/,,,,,,,,,,,,,,,
525,16663766,14 Ocak 2025,15 Ocak 2025,Konut,Kiralık,Daire,70 m²,85 m²,2+1,5-10,4.Kat,4,Kombi Doğalgaz,Boş,Eşyalı,Kat Mülkiyeti,Hayır,Yok,1,Genel Fiyat,13.000TL, Pamukkale - Asmalıevler Mahallesi,https://www.emlakjet.com//ilan/dur-al-gayrimenkul-den-asmalevlerde-kiralik-2-oda-1-mutfak-apart-16663766/,,,,,,,,,,,,,,,
526,16662558,14 Ocak 2025,22 Şubat 2025,Konut,Kiralık,Daire,125 m²,135 m²,3+1,1,1.Kat,4,Kombi Doğalgaz,Boş,Boş,Kat Mülkiyeti,Hayır,Yok,1,Genel Fiyat,20.000TL, Pamukkale - Hacıkaplanlar Mahallesi,https://www.emlakjet.com//ilan/hacikaplanlar-da-31-135-m2-1-yillik-daire-16662558/,,,,,,,,,,,,,,,
527,16662556,14 Ocak 2025,22 Şubat 2025,Konut,Kiralık,Daire,130 m²,140 m²,3+1,21 Ve Üzeri,Bahçe Katı,2,Sobalı,Boş,Boş,Kat Mülkiyeti,Hayır,Yok,1,Genel Fiyat,6.000TL, Pamukkale - 15 Mayıs Mahallesi,https://www.emlakjet.com//ilan/15-mayista-31-140-m2-kiralik-yari-bodrum-daire-16662556/,,,,,,,,,,,,,,,
528,16662063,14 Ocak 2025,19 Mart 2025,Konut,Kiralık,Daire,60 m²,65 m²,1+1,11-15,1.Kat,3,Merkezi Doğalgaz,Boş,Eşyalı,Kat Mülkiyeti,Hayır,Yok,1,Genel Fiyat,12.000TL, Pamukkale - Asmalıevler Mahallesi,https://www.emlakjet.com//ilan/asmalievler-mahallesinde-11-kiralik-apart-16662063/,,,,,,,,,,,,,,,
529,16662059,14 Ocak 2025,19 Mart 2025,Konut,Kiralık,Daire,50 m²,55 m²,1+1,0 (Yeni),Bahçe Katı,3,Kombi Doğalgaz,Boş,Eşyalı,Kat Mülkiyeti,Hayır,Yok,1,Genel Fiyat,13.000TL, Pamukkale - Zeytinköy Mahallesi,https://www.emlakjet.com//ilan/ilk-kiracisi-siz-olmak-ister-misiniz-16662059/,,,,,,,,,,,,,,,
530,16662026,14 Ocak 2025,19 Mart 2025,Konut,Kiralık,Daire,50 m²,55 m²,1+1,5-10,1.Kat,3,Merkezi Doğalgaz,Boş,Eşyalı,Kat Mülkiyeti,Hayır,Yok,1,Genel Fiyat,7.500TL, Pamukkale - Zeytinköy Mahallesi,https://www.emlakjet.com//ilan/zeytinkoy-de-11-kiralik-apart-16662026/,,,,,,,,,,,,,,,
531,16662023,14 Ocak 2025,19 Mart 2025,Konut,Kiralık,Daire,45 m²,50 m²,1+1,5-10,Düz Giriş (Zemin),4,Yerden Isıtma,Boş,Eşyalı,Kat İrtifakı,Hayır,Yok,1,Genel Fiyat,11.000TL, Pamukkale - Zeytinköy Mahallesi,https://www.emlakjet.com//ilan/zeytinkoy-de-11kiralik-apart-16662023/,,,,,,,,,,,,,,,
532,16662016,14 Ocak 2025,28 Şubat 2025,Konut,Kiralık,Daire,45 m²,50 m²,1+1,5-10,Düz Giriş (Zemin),4,Yerden Isıtma,Boş,Eşyalı,Kat İrtifakı,Hayır,Yok,1,Genel Fiyat,10.000TL, Pamukkale - Zeytinköy Mahallesi,https://www.emlakjet.com//ilan/zeytinkoy-de-11kiralik-apart-16662016/,,,,,,,,,,,,,,,
533,16661997,14 Ocak 2025,19 Mart 2025,Konut,Kiralık,Daire,75 m²,85 m²,2+1,4,5.Kat,6,Yerden Isıtma,Boş,Eşyalı,Kat Mülkiyeti,Hayır,Yok,1,Genel Fiyat,20.000TL, Pamukkale - Zeytinköy Mahallesi,https://www.emlakjet.com//ilan/zeytinkoy-de-genis-21-kiralik-apart-16661997/,,,,,,,,,,,,,,,
534,16661984,14 Ocak 2025,19 Mart 2025,Konut,Kiralık,Daire,60 m²,65 m²,1+1,4,1.Kat,3,Yerden Isıtma,Boş,Eşyalı,Kat Mülkiyeti,Hayır,Yok,1,Genel Fiyat,13.000TL, Merkezefendi - Değirmenönü Mahallesi,https://www.emlakjet.com//ilan/degirmenonu-mahallesi-nde-11-kiralik-apart-16661984/,,,,,,,,,,,,,,,
535,16661980,14 Ocak 2025,19 Mart 2025,Konut,Kiralık,Daire,50 m²,55 m²,1+1,21 Ve Üzeri,Bodrum Kat,2,Kombi Doğalgaz,Boş,Boş,Kat Mülkiyeti,Hayır,Yok,1,Genel Fiyat,7.000TL, Pamukkale - Siteler Mahallesi,https://www.emlakjet.com//ilan/siteler-mahallesinde-kiralik-11-daire-16661980/,,,,,,,,,,,,,,,
536,16660268,14 Ocak 2025,15 Ocak 2025,Konut,Kiralık,Daire,155 m²,170 m²,3+1,3,8.Kat,8,Yerden Isıtma,Boş,Boş,Kat İrtifakı,Evet,Yok,2,Genel Fiyat,32.500TL, Merkezefendi - Şemikler Mahallesi,https://www.emlakjet.com//ilan/redstone-idolden-deda-life-sitesinde-31luks-kiralik-daire-16660268/,,,,,,,,,,,,,,,
537,16660039,14 Ocak 2025,28 Mart 2025,Konut,Kiralık,Daire,150 m²,170 m²,3+1,11-15,2.Kat,3,Kombi Doğalgaz,Boş,,Kat Mülkiyeti,Hayır,,1,Genel Fiyat,20.000TL, Pamukkale - Cumhuriyet Mahallesi,https://www.emlakjet.com//ilan/kz-gayrimenkulden-cumhuriyette-31-170m2-arakat-sifir-lux-kiralik-daire-16660039/,,,,,,3045,18,,,,,,,,
538,16658328,14 Ocak 2025,15 Ocak 2025,Konut,Kiralık,Daire,185 m²,205 m²,4+1,5-10,3.Kat,5,Kombi Doğalgaz,Boş,,Bilinmiyor,Hayır,Yok,2,Genel Fiyat,30.000TL, Merkezefendi - Adalet Mahallesi,https://www.emlakjet.com//ilan/adalet-mahallesinde-muhtesem-konumda-41-kiralik-daire-16658328/,500 TL,,,,,,,,,,,,,,
539,16657534,14 Ocak 2025,28 Mart 2025,Konut,Kiralık,Daire,40 m²,45 m²,1+1,11-15,Bahçe Katı,3,Merkezi Doğalgaz,Boş,,Kat Mülkiyeti,Hayır,,1,Genel Fiyat,5.000TL, Pamukkale - Kınıklı Mahallesi,https://www.emlakjet.com//ilan/kz-gayrimenkulden-kiniklida-11-kiralik-esyali-apart-16657534/,,,,,,2330,22,,,,,,,,
540,16657274,14 Ocak 2025,15 Ocak 2025,Konut,Kiralık,Daire,170 m²,180 m²,3+1,11-15,2.Kat,3,Kombi Doğalgaz,Boş,Boş,Kat Mülkiyeti,Hayır,Yok,1,Genel Fiyat,20.000TL, Pamukkale - Cumhuriyet Mahallesi,https://www.emlakjet.com//ilan/kayhanda-komple-yenilenmis-31-daire-16657274/,,,,,,,,,,,,,,,
541,16656863,14 Ocak 2025,27 Mart 2025,Konut,Kiralık,Daire,45 m²,50 m²,1+1,5-10,Bahçe Katı,3,Kombi Doğalgaz,Boş,,Kat Mülkiyeti,Hayır,,1,Genel Fiyat,7.000TL, Pamukkale - Zeytinköy Mahallesi,https://www.emlakjet.com//ilan/kz-gayrimenkulden-zeytinkoyde-lux-esyali-balkonlu-kiralik-apart-16656863/,,,,,,271,1,,,,,,,,
542,16656774,14 Ocak 2025,14 Ocak 2025,Konut,Kiralık,Daire,135 m²,144 m²,3+1,2,2.Kat,5,Yerden Isıtma,Boş,Boş,Kat Mülkiyeti,Hayır,Yok,1,Genel Fiyat,26.000TL, Merkezefendi - Selçuk Bey Mahallesi,https://www.emlakjet.com//ilan/self-den-onu-hic-kapanmayacak-muhtesem-konumda-luks-31-daire-16656774/,,,,,,,,,,,,,,,
543,16656091,14 Ocak 2025,01 Nisan 2025,Konut,Kiralık,Daire,70 m²,75 m²,2+1,5-10,2.Kat,5,Kombi Doğalgaz,Boş,,Kat Mülkiyeti,Hayır,,1,Genel Fiyat,14.000TL, Pamukkale - Asmalıevler Mahallesi,https://www.emlakjet.com//ilan/kz-gayrimenkulden-asmalievlerde-b-makinali-klimali-arakat-genis-21-75m2-kiralik-esyali-apart-16656091/,,,,,,5284,6,,,,,,,,
544,16655060,14 Ocak 2025,15 Ocak 2025,Konut,Kiralık,Daire,45 m²,55 m²,1+1,5-10,3.Kat,4,Yerden Isıtma,Boş,Eşyalı,Kat Mülkiyeti,Hayır,Yok,1,Genel Fiyat,11.000TL, Pamukkale - Kınıklı Mahallesi,https://www.emlakjet.com//ilan/kinikli-bursa-caddesinde-arakat-balkonlu-genis-11-esyali-daire-16655060/,,,,,,,,,,,,,,,
545,16651656,13 Ocak 2025,14 Mart 2025,Konut,Kiralık,Daire,75 m²,80 m²,2+1,0 (Yeni),1.Kat,4,Kombi Doğalgaz,Boş,Boş,Kat İrtifakı,Evet,Yok,1,Genel Fiyat,15.000TL, Merkezefendi - Karahasanlı Mahallesi,https://www.emlakjet.com//ilan/re-max-ten-sehir-hastanesi-yakini-21-kiralik-daire-16651656/,,,,,,229,2,,,,,,,,
546,16650191,13 Ocak 2025,03 Nisan 2025,Konut,Kiralık,Daire,120 m²,125 m²,2+1,5-10,1.Kat,3,Kombi Doğalgaz,Boş,Boş,Kat İrtifakı,Hayır,Yok,1,Genel Fiyat,15.500TL, Merkezefendi - Karaman Mahallesi,https://www.emlakjet.com//ilan/karaman-cozum-koleji-ici-yeni-boyali-balkonlu-on-cephe-21-daire-16650191/,,,Var,1,Evet,3411,11,Açık Balkon,İkinci El,Betonarme,2,,,,
547,16649377,13 Ocak 2025,13 Ocak 2025,Konut,Kiralık,Daire,40 m²,45 m²,1+1,5-10,1.Kat,3,Merkezi Doğalgaz,Boş,Eşyalı,Kat Mülkiyeti,Hayır,Yok,1,Genel Fiyat,12.000TL, Pamukkale - Hacıkaplanlar Mahallesi,https://www.emlakjet.com//ilan/hermess-den-cinar-da-11-esyali-yonetimli-kiralik-apart-16649377/,,,,,,,,,,,,,,,
548,16648883,13 Ocak 2025,15 Ocak 2025,Konut,Kiralık,Daire,45 m²,50 m²,1+1,0 (Yeni),2.Kat,3,Yerden Isıtma,Boş,Eşyalı,Kat Mülkiyeti,Hayır,Yok,1,Genel Fiyat,11.500TL, Merkezefendi - Sırakapılar Mahallesi,https://www.emlakjet.com//ilan/kamu-kurumlari-yakini-11-50-m2-arakat-kiralik-esyali-apart-16648883/,,,,,,,,,,,,,,,
549,16648200,12 Ocak 2025,13 Ocak 2025,Konut,Kiralık,Daire,170 m²,190 m²,3+1,11-15,1.Kat,5,Kombi Doğalgaz,Boş,,Kat Mülkiyeti,Hayır,Yok,2,Genel Fiyat,29.500TL, Merkezefendi - Gerzele Mahallesi,https://www.emlakjet.com//ilan/servergazi-emlak-servergazide-enfes-konumda-31-kiralik-daire-16648200/,,,,,,,,,,,,,,,
550,16647725,12 Ocak 2025,24 Şubat 2025,Konut,Kiralık,Daire,25 m²,35 m²,Stüdyo,11-15,4.Kat,4,Kombi Doğalgaz,Boş,Eşyalı,Kat İrtifakı,Hayır,Yok,1,Genel Fiyat,7.500TL, Pamukkale - Yunusemre Mahallesi,https://www.emlakjet.com//ilan/denizli-ulus-ta-kiralik-10-apart-16647725/,,,,,,,,,,,,,,,
551,16647724,12 Ocak 2025,24 Şubat 2025,Konut,Kiralık,Daire,100 m²,110 m²,2+1,5-10,2.Kat,5,Kombi Doğalgaz,Boş,Eşyalı,Kat İrtifakı,Hayır,Yok,1,Genel Fiyat,25.000TL, Pamukkale - Zümrüt Mahallesi,https://www.emlakjet.com//ilan/denizli-bagbasinda-kiralik-esyali-daireler-16647724/,,,,,,,,,,,,,,,
552,16647521,12 Ocak 2025,28 Ocak 2025,Konut,Kiralık,Daire,65 m²,70 m²,2+1,0 (Yeni),2.Kat,2,Kombi Doğalgaz,Boş,Eşyalı,Tapu Kaydı Yok,Hayır,Yok,1,Genel Fiyat,19.000TL, Merkezefendi - Sırakapılar Mahallesi,https://www.emlakjet.com//ilan/lozan-caddesinde-70-m2-ultra-lux-21-apart-16647521/,,,,,,,,,,,,,,,
553,16643794,11 Ocak 2025,11 Ocak 2025,Konut,Kiralık,Daire,85 m²,88 m²,2+1,4,2.Kat,3,Yerden Isıtma,Boş,Eşyalı,Kat Mülkiyeti,Hayır,Yok,1,Genel Fiyat,20.000TL, Pamukkale - Kınıklı Mahallesi,https://www.emlakjet.com//ilan/mercan-dan-universite-yakini-21-esyali-apart-16643794/,,,,,,,,,,,,,,,
554,16642890,11 Ocak 2025,11 Ocak 2025,Konut,Kiralık,Daire,40 m²,50 m²,1+1,4,4.Kat,4,Yerden Isıtma,Boş,Eşyalı,Kat Mülkiyeti,Hayır,Yok,1,Genel Fiyat,8.500TL, Pamukkale - Zeytinköy Mahallesi,https://www.emlakjet.com//ilan/zeytinkoy-cerrahi-hastanesi-karsisi-kiralik-11-16642890/,,,,,,,,,,,,,,,
555,16641706,11 Ocak 2025,24 Şubat 2025,Konut,Kiralık,Daire,60 m²,65 m²,2+1,4,Bahçe Katı,4,Kombi Doğalgaz,Boş,,Tapu Kaydı Yok,Hayır,,1,Genel Fiyat,10.000TL, Pamukkale - 15 Mayıs Mahallesi,https://www.emlakjet.com//ilan/15-mayis-mah-kiralik-21-apart-16641706/,,,,,,,,,,,,,,,
556,16640647,11 Ocak 2025,28 Mart 2025,Konut,Kiralık,Daire,35 m²,40 m²,1+1,3,Bahçe Katı,2,Kombi Doğalgaz,Boş,,Kat İrtifakı,Hayır,,1,Genel Fiyat,10.000TL, Pamukkale - Asmalıevler Mahallesi,https://www.emlakjet.com//ilan/ender-uysaldan-asmalievler-de-11-kiralik-esyali-apart-16640647/,,,,,,5583,8,,,,,,,,
557,16638708,11 Ocak 2025,22 Mart 2025,Konut,Kiralık,Daire,95 m²,99 m²,2+1,0 (Yeni),2.Kat,4,Merkezi Doğalgaz,Boş,Boş,Kıbrıs Tapulu,Evet,,1,Genel Fiyat,9.500TL, Honaz - Ovacık Mahallesi,https://www.emlakjet.com//ilan/sifir-ara-kat-uygun-fiyatli-daire-16638708/,,,Var,1,,,,Açık Balkon,Sıfır,Betonarme,2,,,,
558,16638621,11 Ocak 2025,20 Ocak 2025,Konut,Kiralık,Daire,55 m²,60 m²,1+1,2,2.Kat,2,Kombi Doğalgaz,Boş,Eşyalı,Kat Mülkiyeti,Hayır,Yok,1,Genel Fiyat,16.500TL, Merkezefendi - Şirinköy Mahallesi,https://www.emlakjet.com//ilan/rota-gayrimenkul-den-sirinkoyde-kiralik-11-apart-16638621/,,,,,,,,,,,,,,,
559,16638490,11 Ocak 2025,11 Ocak 2025,Konut,Kiralık,Daire,50 m²,55 m²,1+1,5-10,2.Kat,4,Yerden Isıtma,Boş,Eşyalı,Kat İrtifakı,Hayır,Yok,1,Genel Fiyat,9.000TL, Pamukkale - Zeytinköy Mahallesi,https://www.emlakjet.com//ilan/zeytinkoy-mah-11-ara-kat-balkonlu-16638490/,200 TL,9000 TL,Var,1,Evet,180,11,Açık Balkon,İkinci El,Betonarme,1,,,,
560,16638468,11 Ocak 2025,12 Ocak 2025,Konut,Kiralık,Daire,50 m²,60 m²,1+1,5-10,5.Kat,5,Kombi Doğalgaz,Boş,Eşyalı,Kat İrtifakı,Hayır,Yok,1,Genel Fiyat,10.000TL, Merkezefendi - Adalet Mahallesi,https://www.emlakjet.com//ilan/saygin-dan-adalet-de-11-full-esyali-kiralik-apart-daire-16638468/,,,,,,,,,,,,,,,
561,16637965,10 Ocak 2025,10 Ocak 2025,Konut,Kiralık,Daire,65 m²,70 m²,1+1,0 (Yeni),2.Kat,3,Kombi Doğalgaz,Boş,Eşyalı,Kat Mülkiyeti,Hayır,Yok,1,Genel Fiyat,15.000TL, Pamukkale - Zeytinköy Mahallesi,https://www.emlakjet.com//ilan/hm-garimenkul-de-universiteye-yakin-11-sifir-apartlar-16637965/,,,,,,,,,,,,,,,
562,16637835,10 Ocak 2025,11 Ocak 2025,Konut,Kiralık,Daire,140 m²,150 m²,3+1,4,2.Kat,5,Yerden Isıtma,Boş,Boş,Kat Mülkiyeti,Hayır,Yok,2,Genel Fiyat,26.500TL, Merkezefendi - Gerzele Mahallesi,https://www.emlakjet.com//ilan/servergazi-emlak-servergazi-de-31-lux-arakat-16637835/,,,,,,,,,,,,,,,
563,16637488,10 Ocak 2025,11 Ocak 2025,Konut,Kiralık,Daire,45 m²,50 m²,1+1,4,1.Kat,3,Yerden Isıtma,Boş,Eşyalı,Kat Mülkiyeti,Hayır,Yok,1,Genel Fiyat,11.500TL, Merkezefendi - Bahçelievler Mahallesi,https://www.emlakjet.com//ilan/adalet-parkina-denipol-e-yakin-esyali-11-kiralik-apart-16637488/,,,,,,,,,,,,,,,
564,16632828,10 Ocak 2025,10 Ocak 2025,Konut,Kiralık,Daire,55 m²,60 m²,2+1,21 Ve Üzeri,2.Kat,2,Kombi Doğalgaz,Boş,Eşyalı,Bilinmiyor,Hayır,Yok,1,Genel Fiyat,10.000TL, Pamukkale - 15 Mayıs Mahallesi,https://www.emlakjet.com//ilan/15-mayista-21-kiralik-apart-16632828/,,,,,,,,,,,,,,,
565,16632090,10 Ocak 2025,10 Ocak 2025,Konut,Kiralık,Daire,125 m²,130 m²,3+1,16-20,1.Kat,2,Kombi Doğalgaz,Boş,Boş,Kat Mülkiyeti,Hayır,Yok,1,Genel Fiyat,15.000TL, Pamukkale - Siteler Mahallesi,https://www.emlakjet.com//ilan/kiniklida-ulus-caddesine-cok-yakin-31-130m-arakat-kiralik-konut-16632090/,,,,,,,,,,,,,,,
566,16631770,09 Ocak 2025,09 Ocak 2025,Konut,Kiralık,Daire,205 m²,220 m²,4+1,5-10,2.Kat,3,Kombi Doğalgaz,Boş,Boş,Kat Mülkiyeti,Hayır,Yok,2,Genel Fiyat,30.000TL, Merkezefendi - Selçuk Bey Mahallesi,https://www.emlakjet.com//ilan/sehzade-gayrimenkul-den-selcukbey-mahallesinde-41-kiralik-daire-16631770/,,,,,,,,,,,,,,,
567,16631766,09 Ocak 2025,09 Ocak 2025,Konut,Kiralık,Daire,60 m²,70 m²,1+1,5-10,Çatı Katı,2,Kombi Doğalgaz,Boş,Eşyalı,Müstakil Tapulu,Hayır,Yok,1,Genel Fiyat,15.000TL, Merkezefendi - Bahçelievler Mahallesi,https://www.emlakjet.com//ilan/sehzade-gayrimenkul-den-bahcelievler-mah-kiralik-apart-16631766/,,,,,,,,,,,,,,,
568,16631738,09 Ocak 2025,09 Ocak 2025,Konut,Kiralık,Daire,55 m²,70 m²,1+1,3,7.Kat,8,Kombi Doğalgaz,Boş,Boş,Kat Mülkiyeti,Hayır,Yok,1,Genel Fiyat,18.000TL, Merkezefendi - Şemikler Mahallesi,https://www.emlakjet.com//ilan/kr-yatirim-dan-semikler-deda-life-sitesinde-kiralik-11-daire-16631738/,,,,,,,,,,,,,,,
569,16631735,09 Ocak 2025,10 Ocak 2025,Konut,Kiralık,Daire,120 m²,135 m²,3+1,21 Ve Üzeri,Yüksek Giriş,5,Kombi Doğalgaz,Boş,Boş,Kat İrtifakı,Hayır,Yok,1,Genel Fiyat,15.500TL, Pamukkale - Mehmetçik Mahallesi,https://www.emlakjet.com//ilan/kr-yatirim-dan-mehmetcik-mahallesinde-31-kiralik-daire-16631735/,,,,,,,,,,,,,,,
570,16630741,09 Ocak 2025,10 Ocak 2025,Konut,Kiralık,Daire,45 m²,55 m²,1+1,16-20,4.Kat,4,Kombi Doğalgaz,Boş,Eşyalı,Kat Mülkiyeti,Hayır,Yok,1,Genel Fiyat,16.900TL, Pamukkale - Yunusemre Mahallesi,https://www.emlakjet.com//ilan/yunus-emre-mahallesi-nde-mukemmel-konumda-1-1-kiralik-apart-16630741/,,,,,,,,,,,,,,,
571,16630252,09 Ocak 2025,09 Ocak 2025,Konut,Kiralık,Daire,48 m²,55 m²,1+1,0 (Yeni),Kot 2 (-2).Kat,2,Kombi Doğalgaz,Boş,,Tapu Kaydı Yok,Hayır,,1,Genel Fiyat,17.500TL, Merkezefendi - Sırakapılar Mahallesi,https://www.emlakjet.com//ilan/lozan-caddesinde-50m2-11-ultra-lux-apart-16630252/,,,,,,,,,,,,,,,
572,16629672,09 Ocak 2025,31 Ocak 2025,Konut,Kiralık,Daire,42 m²,50 m²,1+1,0 (Yeni),2.Kat,3,Kombi Doğalgaz,Boş,,Tapu Kaydı Yok,Hayır,,1,Genel Fiyat,9.000TL, Pamukkale - Zeytinköy Mahallesi,https://www.emlakjet.com//ilan/ogretmen-evi-yakini-kiralik-11-apart-16629672/,,,Yok,,,,,,,,,,,,
573,16628421,09 Ocak 2025,09 Ocak 2025,Konut,Kiralık,Daire,135 m²,140 m²,2+1,21 Ve Üzeri,Çatı Katı,5,Kombi Doğalgaz,Boş,Boş,Müstakil Tapulu,Hayır,Yok,1,Genel Fiyat,10.000TL, Pamukkale - Kuşpınar Mahallesi,https://www.emlakjet.com//ilan/mt-den-kibrissehitlerde-21-kiralik-cati-kati-daire-16628421/,,,,,,,,,,,,,,,
574,16628396,09 Ocak 2025,09 Ocak 2025,Konut,Kiralık,Daire,60 m²,70 m²,2+1,0 (Yeni),2.Kat,2,Yerden Isıtma,Boş,Boş,Kat Mülkiyeti,Hayır,Yok,1,Genel Fiyat,15.000TL, Merkezefendi - Gültepe Mahallesi,https://www.emlakjet.com//ilan/albayrak-meydani-kiralik-daire-acik-mutfak-mustakil-bina-16628396/,,,,,,,,,,,,,,,
575,16627205,09 Ocak 2025,03 Şubat 2025,Konut,Kiralık,Daire,100 m²,110 m²,2+1,16-20,4.Kat,5,Kombi Doğalgaz,Boş,,Kat İrtifakı,Hayır,,1,Genel Fiyat,15.000TL, Merkezefendi - Bereketler Mahallesi,https://www.emlakjet.com//ilan/umutkent1-arakat-kiralik-daire-16627205/,100 TL,15000 TL,,,,223,4,,,,,,,,
576,16624837,09 Ocak 2025,09 Ocak 2025,Konut,Kiralık,Daire,90 m²,100 m²,2+1,21 Ve Üzeri,3.Kat,4,Kombi Doğalgaz,Boş,Boş,Hisseli Tapu,Hayır,Yok,1,Genel Fiyat,10.500TL, Pamukkale - Kuşpınar Mahallesi,https://www.emlakjet.com//ilan/denizli-kibris-sehitler-caddesinde-kiralik-21-daire-16624837/,,,,,,,,,,,,,,,
577,16624642,09 Ocak 2025,09 Ocak 2025,Konut,Kiralık,Daire,150 m²,170 m²,3+1,11-15,1.Kat,3,Kombi Doğalgaz,Boş,Boş,Kat Mülkiyeti,Hayır,Yok,2,Genel Fiyat,25.000TL, Pamukkale - Yunusemre Mahallesi,https://www.emlakjet.com//ilan/kinikli-31-170m2-arakat-barbekulu-genis-daire-16624642/,,,,,,,,,,,,,,,
578,16624640,09 Ocak 2025,09 Ocak 2025,Konut,Kiralık,Daire,65 m²,70 m²,2+1,16-20,Bahçe Katı,3,Kombi Doğalgaz,Boş,Eşyalı,Kat Mülkiyeti,Hayır,Yok,1,Genel Fiyat,9.000TL, Pamukkale - Kınıklı Mahallesi,https://www.emlakjet.com//ilan/pau-yakini-kiralik-21-bahce-kati-kiralik-daire-16624640/,,,,,,,,,,,,,,,
579,16624639,09 Ocak 2025,09 Ocak 2025,Konut,Kiralık,Daire,60 m²,65 m²,2+1,3,Bahçe Katı,3,Yerden Isıtma,Boş,Eşyalı,Kat Mülkiyeti,Hayır,Yok,1,Genel Fiyat,9.000TL, Pamukkale - Asmalıevler Mahallesi,https://www.emlakjet.com//ilan/pau-yakini-21-65m2-yerden-isitma-yeni-luks-apart-16624639/,,,,,,,,,,,,,,,
580,16624005,08 Ocak 2025,09 Ocak 2025,Konut,Kiralık,Daire,49 m²,50 m²,1+1,4,2.Kat,5,Kombi Doğalgaz,Boş,Eşyalı,Kat Mülkiyeti,Hayır,Yok,1,Genel Fiyat,11.000TL, Merkezefendi - Sırakapılar Mahallesi,https://www.emlakjet.com//ilan/devlet-hastanesi-sirakapilar-da-duzgun-apart-binasinda-11-16624005/,,,,,,,,,,,,,,,
581,16623181,08 Ocak 2025,08 Ocak 2025,Konut,Kiralık,Daire,248 m²,255 m²,4+1,11-15,3.Kat,3,Merkezi Doğalgaz,Boş,,Arsa Tapulu,Evet,,1,Genel Fiyat,25.000TL, Pamukkale - Fesleğen Mahallesi,https://www.emlakjet.com//ilan/feslegende-41-245-m2-kiralik-daire-16623181/,0 TL,1 TL,Var,3,,52,1,Açık Balkon,,,,,,,
582,16619404,08 Ocak 2025,08 Ocak 2025,Konut,Kiralık,Daire,165 m²,180 m²,4+1,21 Ve Üzeri,4.Kat,5,Kombi Doğalgaz,Boş,,Kat Mülkiyeti,Hayır,Yok,1,Genel Fiyat,25.000TL, Pamukkale - Kınıklı Mahallesi,https://www.emlakjet.com//ilan/camlikta-lux-daire-16619404/,,,,,,,,,,,,,,,
583,16617476,08 Ocak 2025,08 Ocak 2025,Konut,Kiralık,Daire,40 m²,45 m²,Stüdyo,4,Düz Giriş (Zemin),3,Merkezi Doğalgaz,Boş,Eşyalı,Kat Mülkiyeti,Hayır,Yok,1,Genel Fiyat,5.500TL, Pamukkale - Zeytinköy Mahallesi,https://www.emlakjet.com//ilan/universiteye-yakin-abonelikleri-acik-ara-kat-10-esyali-apart-16617476/,,,,,,,,,,,,,,,
584,16617465,08 Ocak 2025,27 Şubat 2025,Konut,Kiralık,Daire,110 m²,115 m²,2+1,21 Ve Üzeri,2.Kat,4,Kombi Doğalgaz,Boş,Boş,Kat Mülkiyeti,Hayır,Yok,1,Genel Fiyat,14.000TL, Pamukkale - Atalar Mahallesi,https://www.emlakjet.com//ilan/atalar-mahallesinde-21-110m2-kiralik-arakat-daire-16617465/,,,,,,,,,,,,,,,
585,16616364,07 Ocak 2025,07 Ocak 2025,Konut,Kiralık,Daire,110 m²,130 m²,2+1,11-15,Yüksek Giriş,2,Kombi Doğalgaz,Boş,Eşyalı,Kat Mülkiyeti,Hayır,,1,Genel Fiyat,17.000TL, Merkezefendi - Gümüşçay Mahallesi,https://www.emlakjet.com//ilan/kaan-emlaktan-gumuscayda-21-full-esyali-kiralik-luks-daire-16616364/,0 TL,17000 TL,Var,2,,294,12,Açık Balkon,İkinci El,Betonarme,2,,,,
586,16616293,07 Ocak 2025,08 Ocak 2025,Konut,Kiralık,Daire,45 m²,50 m²,Stüdyo,2,2.Kat,3,Kombi Doğalgaz,Boş,,Kat Mülkiyeti,Hayır,,1,Genel Fiyat,7.000TL, Pamukkale - Bağbaşı Mahallesi,https://www.emlakjet.com//ilan/yunusemrede-kiralik-10-lux-apart-16616293/,,7000 TL,Var,,,null,1914,,,,,,,,
587,16613403,07 Ocak 2025,26 Mart 2025,Konut,Kiralık,Daire,100 m²,115 m²,2+1,4,3.Kat,3,Kombi Doğalgaz,Boş,Boş,Kat İrtifakı,Hayır,,1,Genel Fiyat,18.250TL, Merkezefendi - Gümüşçay Mahallesi,https://www.emlakjet.com//ilan/rw-office20-den-kiralik-21-kiralik-daire-16613403/,200 TL,,Var,,,177,11,,,,,,,,
588,16612545,07 Ocak 2025,04 Nisan 2025,Konut,Kiralık,Daire,190 m²,195 m²,4+1,21 Ve Üzeri,5.Kat,7,Merkezi (Pay Ölçer),Boş,Boş,Müstakil Tapulu,Hayır,Yok,1,Genel Fiyat,18.000TL, Pamukkale - Atalar Mahallesi,https://www.emlakjet.com//ilan/gurlesin-de-atalar-mahallesi-lise-cd-41-arakat-kiralik-daire-16612545/,,,,,,172,11,,,,,,,,
589,16612087,07 Ocak 2025,05 Şubat 2025,Konut,Kiralık,Daire,135 m²,150 m²,2+1,21 Ve Üzeri,2.Kat,6,Kombi Doğalgaz,Boş,,Bilinmiyor,Hayır,Yok,2,Genel Fiyat,12.000TL, Merkezefendi - Akkonak Mahallesi,https://www.emlakjet.com//ilan/fark20-den-akkonak-ta-anayol-arakat-daire-16612087/,,,,,,,,,İkinci El,Betonarme,,,,,
590,16609790,06 Ocak 2025,04 Nisan 2025,Konut,Kiralık,Daire,160 m²,180 m²,3+1,21 Ve Üzeri,1.Kat,2,Merkezi Doğalgaz,Boş,Boş,Kat Mülkiyeti,Hayır,Yok,2,Genel Fiyat,17.000TL, Pamukkale - Yunusemre Mahallesi,https://www.emlakjet.com//ilan/rota-dan-pau-tip-ve-itfaiye-karsisi-31-arakat-daire-16609790/,,,Var,4 +,,2214,15,"Açık Balkon, Kapalı Balkon",,,2,,,,
591,16607735,06 Ocak 2025,21 Mart 2025,Konut,Kiralık,Daire,45 m²,50 m²,1+1,11-15,Yüksek Giriş,3,Yerden Isıtma,Boş,Eşyalı,Kat Mülkiyeti,Hayır,Yok,1,Genel Fiyat,9.500TL, Pamukkale - Topraklık Mahallesi,https://www.emlakjet.com//ilan/erkus-gyodan-mustakil-bahceli-kiralik-apart-16607735/,200 TL,10000 TL,Yok,,Evet,7465,5,,İkinci El,Betonarme,1,,,,
592,16606484,06 Ocak 2025,06 Ocak 2025,Konut,Kiralık,Daire,50 m²,55 m²,1+1,0 (Yeni),1.Kat,3,Yerden Isıtma,Boş,,Kat Mülkiyeti,Hayır,,1,Genel Fiyat,11.250TL, Merkezefendi - Sırakapılar Mahallesi,https://www.emlakjet.com//ilan/kamu-kurumlari-yakini-11-50-m2-arakat-kiralik-esyali-apart-16606484/,,,,,,429,6,,,,,,,,
593,16606285,06 Ocak 2025,06 Ocak 2025,Konut,Kiralık,Daire,40 m²,45 m²,1+1,5-10,2.Kat,3,Yerden Isıtma,Kiracı Oturuyor,Eşyalı,Kat İrtifakı,Hayır,Yok,1,Genel Fiyat,10.000TL, Pamukkale - İncilipınar Mahallesi,https://www.emlakjet.com//ilan/incilipinar-mah-11-depozitosuz-ara-kat-16606285/,0 TL,0 TL,Yok,,Evet,1835,19,,İkinci El,Betonarme,1,,,,
594,16606280,06 Ocak 2025,06 Ocak 2025,Konut,Kiralık,Daire,70 m²,75 m²,1+1,4,Çatı Dubleks,5,Yerden Isıtma,Boş,Boş,Kat İrtifakı,Hayır,Yok,1,Genel Fiyat,14.000TL, Pamukkale - 15 Mayıs Mahallesi,https://www.emlakjet.com//ilan/cinar-yakini-21-dubleks-esyali-apart-daire-16606280/,175 TL,14000 TL,Var,1,Evet,1621,8,Açık Balkon,İkinci El,,1,,,,
595,16603586,04 Ocak 2025,06 Ocak 2025,Konut,Kiralık,Daire,65 m²,68 m²,2+1,5-10,2.Kat,4,Kombi Doğalgaz,Boş,Eşyalı,Kat Mülkiyeti,Hayır,Yok,1,Genel Fiyat,12.000TL, Pamukkale - Asmalıevler Mahallesi,https://www.emlakjet.com//ilan/hm-gayrimenkulden-asmalievlerde-21-esyali-kiralik-apart-16603586/,,,,,,,,,,,,,,,
596,16602757,04 Ocak 2025,06 Ocak 2025,Konut,Kiralık,Daire,120 m²,130 m²,3+1,16-20,Yüksek Giriş,1,Kombi Doğalgaz,Boş,Boş,Kat Mülkiyeti,Hayır,Yok,1,Genel Fiyat,10.000TL, Pamukkale - Bağbaşı Mahallesi,https://www.emlakjet.com//ilan/bagbasi-mahallesi-kiralik-daire-16602757/,,,,,,,,,,,,,,,
597,16602734,04 Ocak 2025,04 Ocak 2025,Konut,Kiralık,Daire,50 m²,60 m²,1+1,4,2.Kat,3,Merkezi Doğalgaz,Boş,,Arsa Tapulu,Evet,,1,Genel Fiyat,13.000TL, Merkezefendi - Akkonak Mahallesi,https://www.emlakjet.com//ilan/denipol-hastanesi-arkasi-11-kiralik-apart-16602734/,0 TL,1 TL,Var,,,4143,4,,,,,,,,
598,16601815,04 Ocak 2025,04 Ocak 2025,Konut,Kiralık,Daire,160 m²,175 m²,3+1,11-15,3.Kat,5,Merkezi Doğalgaz,Boş,Boş,Kat Mülkiyeti,Evet,Yok,1,Genel Fiyat,17.000TL, Merkezefendi - Yenişafak Mahallesi,https://www.emlakjet.com//ilan/office-pera-dan-yenisafakta-31-160-mt-kiralik-daire-16601815/,,,,,,,,,,,,,,,
599,16601004,04 Ocak 2025,11 Şubat 2025,Konut,Kiralık,Daire,350 m²,450 m²,3+1,4,Düz Giriş (Zemin),6,Kombi Doğalgaz,Boş,,Müstakil Tapulu,Evet,,Yok,Genel Fiyat,65.000TL, Merkezefendi - Muratdede Mahallesi,https://www.emlakjet.com//ilan/kiralik-is-yeri-16601004/,,,,,,6371,7,,,,,,,,
600,16600600,04 Ocak 2025,04 Ocak 2025,Konut,Kiralık,Daire,45 m²,50 m²,1+1,5-10,2.Kat,5,Kombi Doğalgaz,Boş,Eşyalı,Kat Mülkiyeti,Hayır,Yok,1,Genel Fiyat,12.000TL, Pamukkale - Yunusemre Mahallesi,https://www.emlakjet.com//ilan/armagan-dan-tip-fakultesi-girisinde-kiralik-11-apart-16600600/,,,,,,,,,,,,,,,
601,16598313,03 Ocak 2025,28 Mart 2025,Konut,Kiralık,Daire,40 m²,45 m²,1+1,5-10,Bahçe Katı,3,Yerden Isıtma,Boş,,Kat Mülkiyeti,Hayır,,1,Genel Fiyat,7.500TL, Pamukkale - Zeytinköy Mahallesi,https://www.emlakjet.com//ilan/kz-gayrimenkulden-zeytinkoyde-11-balkonlu-lux-esyali-apart-16598313/,,,,,,271,1,,,,,,,,
602,16597997,03 Ocak 2025,03 Ocak 2025,Konut,Kiralık,Daire,50 m²,60 m²,1+1,11-15,Bahçe Katı,4,Kombi Doğalgaz,Boş,,Kat Mülkiyeti,Evet,,1,Genel Fiyat,10.000TL, Pamukkale - Kınıklı Mahallesi,https://www.emlakjet.com//ilan/foruma-yakin-11-apart-16597997/,,10000 TL,,,,1573,4,,,,,,,,
603,16597560,03 Ocak 2025,03 Ocak 2025,Konut,Kiralık,Daire,50 m²,55 m²,1+1,5-10,3.Kat,6,Merkezi Doğalgaz,Boş,Eşyalı,Kat Mülkiyeti,Hayır,Yok,1,Genel Fiyat,12.500TL, Pamukkale - Topraklık Mahallesi,https://www.emlakjet.com//ilan/self-den-bayram-yerine-yurume-mesafesi-esyali-abonelikleri-acik-16597560/,,,,,,,,,,,,,,,
604,16597558,03 Ocak 2025,03 Ocak 2025,Konut,Kiralık,Daire,150 m²,155 m²,3+1,0 (Yeni),3.Kat,4,Yerden Isıtma,Boş,Boş,Kat Mülkiyeti,Hayır,Yok,2,Genel Fiyat,28.000TL, Merkezefendi - Çakmak Mahallesi,https://www.emlakjet.com//ilan/self-den-cakmakta-ebv-banyo-g-odali-panjurlu-arakat-firsat-daire-16597558/,,,,,,,,,,,,,,,
605,16597056,03 Ocak 2025,03 Ocak 2025,Konut,Kiralık,Daire,40 m²,42 m²,1+1,5-10,2.Kat,2,Kombi Doğalgaz,Boş,Eşyalı,Kat Mülkiyeti,Hayır,Yok,1,Genel Fiyat,10.000TL, Pamukkale - Siteler Mahallesi,https://www.emlakjet.com//ilan/joy-max-gayrimenkul-den-liva-suitte-kiralik-apart-16597056/,,,,,,,,,,,,,,,
606,16597039,03 Ocak 2025,03 Ocak 2025,Konut,Kiralık,Daire,185 m²,200 m²,3+1,5-10,2.Kat,5,Kombi Doğalgaz,Boş,Boş,Kat İrtifakı,Hayır,Yok,2,Genel Fiyat,30.000TL, Merkezefendi - Adalet Mahallesi,https://www.emlakjet.com//ilan/joy-max-dan-adalet-mahallesi-kiralik-muhtesem-konum-daire-16597039/,,,,,,,,,,,,,,,
607,16595407,03 Ocak 2025,28 Mart 2025,Konut,Kiralık,Daire,45 m²,50 m²,1+1,5-10,2.Kat,3,Kombi Doğalgaz,Boş,,Kat Mülkiyeti,Hayır,,1,Genel Fiyat,8.500TL, Pamukkale - Asmalıevler Mahallesi,https://www.emlakjet.com//ilan/kz-gayrimenkulden-asmalievlerde-arakat-11-cift-balkonlu-kiralik-esyali-apart-16595407/,,,,,,3872,12,,,,,,,,
608,16595329,03 Ocak 2025,03 Ocak 2025,Konut,Kiralık,Daire,130 m²,140 m²,2.5+1,5-10,7.Kat,7,Kombi Doğalgaz,Boş,Eşyalı,Kat Mülkiyeti,Hayır,Yok,1,Genel Fiyat,25.000TL, Pamukkale - Kuşpınar Mahallesi,https://www.emlakjet.com//ilan/denizli-lisesi-yakini-mangal-yeri-bulunan-full-esyali-daire-16595329/,,,,,,,,,,,,,,,
609,16594479,03 Ocak 2025,04 Ocak 2025,Konut,Kiralık,Residence,35 m²,40 m²,1+1,0 (Yeni),3.Kat,3,Yerden Isıtma,Boş,Eşyalı,Kat İrtifakı,Hayır,Yok,1,Genel Fiyat,18.000TL, Merkezefendi - Merkez Efendi Mahallesi,https://www.emlakjet.com//ilan/havuzlu-spor-salonlu-kafesi-bulunan-apart-daire-16594479/,,,,,,,,,,,,,,,
610,16594477,03 Ocak 2025,03 Ocak 2025,Konut,Kiralık,Daire,45 m²,55 m²,1+1,0 (Yeni),1.Kat,3,Yerden Isıtma,Boş,,Kat Mülkiyeti,Hayır,Yok,1,Genel Fiyat,18.000TL, Merkezefendi - Karahasanlı Mahallesi,https://www.emlakjet.com//ilan/sehir-hastanesi-karsisi-luks-esyasiz-16594477/,,,,,,,,,,,,,,,
611,16591941,02 Ocak 2025,02 Ocak 2025,Konut,Kiralık,Daire,130 m²,140 m²,3+1,0 (Yeni),2.Kat,4,Yerden Isıtma,Boş,Boş,Kat Mülkiyeti,Hayır,Yok,1,Genel Fiyat,22.000TL, Merkezefendi - Çakmak Mahallesi,https://www.emlakjet.com//ilan/dota-dan-cakmak-mah-de-doga-manzarali-31-kiralik-daire-16591941/,,,,,,,,,,,,,,,
612,16591839,02 Ocak 2025,02 Ocak 2025,Konut,Kiralık,Daire,120 m²,130 m²,3+1,21 Ve Üzeri,1.Kat,7,Kombi Doğalgaz,Mülk Sahibi Oturuyor,,Kat Mülkiyeti,Hayır,,1,Genel Fiyat,14.000TL, Merkezefendi - Değirmenönü Mahallesi,https://www.emlakjet.com//ilan/kaan-emlaktan-sehirmerkezinde-kiralik-31-daire-16591839/,80 TL,14000 TL,Var,2,Evet,433,4,"Açık Balkon, Kapalı Balkon",İkinci El,,2,,,,
613,16591775,02 Ocak 2025,10 Mart 2025,Konut,Kiralık,Daire,45 m²,50 m²,1+1,5-10,Yüksek Giriş,2,Kombi Doğalgaz,Boş,Eşyalı,Kat Mülkiyeti,Hayır,Yok,1,Genel Fiyat,11.000TL, Merkezefendi - Sırakapılar Mahallesi,https://www.emlakjet.com//ilan/11-apart-daire-saltak-cad-mevki-balkonlu-16591775/,,,,,,,,,,,,,,,
614,16591659,02 Ocak 2025,05 Ocak 2025,Konut,Kiralık,Daire,50 m²,55 m²,1+1,3,2.Kat,3,Kombi Doğalgaz,Boş,Eşyalı,Kat Mülkiyeti,Hayır,Yok,1,Genel Fiyat,10.000TL, Pamukkale - Zeytinköy Mahallesi,https://www.emlakjet.com//ilan/hm-gayrimenkulden-universite-yurume-mesafesinde-full-esyali-11-16591659/,,,,,,,,,,,,,,,
615,16591054,02 Ocak 2025,02 Ocak 2025,Konut,Kiralık,Daire,50 m²,55 m²,1+1,5-10,3.Kat,5,Kombi Doğalgaz,Boş,Eşyalı,Kat Mülkiyeti,Hayır,Yok,1,Genel Fiyat,11.000TL, Pamukkale - Yunusemre Mahallesi,https://www.emlakjet.com//ilan/armagan-dan-kinikli-da-kiralik-temiz-11-arakat-apart-16591054/,,,,,,,,,,,,,,,
616,16591051,02 Ocak 2025,02 Ocak 2025,Konut,Kiralık,Daire,40 m²,45 m²,Stüdyo,11-15,Düz Giriş (Zemin),4,Merkezi (Pay Ölçer),Boş,Eşyalı,Kat Mülkiyeti,Hayır,Yok,1,Genel Fiyat,7.000TL, Pamukkale - Yunusemre Mahallesi,https://www.emlakjet.com//ilan/armagan-dan-pau-girisinde-kiralik-10-apart-16591051/,,,,,,,,,,,,,,,
617,16591046,02 Ocak 2025,02 Ocak 2025,Konut,Kiralık,Daire,50 m²,55 m²,1+1,11-15,3.Kat,4,Merkezi Doğalgaz,Boş,Eşyalı,Kat Mülkiyeti,Hayır,Yok,1,Genel Fiyat,10.500TL, Pamukkale - Yunusemre Mahallesi,https://www.emlakjet.com//ilan/armagan-dan-pau-tip-fakultesi-girisinde-11-ara-kat-apart-16591046/,,,,,,,,,,,,,,,
618,16590364,02 Ocak 2025,02 Ocak 2025,Konut,Kiralık,Daire,65 m²,70 m²,2+1,1,Bahçe Katı,3,Kombi Doğalgaz,Boş,,Kat Mülkiyeti,Hayır,,1,Genel Fiyat,11.000TL, Pamukkale - Siteler Mahallesi,https://www.emlakjet.com//ilan/ulusta-kiralik-21-apart-16590364/,,11000 TL,,,,null,1914,,,,,,,,
619,16590072,02 Ocak 2025,02 Ocak 2025,Konut,Kiralık,Daire,100 m²,115 m²,2+1,0 (Yeni),3.Kat,4,Kombi Doğalgaz,Boş,Boş,Kat Mülkiyeti,Hayır,Yok,2,Genel Fiyat,21.000TL, Merkezefendi - Karahasanlı Mahallesi,https://www.emlakjet.com//ilan/karahasanli-havuzlu-site-ici-ebeveyn-banyolu-kiralik-21-16590072/,,,,,,,,,,,,,,,
620,16589835,02 Ocak 2025,28 Mart 2025,Konut,Kiralık,Daire,45 m²,50 m²,1+1,4,3.Kat,3,Yerden Isıtma,Boş,,Kat Mülkiyeti,Hayır,,1,Genel Fiyat,6.000TL, Pamukkale - Zeytinköy Mahallesi,https://www.emlakjet.com//ilan/kz-gayrimenkulden-zeytinkoyde-11-kiralik-esyali-apart-16589835/,,,,,,3718,3,,,,,,,,
621,16586822,02 Ocak 2025,02 Ocak 2025,Konut,Kiralık,Daire,120 m²,135 m²,2+1,3,Bahçe Katı,3,Kombi Doğalgaz,Boş,Boş,Kat Mülkiyeti,Hayır,Yok,1,Genel Fiyat,14.000TL, Pamukkale - Mehmetçik Mahallesi,https://www.emlakjet.com//ilan/kaan-gayrimenkulden-forum-camlika-yakin-luks-bahce-kati-16586822/,,,,,,,,,,,,,,,
622,16586219,02 Ocak 2025,26 Şubat 2025,Konut,Kiralık,Daire,170 m²,185 m²,3+1,11-15,2.Kat,5,Kombi Doğalgaz,Boş,Boş,Kat Mülkiyeti,Hayır,Yok,2,Genel Fiyat,26.000TL, Merkezefendi - Adalet Mahallesi,https://www.emlakjet.com//ilan/adalet-mahallesin-de-onu-acik-genis-ve-aydinlik-odalar-kiralik-16586219/,,,,,,,,,,,,,,,
623,16585731,01 Ocak 2025,02 Ocak 2025,Konut,Kiralık,Daire,130 m²,135 m²,3+1,21 Ve Üzeri,5.Kat,7,Kombi Doğalgaz,Boş,Boş,Kat Mülkiyeti,Hayır,Yok,1,Genel Fiyat,15.000TL, Pamukkale - 15 Mayıs Mahallesi,https://www.emlakjet.com//ilan/ataturk-cad-31-arakat-genis-salonlu-daire-16585731/,,,,,,,,,,,,,,,
624,16585725,01 Ocak 2025,02 Ocak 2025,Konut,Kiralık,Daire,125 m²,130 m²,2+1,11-15,3.Kat,4,Kombi Doğalgaz,Boş,Boş,Kat Mülkiyeti,Hayır,Yok,1,Genel Fiyat,17.000TL, Pamukkale - Pelitlibağ Mahallesi,https://www.emlakjet.com//ilan/pelitlibag-pazarina-yakin-arakat-21-cambalkonlu-16585725/,,,,,,,,,,,,,,,
625,16584445,01 Ocak 2025,06 Ocak 2025,Konut,Kiralık,Daire,65 m²,70 m²,1+1,5-10,Bahçe Katı,3,Yerden Isıtma,Boş,Eşyalı,Kat Mülkiyeti,Hayır,Yok,1,Genel Fiyat,7.000TL, Pamukkale - Zeytinköy Mahallesi,https://www.emlakjet.com//ilan/mg-premium-dan-zeytinkoyde-11-70m2-klimali-bahceli-lux-apart-16584445/,,,,,,,,,,,,,,,
626,16582525,01 Ocak 2025,02 Ocak 2025,Konut,Kiralık,Daire,165 m²,175 m²,3+1,5-10,2.Kat,4,Kombi Doğalgaz,Boş,Boş,Kat Mülkiyeti,Hayır,Yok,1,Genel Fiyat,23.000TL, Merkezefendi - Adalet Mahallesi,https://www.emlakjet.com//ilan/yuvam-emlaktan-adalet-mahallesinde-kiralik-31-daire-16582525/,,,,,,,,,,,,,,,
627,16581725,01 Ocak 2025,01 Ocak 2025,Konut,Kiralık,Daire,125 m²,130 m²,3+1,16-20,1.Kat,3,Kombi Doğalgaz,Boş,,Bilinmiyor,Hayır,Yok,1,Genel Fiyat,16.000TL, Merkezefendi - Değirmenönü Mahallesi,https://www.emlakjet.com//ilan/degirmenonu-nde-kiralik-31-dogalgazli-daire-16581725/,,,,,,,,,İkinci El,Betonarme,,,,,
628,16579647,31 Aralık 2024,29 Ocak 2025,Konut,Kiralık,Daire,60 m²,65 m²,2+1,5-10,2.Kat,4,Kombi Doğalgaz,Boş,Eşyalı,Kat Mülkiyeti,Hayır,Yok,1,Genel Fiyat,12.500TL, Pamukkale - Zeytinköy Mahallesi,https://www.emlakjet.com//ilan/armagan-dan-zeytinkoy-de-kiralik-21-apart-16579647/,,,,,,,,,,,,,,,
629,16579642,31 Aralık 2024,01 Ocak 2025,Konut,Kiralık,Daire,85 m²,90 m²,2+1,5-10,Kot 1 (-1).Kat,6,Kombi Doğalgaz,Boş,Boş,Kat Mülkiyeti,Hayır,Yok,1,Genel Fiyat,13.500TL, Pamukkale - Zeytinköy Mahallesi,https://www.emlakjet.com//ilan/bagbasinda-kiralik-esyasiz-21-manzarali-daire-16579642/,,,,,,,,,,,,,,,
630,16579610,31 Aralık 2024,18 Mart 2025,Konut,Kiralık,Daire,155 m²,160 m²,3+1,16-20,3.Kat,4,Kombi Doğalgaz,Boş,Boş,Müstakil Tapulu,Hayır,Yok,1,Genel Fiyat,17.500TL, Pamukkale - Zeytinköy Mahallesi,https://www.emlakjet.com//ilan/armagan-dan-zeytinkoy-de-ana-yol-yakini-kiralik-31-160m2-daire-16579610/,,,,,,,,,,,,,,,
631,16579607,31 Aralık 2024,01 Ocak 2025,Konut,Kiralık,Daire,70 m²,75 m²,2+1,11-15,2.Kat,3,Kombi Doğalgaz,Boş,Eşyalı,Kat Mülkiyeti,Hayır,Yok,1,Genel Fiyat,14.000TL, Pamukkale - Yunusemre Mahallesi,https://www.emlakjet.com//ilan/armagan-dan-kinikli-da-kiralik-21-arakat-apart-16579607/,,,,,,,,,,,,,,,
632,16578768,31 Aralık 2024,02 Ocak 2025,Konut,Kiralık,Daire,60 m²,65 m²,2+1,5-10,Bahçe Katı,2,Kombi Doğalgaz,Boş,,Tapu Kaydı Yok,Hayır,,1,Genel Fiyat,9.000TL, Pamukkale - Siteler Mahallesi,https://www.emlakjet.com//ilan/ender-uysal-gayrimenkulden-sitelerde-21-esyali-bahce-kati-apart-16578768/,,,,,,,,,,,,,,,
633,16578486,31 Aralık 2024,02 Ocak 2025,Konut,Kiralık,Daire,73 m²,75 m²,2+1,1,2.Kat,3,Kat Kaloriferi,Boş,,Tapu Kaydı Yok,Hayır,,1,Genel Fiyat,15.000TL, Pamukkale - Asmalıevler Mahallesi,https://www.emlakjet.com//ilan/ender-uysal-gayrimenkulden-asmali-evlerde-21-klimali-kiralik-esyali-apart-16578486/,,,,,,,,,,,,,,,
634,16577787,31 Aralık 2024,02 Ocak 2025,Konut,Kiralık,Daire,53 m²,55 m²,1+1,1,2.Kat,3,Kombi Doğalgaz,Boş,,Tapu Kaydı Yok,Hayır,,1,Genel Fiyat,15.000TL, Pamukkale - Zeytinköy Mahallesi,https://www.emlakjet.com//ilan/ender-uysal-gayrimenkulden-zeytinkoy-de-11-kiralik-lux-esyali-daire-16577787/,,,,,,,,,,,,,,,
635,16577569,31 Aralık 2024,02 Ocak 2025,Konut,Kiralık,Daire,70 m²,75 m²,3+1,5-10,Düz Giriş (Zemin),3,Kombi Doğalgaz,Boş,,Tapu Kaydı Yok,Hayır,,1,Genel Fiyat,23.000TL, Pamukkale - Kınıklı Mahallesi,https://www.emlakjet.com//ilan/ender-uysal-gayrimenkulden-kiniklida-31-esyali-lux-apart-16577569/,,,,,,,,,,,,,,,
636,16577074,31 Aralık 2024,16 Ocak 2025,Konut,Kiralık,Daire,48 m²,55 m²,1+1,0 (Yeni),2.Kat,3,Kombi Doğalgaz,Boş,Boş,Kat Mülkiyeti,Hayır,,1,Genel Fiyat,15.000TL, Merkezefendi - Çakmak Mahallesi,https://www.emlakjet.com//ilan/selcukbeyde-kiralik-11-apart-veya-ofis-16577074/,,,Yok,,,345,27,,,,1,,,,
637,16574514,30 Aralık 2024,11 Mart 2025,Konut,Kiralık,Residence,60 m²,70 m²,2+0,5-10,Yüksek Giriş,3,Kombi Doğalgaz,Boş,Eşyalı,Kat Mülkiyeti,Hayır,,1,Genel Fiyat,12.000TL, Merkezefendi - Akkonak Mahallesi,https://www.emlakjet.com//ilan/akkonak-mevkisinde-20-kiralik-apart-16574514/,,,Var,1,,,,Açık Balkon,,,,,,,
638,16573630,30 Aralık 2024,31 Aralık 2024,Konut,Kiralık,Daire,45 m²,50 m²,1+1,5-10,Bahçe Katı,3,Yerden Isıtma,Boş,Eşyalı,Kat Mülkiyeti,Hayır,Yok,1,Genel Fiyat,8.500TL, Pamukkale - Asmalıevler Mahallesi,https://www.emlakjet.com//ilan/asmalievler-de-mahal-cafe-ye-5-dakika-11-bace-kati-apart-16573630/,,,,,,,,,,,,,,,
639,16573627,30 Aralık 2024,30 Aralık 2024,Konut,Kiralık,Daire,47 m²,50 m²,1+1,1,1.Kat,3,Yerden Isıtma,Boş,Eşyalı,Kat İrtifakı,Hayır,Yok,1,Genel Fiyat,14.000TL, Pamukkale - Yunusemre Mahallesi,https://www.emlakjet.com//ilan/yunus-emre-de-klimali-balkonlu-luks-konsept-11-esyali-daire-16573627/,,,,,,,,,,,,,,,
640,16573626,30 Aralık 2024,30 Aralık 2024,Konut,Kiralık,Daire,45 m²,50 m²,1+1,5-10,2.Kat,5,Yerden Isıtma,Boş,Eşyalı,Kat Mülkiyeti,Hayır,Yok,1,Genel Fiyat,10.000TL, Pamukkale - Zeytinköy Mahallesi,https://www.emlakjet.com//ilan/zeytinkoy-de-yuksektepe-isiklarinda-11-kiralik-esyali-lux-daire-16573626/,,,,,,,,,,,,,,,
641,16573624,30 Aralık 2024,31 Aralık 2024,Konut,Kiralık,Daire,45 m²,50 m²,1+1,5-10,3.Kat,5,Yerden Isıtma,Boş,Eşyalı,Kat Mülkiyeti,Hayır,Yok,1,Genel Fiyat,13.000TL, Pamukkale - Zeytinköy Mahallesi,https://www.emlakjet.com//ilan/zeytinkoy-de-yuksektepe-isiklarinda-11-lux-esyali-daire-16573624/,,,,,,,,,,,,,,,
642,16573106,30 Aralık 2024,27 Mart 2025,Konut,Kiralık,Daire,42 m²,45 m²,1+1,5-10,Bahçe Katı,5,Kombi Doğalgaz,Boş,,Kat Mülkiyeti,Hayır,,1,Genel Fiyat,8.000TL, Pamukkale - Kınıklı Mahallesi,https://www.emlakjet.com//ilan/ender-uysal-gayrimenkulden-kinikli-kampuste-11-kiralik-esyali-daire-16573106/,,,,,,5438,18,,,,,,,,
643,16572647,30 Aralık 2024,31 Aralık 2024,Konut,Kiralık,Daire,40 m²,50 m²,1+1,0 (Yeni),2.Kat,5,Yerden Isıtma,Boş,Eşyalı,Kat İrtifakı,Hayır,Yok,1,Genel Fiyat,15.000TL, Pamukkale - Asmalıevler Mahallesi,https://www.emlakjet.com//ilan/asmalievler-de-kiralik-11-21-sifir-esyali-suit-apartlar-16572647/,,,,,,,,,,,,,,,
644,16572643,30 Aralık 2024,30 Aralık 2024,Konut,Kiralık,Daire,210 m²,220 m²,4+1,16-20,2.Kat,4,Kombi Doğalgaz,Boş,Boş,Kat Mülkiyeti,Hayır,Yok,2,Genel Fiyat,20.000TL, Pamukkale - Atalar Mahallesi,https://www.emlakjet.com//ilan/mg-premium-dan-atalar-mh-mevki-kiralik-mukemmel-41-daire-16572643/,,,,,,,,,,,,,,,
645,16572410,30 Aralık 2024,13 Mart 2025,Konut,Kiralık,Daire,105 m²,110 m²,2+1,21 Ve Üzeri,Bahçe Katı,3,Kombi Doğalgaz,Boş,Boş,Kat İrtifakı,Hayır,Yok,1,Genel Fiyat,10.000TL, Merkezefendi - Karaman Mahallesi,https://www.emlakjet.com//ilan/karaman-21-bahce-kati-kiralik-16572410/,,,,,,,,,,,,,,,
646,16571166,30 Aralık 2024,11 Mart 2025,Konut,Kiralık,Daire,45 m²,55 m²,1+1,5-10,Bahçe Katı,3,Yerden Isıtma,Boş,,Kat Mülkiyeti,Evet,,1,Genel Fiyat,7.000TL, Pamukkale - Zeytinköy Mahallesi,https://www.emlakjet.com//ilan/tev-lisesi-yakini-11-kiralik-apart-daire-16571166/,,,Yok,,,,,,,,1,,,,
647,16571082,30 Aralık 2024,30 Aralık 2024,Konut,Kiralık,Daire,65 m²,70 m²,2+1,11-15,1.Kat,3,Kombi Doğalgaz,Boş,Eşyalı,Kat Mülkiyeti,Hayır,,1,Genel Fiyat,13.000TL, Pamukkale - Zeytinköy Mahallesi,https://www.emlakjet.com//ilan/kiralik-21-apartlar-16571082/,,13000 TL,Yok,,,,,,İkinci El,Betonarme,1,,,,
648,16570398,30 Aralık 2024,11 Mart 2025,Konut,Kiralık,Daire,65 m²,70 m²,2+1,0 (Yeni),3.Kat,4,Kombi Doğalgaz,Boş,,Kat Mülkiyeti,Hayır,,1,Genel Fiyat,17.000TL, Merkezefendi - Karahasanlı Mahallesi,https://www.emlakjet.com//ilan/karahasanlida-sehir-hastanesi-karsisinda-kiralik-esyasiz-lux-apartlar-16570398/,,,,,,,,,,,,,,,
649,16568525,30 Aralık 2024,26 Şubat 2025,Konut,Kiralık,Daire,155 m²,160 m²,3+1,5-10,5.Kat,5,Kombi Doğalgaz,Boş,Boş,Kat Mülkiyeti,Evet,Yok,1,Genel Fiyat,28.400TL, Merkezefendi - Gerzele Mahallesi,https://www.emlakjet.com//ilan/gerzele-de-harika-konumda-genis-kiralik-daire-16568525/,,,,,,,,,,,,,,,
650,16568459,30 Aralık 2024,30 Aralık 2024,Konut,Kiralık,Daire,140 m²,150 m²,3+1,16-20,1.Kat,2,Kombi Doğalgaz,Boş,Boş,Kat Mülkiyeti,Hayır,Yok,2,Genel Fiyat,22.000TL, Pamukkale - İncilipınar Mahallesi,https://www.emlakjet.com//ilan/hermess-den-incilipinar-da-31-amerikan-mutfakli-kiralik-daire-16568459/,,,,,,,,,,,,,,,
651,16568104,29 Aralık 2024,24 Şubat 2025,Konut,Kiralık,Daire,75 m²,80 m²,2+1,0 (Yeni),3.Kat,3,Kombi Doğalgaz,Boş,Eşyalı,Kat İrtifakı,Hayır,Yok,1,Genel Fiyat,15.000TL, Merkezefendi - Merkez Efendi Mahallesi,https://www.emlakjet.com//ilan/denizli-denipol-hastanesi-yani-21-apartimiz-kiraliktir-16568104/,,,,,,,,,,,,,,,
652,16567098,29 Aralık 2024,22 Şubat 2025,Konut,Kiralık,Daire,170 m²,180 m²,3+1,21 Ve Üzeri,3.Kat,7,Kombi Doğalgaz,Boş,Boş,Kat Mülkiyeti,Hayır,Yok,1,Genel Fiyat,16.000TL, Pamukkale - İstiklal Mahallesi,https://www.emlakjet.com//ilan/istiklal-caddesinde-31-180-m2-daire-16567098/,,,,,,,,,,,,,,,
653,16565655,29 Aralık 2024,30 Aralık 2024,Konut,Kiralık,Daire,40 m²,55 m²,1+1,11-15,Çatı Katı,3,Kombi Doğalgaz,Boş,Eşyalı,Kat Mülkiyeti,Hayır,Yok,1,Genel Fiyat,12.000TL, Pamukkale - Kınıklı Mahallesi,https://www.emlakjet.com//ilan/universiteye-cok-yakin-kampusun-gobeginde-11-terasli-luks-apart-16565655/,,,,,,,,,,,,,,,
654,16564632,29 Aralık 2024,26 Şubat 2025,Konut,Kiralık,Daire,55 m²,60 m²,1+1,3,Bahçe Katı,1,Yerden Isıtma,Boş,Eşyalı,Müstakil Tapulu,Hayır,Yok,1,Genel Fiyat,17.000TL, Merkezefendi - Servergazi Mahallesi,https://www.emlakjet.com//ilan/sehzade-den-servergazi-de-kiralik-apart-16564632/,,,,,,,,,,,,,,,
655,16564391,29 Aralık 2024,30 Aralık 2024,Konut,Kiralık,Daire,120 m²,150 m²,3+1,21 Ve Üzeri,3.Kat,5,Kombi Doğalgaz,Boş,Boş,Kat Mülkiyeti,Evet,Yok,1,Genel Fiyat,22.000TL, Merkezefendi - Mehmet Akif Ersoy Mahallesi,https://www.emlakjet.com//ilan/kr-yatirim-dan-tapu-mudurlugu-karsisinda-31-daire-kiraliktir-16564391/,,,,,,,,,,,,,,,
656,16563514,29 Aralık 2024,30 Aralık 2024,Konut,Kiralık,Daire,125 m²,130 m²,3+1,16-20,1.Kat,3,Kombi Doğalgaz,Boş,Boş,Kat Mülkiyeti,Hayır,,1,Genel Fiyat,16.000TL, Merkezefendi - Değirmenönü Mahallesi,https://www.emlakjet.com//ilan/degirmenonu-nde-kiralik-31-dogalgazli-daire-16563514/,,16000 TL,Var,2,,,,Açık Balkon,,,,,,,
657,16562615,29 Aralık 2024,30 Aralık 2024,Konut,Kiralık,Daire,45 m²,50 m²,Stüdyo,5-10,1.Kat,4,Kombi Doğalgaz,Boş,Eşyalı,Kat Mülkiyeti,Hayır,Yok,1,Genel Fiyat,10.000TL, Merkezefendi - Bahçelievler Mahallesi,https://www.emlakjet.com//ilan/mg-premium-dan-bahcelievlerde-bolge-hastanesine-yakin-apart-16562615/,,,,,,,,,,,,,,,
658,16562458,29 Aralık 2024,08 Ocak 2025,Konut,Kiralık,Daire,165 m²,185 m²,3+1,0 (Yeni),4.Kat,9,Kombi Doğalgaz,Boş,Boş,Kat Mülkiyeti,Evet,Yok,2,Genel Fiyat,40.000TL, Merkezefendi - Şemikler Mahallesi,https://www.emlakjet.com//ilan/yesilpark-evleri-nde-185-m-havuz-cepheli-31-kiralik-daire-16562458/,,,,,,,,,,,,,,,
659,16562417,29 Aralık 2024,08 Ocak 2025,Konut,Kiralık,Daire,60 m²,65 m²,2+1,11-15,3.Kat,3,Kombi Doğalgaz,Boş,Eşyalı,Kat İrtifakı,Hayır,Yok,1,Genel Fiyat,10.500TL, Pamukkale - Zeytinköy Mahallesi,https://www.emlakjet.com//ilan/cerrahi-hastanesi-arkasi-asmalievler-mah-kiralik-apart-daire-16562417/,,,,,,,,,,,,,,,
660,16562413,29 Aralık 2024,08 Ocak 2025,Konut,Kiralık,Daire,155 m²,170 m²,3+1,5-10,3.Kat,5,Kombi Doğalgaz,Boş,Boş,Kat Mülkiyeti,Hayır,Yok,1,Genel Fiyat,42.500TL, Merkezefendi - Gerzele Mahallesi,https://www.emlakjet.com//ilan/gerzele-mahallesinde-kose-konumda-kiralik-ara-kat-daire-16562413/,,,,,,,,,,,,,,,
661,16562392,29 Aralık 2024,31 Ocak 2025,Konut,Kiralık,Daire,42 m²,46 m²,1+1,2,2.Kat,2,Yerden Isıtma,Boş,Boş,Müstakil Tapulu,Hayır,Yok,1,Genel Fiyat,11.500TL, Merkezefendi - Adalet Mahallesi,https://www.emlakjet.com//ilan/29ekim-bulvari-kiralik-ofis-11-16562392/,,,,,,,,,,,,,,,
662,16560297,29 Aralık 2024,30 Aralık 2024,Konut,Kiralık,Daire,65 m²,75 m²,1+1,0 (Yeni),Bahçe Katı,2,Kombi Doğalgaz,Boş,Eşyalı,Kat Mülkiyeti,Hayır,Yok,1,Genel Fiyat,12.000TL, Pamukkale - Asmalıevler Mahallesi,https://www.emlakjet.com//ilan/mysan-dan-bahceli-villa-tadinda-esyali-apart-daire-16560297/,,,,,,,,,,,,,,,
663,16558866,28 Aralık 2024,28 Şubat 2025,Konut,Kiralık,Daire,90 m²,95 m²,2+0,5-10,1.Kat,3,Kombi Doğalgaz,Boş,Boş,Kat Mülkiyeti,Hayır,Yok,1,Genel Fiyat,10.000TL, Pamukkale - Zeytinköy Mahallesi,https://www.emlakjet.com//ilan/universiteye-yakin-konumda-aile-binasinda-balkonlu-20-kiralik-16558866/,,,,,,,,,,,,,,,
664,16558242,28 Aralık 2024,08 Ocak 2025,Konut,Kiralık,Daire,140 m²,160 m²,3+1,21 Ve Üzeri,2.Kat,4,Kombi Doğalgaz,Boş,Boş,Müstakil Tapulu,Hayır,Yok,2,Genel Fiyat,15.000TL, Pamukkale - Topraklık Mahallesi,https://www.emlakjet.com//ilan/halk-caddesi-31-kiralik-daire-16558242/,,,,,,,,,,,,,,,
665,16558207,28 Aralık 2024,08 Şubat 2025,Konut,Kiralık,Daire,107 m²,117 m²,2+1,21 Ve Üzeri,5.Kat,5,Merkezi (Pay Ölçer),Boş,Boş,Kat Mülkiyeti,Hayır,Yok,1,Genel Fiyat,19.000TL, Pamukkale - Mehmetçik Mahallesi,https://www.emlakjet.com//ilan/forum-camlik-yakini-mehmetcik-mah-21-117-m-kiralik-daire-16558207/,,,,,,1549,9,,,,,,,,
666,16558176,28 Aralık 2024,08 Ocak 2025,Konut,Kiralık,Daire,185 m²,210 m²,3+1,21 Ve Üzeri,5.Kat,6,Kombi Doğalgaz,Boş,Boş,Müstakil Tapulu,Hayır,Yok,1,Genel Fiyat,13.500TL, Merkezefendi - Altıntop Mahallesi,https://www.emlakjet.com//ilan/denizli-caybasi-caddesinde-31-180-mt2-kiralik-ofis-16558176/,,,,,,,,,,,,,,,
667,16558060,28 Aralık 2024,11 Ocak 2025,Konut,Kiralık,Daire,110 m²,120 m²,2+1,5-10,1.Kat,3,Kombi Doğalgaz,Boş,,Kat Mülkiyeti,Evet,,1,Genel Fiyat,14.000TL, Pamukkale - Yunusemre Mahallesi,https://www.emlakjet.com//ilan/yunusemre-mah-21-kiralik-daire-16558060/,200 TL,15000 TL,Var,3,,,,,,,,,,,
668,16557746,28 Aralık 2024,30 Aralık 2024,Konut,Kiralık,Daire,45 m²,50 m²,1+1,11-15,Çatı Katı,2,Merkezi Doğalgaz,Boş,,Kat Mülkiyeti,Hayır,,1,Genel Fiyat,7.000TL, Pamukkale - Zeytinköy Mahallesi,https://www.emlakjet.com//ilan/cerrahi-hastanesi-arkasi-klimali-esyali-11-apart-16557746/,0 TL,7000 TL,,,,272,3,,,,,,,,
669,16557457,28 Aralık 2024,25 Şubat 2025,Konut,Kiralık,Daire,185 m²,190 m²,3+1,11-15,3.Kat,4,Jeotermal,Boş,Boş,Müstakil Tapulu,Hayır,Yok,1,Genel Fiyat,15.000TL, Sarayköy - Atatürk Mahallesi,https://www.emlakjet.com//ilan/muhtarim-emlaktan-kiralik-daire-16557457/,,,Var,2,Hayır,,,Açık Balkon,,,,,,,
670,16556196,28 Aralık 2024,11 Mart 2025,Konut,Kiralık,Residence,50 m²,55 m²,1+1,11-15,7.Kat,7,Kombi Doğalgaz,Boş,,Kat Mülkiyeti,Hayır,,1,Genel Fiyat,12.000TL, Merkezefendi - Değirmenönü Mahallesi,https://www.emlakjet.com//ilan/lise-cad-11-balkonlu-16556196/,,12000 TL,Var,,,,,,,,,,,,
671,16555918,28 Aralık 2024,27 Şubat 2025,Konut,Kiralık,Daire,50 m²,65 m²,1+1,3,Çatı Katı,3,Kombi Doğalgaz,Boş,,Kat İrtifakı,Evet,,1,Genel Fiyat,11.000TL, Pamukkale - Yunusemre Mahallesi,https://www.emlakjet.com//ilan/antalya-yolu-uzeri-apart-16555918/,,11000 TL,Var,1,,147,8,Açık Balkon,,,,,,,
672,16553365,27 Aralık 2024,11 Mart 2025,Konut,Kiralık,Daire,150 m²,158 m²,3+1,16-20,1.Kat,4,Kombi Doğalgaz,Boş,,Kat Mülkiyeti,Hayır,,1,Genel Fiyat,18.000TL, Pamukkale - 15 Mayıs Mahallesi,https://www.emlakjet.com//ilan/ergulden-kiralik-esyali-daire-16553365/,,,Var,2,,,,Açık Balkon,,,,,,,
673,16553003,27 Aralık 2024,11 Mart 2025,Konut,Kiralık,Daire,50 m²,55 m²,1+1,4,2.Kat,3,Yerden Isıtma,Boş,,Kat Mülkiyeti,Hayır,,1,Genel Fiyat,12.000TL, Merkezefendi - Değirmenönü Mahallesi,https://www.emlakjet.com//ilan/degirmenonu-lux-kiralik-11-16553003/,,12000 TL,Yok,,,,,,,,,,,,
674,16552891,27 Aralık 2024,26 Şubat 2025,Konut,Kiralık,Daire,40 m²,50 m²,1+1,5-10,2.Kat,4,Kombi Doğalgaz,Boş,Eşyalı,Bilinmiyor,Hayır,Yok,1,Genel Fiyat,12.000TL, Tavas - Kızılcabölük Mahallesi,https://www.emlakjet.com//ilan/kinikli-da-fahham-kafe-arkasinda-kiralik-apart-16552891/,,,,,,,,,İkinci El,Betonarme,,,,,
675,16552889,27 Aralık 2024,26 Şubat 2025,Konut,Kiralık,Daire,40 m²,50 m²,1+1,5-10,2.Kat,3,Yerden Isıtma,Boş,Eşyalı,Bilinmiyor,Hayır,Yok,1,Genel Fiyat,13.000TL, Merkezefendi - Mehmet Akif Ersoy Mahallesi,https://www.emlakjet.com//ilan/tapuya-yakin-konumda-balkonlu-kiralik-apart-16552889/,,,,,,,,,İkinci El,Betonarme,,,,,
676,16552551,27 Aralık 2024,30 Aralık 2024,Konut,Kiralık,Daire,195 m²,210 m²,3+1,5-10,1.Kat,4,Kombi Doğalgaz,Boş,Boş,Kat Mülkiyeti,Hayır,,2,Genel Fiyat,30.000TL, Merkezefendi - Adalet Mahallesi,https://www.emlakjet.com//ilan/adalette-kiralik-31-genis-daire-16552551/,,,Var,2,,,,Açık Balkon,,,,,,,
677,16552333,27 Aralık 2024,11 Şubat 2025,Konut,Kiralık,Daire,70 m²,90 m²,2+0,0 (Yeni),2.Kat,2,Kombi Doğalgaz,Boş,Boş,Kat Mülkiyeti,Hayır,,1,Genel Fiyat,17.000TL, Merkezefendi - Adalet Mahallesi,https://www.emlakjet.com//ilan/kiralik-daire-16552333/,,0 TL,Var,1,Hayır,,,Kapalı Balkon,,,1,10 m²,15 m²,,
678,16549300,27 Aralık 2024,30 Aralık 2024,Konut,Kiralık,Daire,39 m²,40 m²,1+1,5-10,1.Kat,3,Kombi Doğalgaz,Boş,Eşyalı,Kat Mülkiyeti,Hayır,Yok,1,Genel Fiyat,10.000TL, Pamukkale - Kınıklı Mahallesi,https://www.emlakjet.com//ilan/universiteye-1-dakika-11-40-m-esyali-balkonlu-luks-apart-16549300/,,,,,,,,,,,,,,,
679,16549244,27 Aralık 2024,10 Ocak 2025,Konut,Kiralık,Daire,100 m²,115 m²,2+1,4,2.Kat,3,Yerden Isıtma,Boş,Boş,Kat Mülkiyeti,Hayır,Yok,1,Genel Fiyat,18.500TL, Merkezefendi - Şemikler Mahallesi,https://www.emlakjet.com//ilan/semiklerde-albayraga-yakin-21-naz-bayrak-ustunde-kiralik-daire-16549244/,,,,,,,,,,,,,,,
680,16548773,26 Aralık 2024,11 Mart 2025,Konut,Kiralık,Daire,85 m²,90 m²,2+1,11-15,Bahçe Katı,5,Kombi Doğalgaz,Boş,,Kat Mülkiyeti,Hayır,,1,Genel Fiyat,10.000TL, Pamukkale - Yunusemre Mahallesi,https://www.emlakjet.com//ilan/ergulden-kiralik-bahcekati-16548773/,,,Yok,,,,,,,,,,,,
681,16548700,26 Aralık 2024,11 Mart 2025,Konut,Kiralık,Daire,90 m²,95 m²,2+1,1,3.Kat,5,Kombi Doğalgaz,Boş,Eşyalı,Kat Mülkiyeti,Hayır,,1,Genel Fiyat,20.000TL, Pamukkale - Yunusemre Mahallesi,https://www.emlakjet.com//ilan/ergulden-kiniklida-kiralik-esyali-daire-16548700/,,,Var,1,,,,Açık Balkon,,,,,,,
682,16547615,26 Aralık 2024,30 Aralık 2024,Konut,Kiralık,Daire,145 m²,150 m²,3+1,21 Ve Üzeri,2.Kat,7,Kombi Doğalgaz,Boş,,Kat Mülkiyeti,Hayır,,1,Genel Fiyat,19.000TL, Pamukkale - Kuşpınar Mahallesi,https://www.emlakjet.com//ilan/eskidjiden-kuspinar-tugaya-yakin-kiralik-ara-kat-firsat-daire-16547615/,,,,,,,,,,,,,,,
683,16544024,26 Aralık 2024,30 Aralık 2024,Konut,Kiralık,Daire,48 m²,52 m²,1+1,5-10,2.Kat,3,Kombi Doğalgaz,Boş,Eşyalı,Kat Mülkiyeti,Hayır,Yok,1,Genel Fiyat,9.500TL, Pamukkale - İstiklal Mahallesi,https://www.emlakjet.com//ilan/istiklalde-kiralik-11-arakat-apart-balkonlu-16544024/,,,,,,,,,,,,,,,
684,16543677,26 Aralık 2024,11 Mart 2025,Konut,Kiralık,Daire,80 m²,90 m²,2+1,11-15,Bahçe Katı,3,Kombi Doğalgaz,Boş,,Tapu Kaydı Yok,Hayır,,1,Genel Fiyat,8.000TL, Pamukkale - Siteler Mahallesi,https://www.emlakjet.com//ilan/ender-uysal-gayrimenkulden-sitelerde-uygun-fiyatli-21-bahcekati-16543677/,,,,,,,,,,,,,,,
685,16543390,26 Aralık 2024,11 Mart 2025,Konut,Kiralık,Daire,45 m²,50 m²,1+1,5-10,Çatı Katı,3,Yerden Isıtma,Boş,Eşyalı,Kat Mülkiyeti,Hayır,Yok,1,Genel Fiyat,7.500TL, Merkezefendi - Sırakapılar Mahallesi,https://www.emlakjet.com//ilan/saltakda-kiralik-catikati-16543390/,,,,,,,,,,,,,,,
686,16541738,25 Aralık 2024,22 Şubat 2025,Konut,Kiralık,Daire,100 m²,120 m²,2+1,21 Ve Üzeri,4.Kat,6,Kombi Doğalgaz,Boş,Boş,Kat Mülkiyeti,Hayır,Yok,1,Genel Fiyat,13.000TL, Pamukkale - Fatih Mahallesi,https://www.emlakjet.com//ilan/fatih-mahallesinde-kiralik-daire-16541738/,,,,,,,,,,,,,,,
687,16541716,25 Aralık 2024,30 Aralık 2024,Konut,Kiralık,Daire,130 m²,140 m²,3+1,2,3.Kat,4,Yerden Isıtma,Boş,Boş,Kat İrtifakı,Hayır,Yok,1,Genel Fiyat,25.000TL, Merkezefendi - Akkonak Mahallesi,https://www.emlakjet.com//ilan/onurhan-emlaktan-akkonakta-asansorlu-arakat-2-yasinda-daire-16541716/,,,,,,,,,,,,,,,
688,16540323,25 Aralık 2024,11 Mart 2025,Konut,Kiralık,Daire,45 m²,50 m²,1+1,4,1.Kat,4,Kombi Doğalgaz,Boş,,Tapu Kaydı Yok,Hayır,,1,Genel Fiyat,11.000TL, Pamukkale - İncilipınar Mahallesi,https://www.emlakjet.com//ilan/ender-uysaldan-11-incilipinar-da-kiralik-luks-esyali-apart-16540323/,,,,,,,,,,,,,,,
689,16540008,25 Aralık 2024,30 Aralık 2024,Konut,Kiralık,Daire,110 m²,115 m²,2+1,0 (Yeni),4.Kat,5,Kombi Doğalgaz,Boş,Boş,Kat İrtifakı,Hayır,Yok,2,Genel Fiyat,19.000TL, Merkezefendi - Karaman Mahallesi,https://www.emlakjet.com//ilan/karaman-kiremitcide-sifir-21-kiralik-lux-daire-16540008/,,,,,,,,,,,,,,,
690,16539483,25 Aralık 2024,25 Şubat 2025,Konut,Kiralık,Daire,120 m²,140 m²,3+1,2,Yüksek Giriş,3,Yerden Isıtma,Boş,Boş,Kat İrtifakı,Hayır,Yok,1,Genel Fiyat,19.999TL, Merkezefendi - Hallaçlar Mahallesi,https://www.emlakjet.com//ilan/hallaclar-da-31-daire-140-m-2-yillik-masrafsiz-16539483/,,,,,,,,,,,,,,,
691,16538763,25 Aralık 2024,14 Mart 2025,Konut,Kiralık,Daire,165 m²,175 m²,3+1,1,1.Kat,4,Kombi Doğalgaz,Boş,Boş,Kat Mülkiyeti,Hayır,Yok,2,Genel Fiyat,25.000TL, Merkezefendi - Şemikler Mahallesi,https://www.emlakjet.com//ilan/semiklerde-kiralik-31-luks-daire-16538763/,,,,,,,,,,,,,,,
692,16538759,25 Aralık 2024,30 Aralık 2024,Konut,Kiralık,Daire,50 m²,55 m²,1+1,0 (Yeni),2.Kat,3,Kombi Doğalgaz,Boş,Eşyalı,Kat Mülkiyeti,Hayır,Yok,1,Genel Fiyat,12.500TL, Merkezefendi - Muratdede Mahallesi,https://www.emlakjet.com//ilan/florya-gyo-dan-kiralik-ultra-luks-apart-16538759/,,,,,,,,,,,,,,,
693,16538754,25 Aralık 2024,24 Şubat 2025,Konut,Kiralık,Daire,65 m²,75 m²,2+1,11-15,2.Kat,3,Kombi Doğalgaz,Boş,Eşyalı,Kat Mülkiyeti,Hayır,Yok,1,Genel Fiyat,12.000TL, Merkezefendi - Değirmenönü Mahallesi,https://www.emlakjet.com//ilan/cinara-yurume-mesafesinde-kiralik-21-arakat-balkonlu-apart-16538754/,,,,,,,,,,,,,,,
694,16538747,25 Aralık 2024,30 Aralık 2024,Konut,Kiralık,Daire,145 m²,150 m²,3+1,16-20,3.Kat,5,Kombi Doğalgaz,Boş,Boş,Kat Mülkiyeti,Hayır,Yok,1,Genel Fiyat,18.000TL, Merkezefendi - Gültepe Mahallesi,https://www.emlakjet.com//ilan/albayrakta-kiralik-31-arakat-daire-16538747/,,,,,,,,,,,,,,,
695,16538695,25 Aralık 2024,06 Ocak 2025,Konut,Kiralık,Daire,50 m²,55 m²,1+1,5-10,2.Kat,4,Klimalı,Boş,Eşyalı,Kat Mülkiyeti,Hayır,Yok,1,Genel Fiyat,10.000TL, Pamukkale - 15 Mayıs Mahallesi,https://www.emlakjet.com//ilan/cinar-da-11-kiralik-apart-16538695/,,,,,,,,,,,,,,,
696,16538682,25 Aralık 2024,09 Şubat 2025,Konut,Kiralık,Daire,50 m²,55 m²,1+1,5-10,2.Kat,5,Kombi Doğalgaz,Boş,Eşyalı,Kat Mülkiyeti,Hayır,Yok,1,Genel Fiyat,10.500TL, Pamukkale - Pelitlibağ Mahallesi,https://www.emlakjet.com//ilan/cinara-yurume-mesafesinde-kiralik-11-apart-balkonlu-16538682/,,,,,,,,,,,,,,,
697,16538677,25 Aralık 2024,06 Ocak 2025,Konut,Kiralık,Daire,60 m²,75 m²,2+1,4,1.Kat,3,Yerden Isıtma,Boş,Eşyalı,Kat İrtifakı,Hayır,Yok,2,Genel Fiyat,15.000TL, Merkezefendi - Adalet Mahallesi,https://www.emlakjet.com//ilan/adalet-mahallesinde-kiralik-21-apart-16538677/,,,,,,,,,,,,,,,
698,16538655,25 Aralık 2024,07 Ocak 2025,Konut,Kiralık,Daire,60 m²,65 m²,2+1,1,1.Kat,3,Kombi Doğalgaz,Boş,Eşyalı,Kat Mülkiyeti,Hayır,Yok,1,Genel Fiyat,15.000TL, Merkezefendi - Adalet Mahallesi,https://www.emlakjet.com//ilan/adalet-mahallesi-kiralik-21-apart-16538655/,,,,,,,,,,,,,,,
699,16536770,25 Aralık 2024,24 Şubat 2025,Konut,Kiralık,Daire,100 m²,130 m²,2+1,16-20,Bahçe Katı,3,Kombi Doğalgaz,Boş,Eşyalı,Kat Mülkiyeti,Hayır,Yok,1,Genel Fiyat,25.000TL, Merkezefendi - Gerzele Mahallesi,https://www.emlakjet.com//ilan/turyap-tan-kiralik-gerzelede-21-daire-16536770/,,,,,,,,,,,,,,,
700,16536695,25 Aralık 2024,28 Şubat 2025,Konut,Kiralık,Daire,150 m²,160 m²,3+1,16-20,1.Kat,4,Kombi Doğalgaz,Boş,Boş,Kat İrtifakı,Evet,Yok,1,Genel Fiyat,13.500TL, Merkezefendi - Gültepe Mahallesi,https://www.emlakjet.com//ilan/erkus-gyo-dan-gultepe-mahallesinde-31-kiralik-daire-16536695/,,,,,,,,,,,,,,,
701,16536131,25 Aralık 2024,30 Aralık 2024,Konut,Kiralık,Daire,120 m²,130 m²,2+1,21 Ve Üzeri,3.Kat,5,Kombi Doğalgaz,Boş,Boş,Kat Mülkiyeti,Evet,Yok,1,Genel Fiyat,14.000TL, Merkezefendi - Yenişehir Mahallesi,https://www.emlakjet.com//ilan/lobby-fortis-ten-yenisehir-de-sitede-21-130m2-kiralik-daire-16536131/,,,,,,,,,,,,,,,
702,16536115,25 Aralık 2024,30 Aralık 2024,Konut,Kiralık,Daire,55 m²,66 m²,2+1,5-10,3.Kat,4,Kombi Doğalgaz,Boş,Eşyalı,Kat Mülkiyeti,Hayır,Yok,1,Genel Fiyat,12.000TL, Pamukkale - Zeytinköy Mahallesi,https://www.emlakjet.com//ilan/lobby-fortisten-zeytinkoy-de-66m2-kiralik-21-apart-daire-16536115/,,,,,,,,,,,,,,,
703,16536041,25 Aralık 2024,30 Aralık 2024,Konut,Kiralık,Daire,35 m²,45 m²,1+1,11-15,Yüksek Giriş,2,Kombi Doğalgaz,Boş,Eşyalı,Kat Mülkiyeti,Hayır,Yok,1,Genel Fiyat,8.500TL, Merkezefendi - Değirmenönü Mahallesi,https://www.emlakjet.com//ilan/lobby-fortis-ten-degirmenonu-nde-kiralik-35-m2-11-apart-16536041/,,,,,,,,,,,,,,,
704,16536035,25 Aralık 2024,25 Şubat 2025,Konut,Kiralık,Daire,170 m²,190 m²,3+1,5-10,2.Kat,5,Kombi Doğalgaz,Boş,Boş,Kat Mülkiyeti,Hayır,Yok,2,Genel Fiyat,25.500TL, Merkezefendi - Yenişafak Mahallesi,https://www.emlakjet.com//ilan/lobby-fortis-ten-yenisafak-ta-31-180-m2-kiralik-daire-16536035/,,,,,,,,,,,,,,,
705,16534960,25 Aralık 2024,30 Aralık 2024,Konut,Kiralık,Daire,175 m²,180 m²,3+1,5-10,1.Kat,5,Kombi Doğalgaz,Boş,Boş,Kat Mülkiyeti,Evet,Yok,2,Genel Fiyat,30.000TL, Merkezefendi - Gerzele Mahallesi,https://www.emlakjet.com//ilan/osman-ozgur-ilkogretim-okuluna-cok-yakin-31-180-m-luks-konut-16534960/,,,,,,,,,,,,,,,
706,16534766,24 Aralık 2024,30 Aralık 2024,Konut,Kiralık,Daire,125 m²,135 m²,3+1,5-10,2.Kat,4,Kombi Doğalgaz,Boş,Boş,Kat Mülkiyeti,Hayır,Yok,1,Genel Fiyat,17.000TL, Merkezefendi - Yenişafak Mahallesi,https://www.emlakjet.com//ilan/yenisafakta-kiralik-daire-16534766/,,,,,,,,,,,,,,,
707,16534763,24 Aralık 2024,30 Aralık 2024,Konut,Kiralık,Daire,45 m²,55 m²,1+1,5-10,2.Kat,3,Kombi Doğalgaz,Boş,Eşyalı,Kat Mülkiyeti,Hayır,Yok,1,Genel Fiyat,8.000TL, Merkezefendi - Sümer Mahallesi,https://www.emlakjet.com//ilan/sumerde-kiralik-11-arakat-balkonlu-apart-16534763/,,,,,,,,,,,,,,,
708,16533250,24 Aralık 2024,06 Ocak 2025,Konut,Kiralık,Daire,130 m²,145 m²,2+1,21 Ve Üzeri,3.Kat,4,Kombi Doğalgaz,Boş,Boş,Arsa Tapulu,Hayır,Yok,1,Genel Fiyat,15.000TL, Pamukkale - Mehmetçik Mahallesi,https://www.emlakjet.com//ilan/sehzade-den-mehmetcik-te-kiralik-genis-21-daire-16533250/,,,,,,,,,,,,,,,
709,16533245,24 Aralık 2024,20 Ocak 2025,Konut,Kiralık,Daire,45 m²,55 m²,1+1,5-10,3.Kat,3,Yerden Isıtma,Boş,Eşyalı,Kat Mülkiyeti,Hayır,Yok,1,Genel Fiyat,10.000TL, Pamukkale - Kınıklı Mahallesi,https://www.emlakjet.com//ilan/sehzade-den-cok-temiz-sifir-esyali-genis-11-kiralik-daire-16533245/,,,,,,,,,,,,,,,
710,16532233,24 Aralık 2024,30 Aralık 2024,Konut,Kiralık,Daire,175 m²,185 m²,3+1,5-10,2.Kat,4,Kombi Doğalgaz,Boş,Boş,Kat Mülkiyeti,Hayır,Yok,1,Genel Fiyat,25.500TL, Pamukkale - Bağbaşı Mahallesi,https://www.emlakjet.com//ilan/kr-yatirim-dan-bagbasi-anayol-da-185m2-31-kiralik-temiz-daire-16532233/,,,,,,,,,,,,,,,
711,16532168,24 Aralık 2024,06 Ocak 2025,Konut,Kiralık,Daire,40 m²,45 m²,1+1,5-10,Bahçe Katı,5,Kombi Doğalgaz,Boş,Eşyalı,Bilinmiyor,Hayır,Yok,1,Genel Fiyat,9.250TL, Pamukkale - Yunusemre Mahallesi,https://www.emlakjet.com//ilan/tercih-ten-kiralik-balkonlu-bahceli-apart-servis-guzergahi-16532168/,,,,,,,,,İkinci El,,,,,,
712,16532104,24 Aralık 2024,06 Ocak 2025,Konut,Kiralık,Daire,50 m²,60 m²,2+1,5-10,3.Kat,3,Kombi Doğalgaz,Boş,Eşyalı,Bilinmiyor,Hayır,Yok,1,Genel Fiyat,14.000TL, Merkezefendi - Değirmenönü Mahallesi,https://www.emlakjet.com//ilan/tercih-ten-cinar-mevkii-kiralik-21-16532104/,400 TL,,,,,,,,İkinci El,Betonarme,,,,,
713,16530175,24 Aralık 2024,30 Aralık 2024,Konut,Kiralık,Daire,220 m²,225 m²,5+1,5-10,1.Kat,5,Kombi Doğalgaz,Boş,Boş,Kat Mülkiyeti,Hayır,,2,Genel Fiyat,25.000TL, Pamukkale - İncilipınar Mahallesi,https://www.emlakjet.com//ilan/fd-gayrimenkulden-foruma-yakin-incilipinarda-kiralik-51-bos-daire-16530175/,,25000 TL,Var,2,,,,,,,2,,,,
714,16529491,24 Aralık 2024,06 Ocak 2025,Konut,Kiralık,Daire,55 m²,60 m²,1+1,3,2.Kat,4,Yerden Isıtma,Boş,Eşyalı,Kat Mülkiyeti,Hayır,Yok,1,Genel Fiyat,13.000TL, Pamukkale - Zeytinköy Mahallesi,https://www.emlakjet.com//ilan/mercan-dan-11-esyali-balkonlu-fatura-dahil-luks-apart-16529491/,,,,,,,,,,,,,,,
715,16528637,24 Aralık 2024,30 Aralık 2024,Konut,Kiralık,Daire,120 m²,145 m²,2+1,11-15,Çatı Katı,5,Kombi Doğalgaz,Boş,Boş,Kat Mülkiyeti,Hayır,,1,Genel Fiyat,14.000TL, Merkezefendi - Akkonak Mahallesi,https://www.emlakjet.com//ilan/akkonakta-kiralik-daire-16528637/,200 TL,14000 TL,Var,1,,,,Kapalı Teras,,,,,,,
716,16527370,24 Aralık 2024,30 Aralık 2024,Konut,Kiralık,Daire,45 m²,55 m²,1+1,5-10,4.Kat,5,Kombi Doğalgaz,Boş,,Kat Mülkiyeti,Hayır,Yok,1,Genel Fiyat,12.000TL, Pamukkale - İstiklal Mahallesi,https://www.emlakjet.com//ilan/kayhan-cadde-uzeri-genis-11-ara-kat-bakkonlu-asansorlu-apart-16527370/,,,,,,,,,,,,,,,
717,16525847,24 Aralık 2024,11 Mart 2025,Konut,Kiralık,Residence,50 m²,58 m²,1+1,5-10,2.Kat,3,Kombi Doğalgaz,Boş,Eşyalı,Kat Mülkiyeti,Hayır,,1,Genel Fiyat,12.000TL, Merkezefendi - Değirmenönü Mahallesi,https://www.emlakjet.com//ilan/degirmen-onu-mevkisinde-kiralik-apart-16525847/,,12000 TL,,,,,,,,,,,,,
718,16525833,24 Aralık 2024,11 Mart 2025,Konut,Kiralık,Residence,50 m²,55 m²,1+1,5-10,7.Kat,7,Merkezi Doğalgaz,Boş,Eşyalı,Kat Mülkiyeti,Hayır,,1,Genel Fiyat,11.000TL, Pamukkale - Atalar Mahallesi,https://www.emlakjet.com//ilan/atalar-mevkisinde-abonelikleri-acik-kiralik-apart-16525833/,,11000 TL,Var,1,,,,Açık Balkon,,,,,,,
719,16525824,24 Aralık 2024,11 Mart 2025,Konut,Kiralık,Residence,50 m²,55 m²,1+1,5-10,2.Kat,3,Kombi Doğalgaz,Boş,Eşyalı,Kat Mülkiyeti,Hayır,,1,Genel Fiyat,10.000TL, Pamukkale - 15 Mayıs Mahallesi,https://www.emlakjet.com//ilan/cinara-yurume-mesafesinde-kiralik-apart-16525824/,,10000 TL,Yok,,,,,,,,,,,,
720,16525804,24 Aralık 2024,26 Şubat 2025,Konut,Kiralık,Daire,65 m²,75 m²,2+1,5-10,2.Kat,3,Merkezi Doğalgaz,Boş,Eşyalı,Bilinmiyor,Hayır,Yok,1,Genel Fiyat,11.500TL, Pamukkale - Bağbaşı Mahallesi,https://www.emlakjet.com//ilan/asmalievlerde-ata-market-yakini-kiralik-balkonlu-21-16525804/,300 TL,,,,,,,,İkinci El,Betonarme,,,,,
721,16525723,23 Aralık 2024,24 Şubat 2025,Konut,Kiralık,Daire,110 m²,125 m²,3+1,21 Ve Üzeri,3.Kat,3,Klimalı,Boş,,Bilinmiyor,Hayır,Yok,1,Genel Fiyat,13.000TL, Çivril - Aşağı Mahallesi,https://www.emlakjet.com//ilan/carsi-merkezde-genis-kiralik-isyeri-16525723/,1 TL,,,,,,,,,,,,,,
722,16525295,23 Aralık 2024,11 Mart 2025,Konut,Kiralık,Daire,49 m²,55 m²,1+1,5-10,3.Kat,3,Kombi Doğalgaz,Boş,,Kat Mülkiyeti,Hayır,,1,Genel Fiyat,11.000TL, Merkezefendi - Sırakapılar Mahallesi,https://www.emlakjet.com//ilan/ergulden-sirakapilar-mahallesinde-kiralik-apart-16525295/,200 TL,,Yok,,,,,,,,,,,,
723,16524822,23 Aralık 2024,26 Şubat 2025,Konut,Kiralık,Daire,160 m²,180 m²,3+1,11-15,3.Kat,5,Kombi Doğalgaz,Boş,Boş,Kat Mülkiyeti,Evet,Yok,1,Genel Fiyat,25.000TL, Merkezefendi - Yenişafak Mahallesi,https://www.emlakjet.com//ilan/yenisafak-mah-ferhatlar-kolejine-100-mt-180-m2-31-ara-kat-16524822/,,,,,,,,,,,,,,,
724,16523662,23 Aralık 2024,06 Ocak 2025,Konut,Kiralık,Daire,100 m²,120 m²,2+1,11-15,2.Kat,3,Kombi Doğalgaz,Boş,Boş,Kat Mülkiyeti,Hayır,Yok,1,Genel Fiyat,12.000TL, Merkezefendi - Gültepe Mahallesi,https://www.emlakjet.com//ilan/gultepe-mahallesinde-kiralik-21-mustakil-daire-16523662/,,,,,,,,,,,,,,,
725,16522737,23 Aralık 2024,02 Ocak 2025,Konut,Kiralık,Daire,44 m²,55 m²,2+1,5-10,2.Kat,5,Merkezi Doğalgaz,Boş,Eşyalı,Kat Mülkiyeti,Hayır,Yok,1,Genel Fiyat,17.000TL, Pamukkale - 15 Mayıs Mahallesi,https://www.emlakjet.com//ilan/twokey-den-cinarda-kiralik-11-apart-16522737/,,,,,,,,,,,,,,,
726,16522186,23 Aralık 2024,06 Ocak 2025,Konut,Kiralık,Daire,50 m²,55 m²,1+1,5-10,3.Kat,4,Merkezi Doğalgaz,Boş,Eşyalı,Kat Mülkiyeti,Hayır,Yok,1,Genel Fiyat,14.000TL, Pamukkale - Kınıklı Mahallesi,https://www.emlakjet.com//ilan/mg-premium-dan-camlik-mevki-11-50m2-ultra-lux-genis-apart-16522186/,,,,,,,,,,,,,,,
727,16522178,23 Aralık 2024,30 Aralık 2024,Konut,Kiralık,Daire,75 m²,80 m²,2+1,5-10,2.Kat,3,Yerden Isıtma,Boş,Eşyalı,Kat Mülkiyeti,Hayır,Yok,1,Genel Fiyat,12.500TL, Pamukkale - Zeytinköy Mahallesi,https://www.emlakjet.com//ilan/mg-premiumdan-80m2-adli-tip-binasina-yakin-21-klimali-lux-apart-16522178/,,,,,,,,,,,,,,,
728,16522171,23 Aralık 2024,06 Ocak 2025,Konut,Kiralık,Daire,65 m²,70 m²,1+1,5-10,Bahçe Katı,3,Yerden Isıtma,Boş,Eşyalı,Kat Mülkiyeti,Hayır,Yok,1,Genel Fiyat,8.000TL, Pamukkale - Zeytinköy Mahallesi,https://www.emlakjet.com//ilan/mg-premium-dan-zeytinkoyde-70m2-11-klimali-bahceli-lux-apart-16522171/,,,,,,,,,,,,,,,
729,16522165,23 Aralık 2024,30 Aralık 2024,Konut,Kiralık,Daire,45 m²,50 m²,1+1,11-15,Çatı Katı,3,Merkezi Doğalgaz,Boş,Eşyalı,Kat Mülkiyeti,Hayır,Yok,1,Genel Fiyat,8.500TL, Pamukkale - Zeytinköy Mahallesi,https://www.emlakjet.com//ilan/mg-premium-dan-cerrahi-hastanesine-yakin-cati-kati-11-apart-16522165/,,,,,,,,,,,,,,,
730,16519735,23 Aralık 2024,15 Ocak 2025,Konut,Kiralık,Daire,80 m²,100 m²,2+1,16-20,2.Kat,3,Kombi Doğalgaz,Boş,Boş,Kat Mülkiyeti,Hayır,Yok,1,Genel Fiyat,13.000TL, Merkezefendi - Karaman Mahallesi,https://www.emlakjet.com//ilan/kr-yatirim-dan-karamanda-park-cepheli-balkonlu-ara-kat-21-daire-16519735/,,,,,,,,,,,,,,,
731,16517469,22 Aralık 2024,13 Ocak 2025,Konut,Kiralık,Daire,45 m²,55 m²,1+1,5-10,1.Kat,4,Kombi Doğalgaz,Boş,Eşyalı,Kat Mülkiyeti,Hayır,,1,Genel Fiyat,9.000TL, Pamukkale - Asmalıevler Mahallesi,https://www.emlakjet.com//ilan/kiralik-apartlar-16517469/,200 TL,,Var,1,Hayır,,,Açık Balkon,İkinci El,Betonarme,1,,10 m²,,
732,16515715,21 Aralık 2024,11 Mart 2025,Konut,Kiralık,Daire,180 m²,200 m²,3+1,5-10,1.Kat,4,Kombi Doğalgaz,Boş,,Kat Mülkiyeti,Evet,,2,Genel Fiyat,22.000TL, Merkezefendi - Merkez Efendi Mahallesi,https://www.emlakjet.com//ilan/merkezefendi-de-kiralik-daire-31-daire-16515715/,,,Var,2,,,,,,,,,,,
733,16513663,21 Aralık 2024,11 Mart 2025,Konut,Kiralık,Daire,30 m²,32 m²,1 Oda,5-10,Çatı Katı,3,Kombi Doğalgaz,Boş,,Kat Mülkiyeti,Hayır,,1,Genel Fiyat,7.000TL, Pamukkale - Kınıklı Mahallesi,https://www.emlakjet.com//ilan/ender-uysal-dan-kiniklida-10-kiralik-apart-16513663/,,,,,,2330,17,,,,,,,,
734,16512353,20 Aralık 2024,28 Mart 2025,Konut,Kiralık,Daire,43 m²,45 m²,1+1,5-10,2.Kat,4,Kombi Doğalgaz,Boş,,Kat Mülkiyeti,Hayır,,1,Genel Fiyat,9.000TL, Pamukkale - Kınıklı Mahallesi,https://www.emlakjet.com//ilan/ender-uysal-dan-kiniklida-11-kiralik-apart-16512353/,,,,,,2330,17,,,,,,,,
735,16511328,20 Aralık 2024,11 Mart 2025,Konut,Kiralık,Daire,140 m²,145 m²,3+1,21 Ve Üzeri,5.Kat,7,Kombi Doğalgaz,Boş,,Kat Mülkiyeti,Hayır,,1,Genel Fiyat,18.000TL, Pamukkale - Hacıkaplanlar Mahallesi,https://www.emlakjet.com//ilan/ergulden-ful-esyali-kiralik-daire-16511328/,,,Var,2,,,,"Açık Balkon, Kapalı Balkon",,,,,,,
736,16510345,20 Aralık 2024,04 Nisan 2025,Konut,Kiralık,Daire,165 m²,170 m²,3+1,1,1.Kat,4,Yerden Isıtma,Boş,,Tapu Kaydı Yok,Hayır,,2,Genel Fiyat,25.000TL, Merkezefendi - Şemikler Mahallesi,https://www.emlakjet.com//ilan/denizli-semikler-de-31-170-m2-mukemmel-konumda-kiralik-daire-16510345/,,,,,,,,,,,,,,,
737,16508662,20 Aralık 2024,30 Aralık 2024,Konut,Kiralık,Daire,140 m²,150 m²,3+1,11-15,2.Kat,3,Kombi Doğalgaz,Boş,,Kat Mülkiyeti,Evet,,1,Genel Fiyat,25.000TL, Pamukkale - Kuşpınar Mahallesi,https://www.emlakjet.com//ilan/kuspinar-da-kiralik-daireler-16508662/,,,Var,1,,,,,,,,,,,
738,16507191,20 Aralık 2024,20 Ocak 2025,Konut,Kiralık,Residence,50 m²,55 m²,1+1,5-10,Çatı Katı,2,Yerden Isıtma,Boş,Eşyalı,Bilinmiyor,Hayır,Yok,1,Genel Fiyat,12.000TL, Pamukkale - Bağbaşı Mahallesi,https://www.emlakjet.com//ilan/bagbasi-pazar-pazarinda-16507191/,60 TL,,,,,,,,,,,,,,
739,16504913,19 Aralık 2024,30 Aralık 2024,Konut,Kiralık,Daire,55 m²,56 m²,1+1,5-10,Bahçe Katı,4,Merkezi Doğalgaz,Boş,,Kat İrtifakı,Hayır,,1,Genel Fiyat,8.000TL, Pamukkale - Siteler Mahallesi,https://www.emlakjet.com//ilan/siteler-mahallesi-bursa-caddesi-11-55-m2-bahce-kati-ful-esyali-kiralik-apart-16504913/,200 TL,8000 TL,,,,,,,,,,,,,
740,16504539,19 Aralık 2024,30 Aralık 2024,Konut,Kiralık,Daire,60 m²,61 m²,1+1,5-10,2.Kat,4,Merkezi Doğalgaz,Boş,,Kat İrtifakı,Hayır,,1,Genel Fiyat,10.000TL, Pamukkale - Siteler Mahallesi,https://www.emlakjet.com//ilan/siteler-mah-bursa-caddesi-11-60-m2-arakat-kiralik-apart-16504539/,,,,,,,,,,,,,,,
741,16504323,19 Aralık 2024,30 Aralık 2024,Konut,Kiralık,Daire,80 m²,81 m²,2+1,5-10,2.Kat,4,Merkezi Doğalgaz,Boş,Eşyalı,Kat İrtifakı,Hayır,,1,Genel Fiyat,13.000TL, Pamukkale - Siteler Mahallesi,https://www.emlakjet.com//ilan/siteler-mah-bursa-caddesi-21-80-m2-arakat-balkonlu-ful-esyali-kiralik-daire-16504323/,200 TL,13000 TL,Var,1,,,,Kapalı Balkon,İkinci El,,1,,,,
742,16501920,19 Aralık 2024,25 Şubat 2025,Konut,Kiralık,Daire,135 m²,140 m²,3+1,4,2.Kat,4,Yerden Isıtma,Boş,Boş,Kat Mülkiyeti,Hayır,Yok,2,Genel Fiyat,21.000TL, Merkezefendi - Karahasanlı Mahallesi,https://www.emlakjet.com//ilan/century-21-net-ten-karahasanli-da-kiralik-31-daire-16501920/,,,,,,,,,,,,,,,
743,16501919,19 Aralık 2024,25 Şubat 2025,Konut,Kiralık,Daire,125 m²,140 m²,3+1,21 Ve Üzeri,4.Kat,4,Kombi Doğalgaz,Boş,Boş,Kat Mülkiyeti,Hayır,Yok,1,Genel Fiyat,15.000TL, Pamukkale - Kuşpınar Mahallesi,https://www.emlakjet.com//ilan/century-21-net-ten-kuspinar-da-kiralik-135-m2-31-daire-16501919/,,,,,,,,,,,,,,,
744,16500665,19 Aralık 2024,30 Aralık 2024,Konut,Kiralık,Daire,140 m²,150 m²,3+1,16-20,5.Kat,5,Kombi Doğalgaz,Boş,Boş,Kat Mülkiyeti,Evet,Yok,1,Genel Fiyat,20.000TL, Merkezefendi - Şemikler Mahallesi,https://www.emlakjet.com//ilan/semiklerde-site-ici-150m2-31-ferah-temiz-daire-16500665/,,,,,,,,,,,,,,,
745,16498103,18 Aralık 2024,11 Mart 2025,Konut,Kiralık,Daire,50 m²,55 m²,1+1,5-10,1.Kat,3,Yerden Isıtma,Boş,Eşyalı,Kat Mülkiyeti,Hayır,,1,Genel Fiyat,11.000TL, Merkezefendi - Akkonak Mahallesi,https://www.emlakjet.com//ilan/ergulden-balkonlu-kiralik-apart-16498103/,,,Var,1,,,,Açık Balkon,,,,,,,
746,16496103,18 Aralık 2024,11 Mart 2025,Konut,Kiralık,Daire,75 m²,80 m²,2+1,5-10,2.Kat,3,Kombi Fueloil,Boş,,Kat Mülkiyeti,Hayır,,1,Genel Fiyat,15.000TL, Pamukkale - İncilipınar Mahallesi,https://www.emlakjet.com//ilan/ergulden-21-esyali-apart-16496103/,,,Yok,,,,,,,,,,,,
747,16495786,18 Aralık 2024,11 Mart 2025,Konut,Kiralık,Daire,100 m²,110 m²,2.5+1,11-15,Bahçe Katı,3,Kat Kaloriferi,Boş,Boş,Kat Mülkiyeti,Hayır,,1,Genel Fiyat,10.000TL, Pamukkale - Zeytinköy Mahallesi,https://www.emlakjet.com//ilan/bagbasi-yeni-yol-ustu-uygun-fiyatli-daire-16495786/,,,Yok,,,,,,,,,,,,
748,16495096,18 Aralık 2024,11 Mart 2025,Konut,Kiralık,Daire,50 m²,55 m²,1+1,5-10,2.Kat,2,Yerden Isıtma,Boş,,Kat Mülkiyeti,Hayır,,1,Genel Fiyat,11.000TL, Merkezefendi - Değirmenönü Mahallesi,https://www.emlakjet.com//ilan/ergulden-kiralik-hersey-dahil-apart-16495096/,,,Yok,,,,,,,,,,,,
749,16494798,18 Aralık 2024,30 Aralık 2024,Konut,Kiralık,Daire,40 m²,50 m²,1+1,0 (Yeni),1.Kat,2,Yerden Isıtma,Boş,Eşyalı,Kat Mülkiyeti,Hayır,Yok,1,Genel Fiyat,14.000TL, Merkezefendi - Selçuk Bey Mahallesi,https://www.emlakjet.com//ilan/albayrak-meydani-kiralik-full-esyali-suit-daire-sifir-esya-16494798/,,,,,,,,,,,,,,,
750,16494271,18 Aralık 2024,25 Şubat 2025,Konut,Kiralık,Daire,175 m²,185 m²,4+1,21 Ve Üzeri,1.Kat,3,Kombi Doğalgaz,Boş,,Bilinmiyor,Hayır,Yok,2,Genel Fiyat,15.000TL, Merkezefendi - Sırakapılar Mahallesi,https://www.emlakjet.com//ilan/saltakda-depositosuz-kiralik-firsat-41-16494271/,,,,,,,,,İkinci El,Betonarme,,,,,
751,16493394,17 Aralık 2024,11 Mart 2025,Konut,Kiralık,Daire,50 m²,55 m²,1+1,5-10,2.Kat,3,Yerden Isıtma,Boş,Eşyalı,Kat Mülkiyeti,Hayır,,1,Genel Fiyat,12.000TL, Pamukkale - Mehmetçik Mahallesi,https://www.emlakjet.com//ilan/ergulden-mehmetcikde-kiralik-apart-16493394/,300 TL,,Yok,,,,,,,,,,,,
752,16491979,17 Aralık 2024,11 Mart 2025,Konut,Kiralık,Daire,40 m²,50 m²,1+1,5-10,Bahçe Katı,3,Yerden Isıtma,Boş,,Kat Mülkiyeti,Hayır,,1,Genel Fiyat,12.000TL, Pamukkale - Siteler Mahallesi,https://www.emlakjet.com//ilan/metropol-gayrimenkulden-siteler-mahallesi-lux-11-16491979/,200 TL,12000 TL,Yok,,,,,,,,,,,,
753,16491906,17 Aralık 2024,30 Aralık 2024,Konut,Kiralık,Daire,60 m²,70 m²,1.5+1,5-10,3.Kat,3,Yerden Isıtma,Boş,Eşyalı,Kat Mülkiyeti,Hayır,Yok,1,Genel Fiyat,16.000TL, Merkezefendi - Şirinköy Mahallesi,https://www.emlakjet.com//ilan/sirinkoy-mahallesinde-kiralik-suit-apart-daire-16491906/,,,,,,,,,,,,,,,
754,16491901,17 Aralık 2024,30 Aralık 2024,Konut,Kiralık,Daire,50 m²,60 m²,1+1,4,2.Kat,3,Yerden Isıtma,Boş,Eşyalı,Kat Mülkiyeti,Hayır,Yok,1,Genel Fiyat,13.000TL, Merkezefendi - Şirinköy Mahallesi,https://www.emlakjet.com//ilan/sirinkoy-mahallesinde-kiralik-luks-esyali-temiz-aile-binasi-16491901/,,,,,,,,,,,,,,,
755,16491652,17 Aralık 2024,30 Aralık 2024,Konut,Kiralık,Daire,175 m²,185 m²,3+1,0 (Yeni),5.Kat,9,Yerden Isıtma,Boş,Boş,Kat Mülkiyeti,Evet,Yok,2,Genel Fiyat,35.000TL, Merkezefendi - Şemikler Mahallesi,https://www.emlakjet.com//ilan/dota-dan-reform-yapi-yesilpark-evlerleri-kiralik-sifir-31-180m2-16491652/,,,,,,,,,,,,,,,
756,16491640,17 Aralık 2024,30 Aralık 2024,Konut,Kiralık,Daire,50 m²,70 m²,1+1,4,3.Kat,5,Yerden Isıtma,Boş,Eşyalı,Kat Mülkiyeti,Hayır,Yok,1,Genel Fiyat,15.000TL, Merkezefendi - Adalet Mahallesi,https://www.emlakjet.com//ilan/dota-gayrimenkul-yatirim-dan-adliye-yakini-esyali-klimali-11-16491640/,,,,,,,,,,,,,,,
757,16491634,17 Aralık 2024,30 Aralık 2024,Konut,Kiralık,Daire,130 m²,140 m²,3+1,4,4.Kat,5,Yerden Isıtma,Boş,Boş,Kat Mülkiyeti,Hayır,Yok,2,Genel Fiyat,23.500TL, Merkezefendi - Şemikler Mahallesi,https://www.emlakjet.com//ilan/dota-dan-gumusler-bulvari-uzeri-kiralik-ara-kat-31-daire-16491634/,,,,,,,,,,,,,,,
758,16491335,17 Aralık 2024,26 Şubat 2025,Konut,Kiralık,Daire,100 m²,112 m²,2.5+1,5-10,6.Kat,17,Merkezi (Pay Ölçer),Kiracı Oturuyor,Eşyalı,Kat Mülkiyeti,Evet,Yok,1,Genel Fiyat,40.000TL, Merkezefendi - Selçuk Bey Mahallesi,https://www.emlakjet.com//ilan/evora-da-c1-de-arakat-luks-esyali-kiralik-dairemiz-16491335/,,,,,,,,,,,,,,,
759,16491322,17 Aralık 2024,27 Şubat 2025,Konut,Kiralık,Daire,140 m²,150 m²,3+1,21 Ve Üzeri,2.Kat,3,Kombi Doğalgaz,Boş,,Kat Mülkiyeti,Hayır,,1,Genel Fiyat,18.000TL, Pamukkale - Kuşpınar Mahallesi,https://www.emlakjet.com//ilan/kuspinarda-140m2-31-3-tane-daire-16491322/,,,Var,1,,,,,,,,,,,
760,16490387,17 Aralık 2024,30 Aralık 2024,Konut,Kiralık,Daire,60 m²,70 m²,2+1,3,5.Kat,5,Kombi Doğalgaz,Boş,Eşyalı,Kat Mülkiyeti,Hayır,Yok,1,Genel Fiyat,16.000TL, Pamukkale - Kınıklı Mahallesi,https://www.emlakjet.com//ilan/kinikli-mah-bursa-cad-sinde-21-esyali-kiralik-apart-16490387/,,,,,,,,,,,,,,,
761,16490205,17 Aralık 2024,30 Aralık 2024,Konut,Kiralık,Daire,40 m²,50 m²,1+1,5-10,Yüksek Giriş,3,Kombi Doğalgaz,Boş,Boş,Kat Mülkiyeti,Hayır,Yok,1,Genel Fiyat,12.000TL, Merkezefendi - Adalet Mahallesi,https://www.emlakjet.com//ilan/dota-dan-adalet-mahallesinde-esyali-kiralik-daire-16490205/,,,,,,,,,,,,,,,
762,16488443,17 Aralık 2024,30 Aralık 2024,Konut,Kiralık,Daire,180 m²,190 m²,3+1,11-15,4.Kat,5,Kombi Doğalgaz,Boş,Boş,Kat Mülkiyeti,Hayır,Yok,1,Genel Fiyat,20.000TL, Merkezefendi - Karahasanlı Mahallesi,https://www.emlakjet.com//ilan/kocabiyik-gayrimenkul-den-karahasanli-ana-cadde-31-daire-16488443/,,,,,,,,,,,,,,,
763,16488107,17 Aralık 2024,01 Mart 2025,Konut,Kiralık,Daire,70 m²,75 m²,2+1,2,1.Kat,4,Yerden Isıtma,Boş,Eşyalı,Kat Mülkiyeti,Hayır,Yok,1,Genel Fiyat,17.000TL, Pamukkale - Mehmetçik Mahallesi,https://www.emlakjet.com//ilan/mehmetcik-te-21-luks-kiralik-apartlar-16488107/,,,,,,175,11,,,,,,,,
764,16488088,17 Aralık 2024,28 Şubat 2025,Konut,Kiralık,Daire,40 m²,45 m²,1+1,5-10,Düz Giriş (Zemin),4,Yerden Isıtma,Boş,Eşyalı,Kat Mülkiyeti,Hayır,Yok,1,Genel Fiyat,7.000TL, Pamukkale - Asmalıevler Mahallesi,https://www.emlakjet.com//ilan/asmalievler-de-11-kiralik-apartlar-16488088/,,,,,,,,,,,,,,,
765,16488084,17 Aralık 2024,28 Şubat 2025,Konut,Kiralık,Daire,35 m²,40 m²,Stüdyo,11-15,1.Kat,3,Merkezi Doğalgaz,Boş,Eşyalı,Kat Mülkiyeti,Hayır,Yok,1,Genel Fiyat,6.000TL, Pamukkale - Kınıklı Mahallesi,https://www.emlakjet.com//ilan/kinikli-da-her-sey-dahil-10-kiralik-apart-sadece-ogrenci-16488084/,,,,,,,,,,,,,,,
766,16488075,17 Aralık 2024,28 Şubat 2025,Konut,Kiralık,Daire,120 m²,130 m²,2+1,16-20,2.Kat,3,Kombi Doğalgaz,Boş,Boş,Kat Mülkiyeti,Hayır,Yok,1,Genel Fiyat,20.000TL, Pamukkale - Siteler Mahallesi,https://www.emlakjet.com//ilan/forum-a-5-dakika-kiralik-is-yeri-16488075/,,,,,,,,,,,,,,,
767,16488069,17 Aralık 2024,01 Mart 2025,Konut,Kiralık,Daire,50 m²,55 m²,1+1,3,2.Kat,4,Yerden Isıtma,Boş,Eşyalı,Kat Mülkiyeti,Hayır,Yok,1,Genel Fiyat,17.000TL, Pamukkale - Kuşpınar Mahallesi,https://www.emlakjet.com//ilan/denizli-20-den-sehir-merkezinde-luks-kiralik-rezidans-16488069/,,,,,,68,8,,,,,,,,
768,16488065,17 Aralık 2024,28 Şubat 2025,Konut,Kiralık,Daire,65 m²,75 m²,2+1,5-10,3.Kat,5,Yerden Isıtma,Boş,Eşyalı,Kat Mülkiyeti,Hayır,Yok,1,Genel Fiyat,15.000TL, Pamukkale - Yunusemre Mahallesi,https://www.emlakjet.com//ilan/yunusemre-de-21-luks-kiralik-apartlar-16488065/,,,,,,,,,,,,,,,
769,16488061,17 Aralık 2024,28 Şubat 2025,Konut,Kiralık,Daire,50 m²,55 m²,1+1,16-20,2.Kat,4,Kombi Doğalgaz,Boş,Eşyalı,Kat Mülkiyeti,Hayır,Yok,1,Genel Fiyat,8.000TL, Merkezefendi - Değirmenönü Mahallesi,https://www.emlakjet.com//ilan/degirmenonu-nde-11-kiralik-apart-16488061/,,,,,,,,,,,,,,,
770,16487650,17 Aralık 2024,30 Aralık 2024,Konut,Kiralık,Daire,145 m²,160 m²,3+1,4,2.Kat,4,Yerden Isıtma,Boş,Boş,Kat Mülkiyeti,Hayır,Yok,2,Genel Fiyat,28.000TL, Merkezefendi - Selçuk Bey Mahallesi,https://www.emlakjet.com//ilan/dota-dan-selcukbey-de-onu-acik-yesil-alan-cepheli-kiralik-daire-16487650/,,,,,,,,,,,,,,,
771,16487641,17 Aralık 2024,30 Aralık 2024,Konut,Kiralık,Daire,150 m²,170 m²,3+1,4,2.Kat,3,Yerden Isıtma,Boş,Boş,Kat Mülkiyeti,Hayır,Yok,2,Genel Fiyat,22.000TL, Merkezefendi - Şemikler Mahallesi,https://www.emlakjet.com//ilan/dota-dan-semikler-de-naz-bayrak-yakini-genis-31-arakat-daire-16487641/,,,,,,,,,,,,,,,
772,16487621,17 Aralık 2024,30 Aralık 2024,Konut,Kiralık,Daire,160 m²,170 m²,3+1,0 (Yeni),6.Kat,9,Yerden Isıtma,Boş,Boş,Kat İrtifakı,Evet,Yok,2,Genel Fiyat,25.000TL, Merkezefendi - Şemikler Mahallesi,https://www.emlakjet.com//ilan/dota-dan-sehir-manzarali-arakat-sifir-31-kiralik-daire-16487621/,,,,,,,,,,,,,,,
773,16487620,17 Aralık 2024,30 Aralık 2024,Konut,Kiralık,Daire,150 m²,160 m²,4+1,11-15,4.Kat,4,Kombi Doğalgaz,Boş,Boş,Kat Mülkiyeti,Hayır,Yok,1,Genel Fiyat,14.000TL, Merkezefendi - Şemikler Mahallesi,https://www.emlakjet.com//ilan/dota-dan-semikler-yasampark-yakini-41-kiralik-daire-16487620/,,,,,,,,,,,,,,,
774,16486733,17 Aralık 2024,30 Aralık 2024,Konut,Kiralık,Daire,145 m²,165 m²,3+1,11-15,3.Kat,5,Kombi Doğalgaz,Boş,Boş,Kat Mülkiyeti,Evet,Yok,1,Genel Fiyat,20.000TL, Merkezefendi - Şemikler Mahallesi,https://www.emlakjet.com//ilan/maxreal-den-gumus-evler-sitesi-kiralik-daire-16486733/,,,,,,,,,,,,,,,
775,16486719,17 Aralık 2024,30 Aralık 2024,Konut,Kiralık,Daire,40 m²,60 m²,1+1,0 (Yeni),20.Kat,30,Yerden Isıtma,Boş,Eşyalı,Kat Mülkiyeti,Evet,Yok,1,Genel Fiyat,25.000TL, Merkezefendi - Kayalar Mahallesi,https://www.emlakjet.com//ilan/maxreal-den-sinpas-f2-kulede-11-kiralik-daire-16486719/,,,,,,,,,,,,,,,
776,16486082,17 Aralık 2024,30 Aralık 2024,Konut,Kiralık,Daire,65 m²,80 m²,1+1,5-10,3.Kat,5,Merkezi (Pay Ölçer),Boş,Eşyalı,Kat Mülkiyeti,Hayır,Yok,1,Genel Fiyat,17.750TL, Pamukkale - Fatih Mahallesi,https://www.emlakjet.com//ilan/mg-premium-dan-ev-konforunda-essiz-11-80m2-ultra-lux-rezidans-16486082/,,,,,,,,,,,,,,,
777,16486081,17 Aralık 2024,30 Aralık 2024,Konut,Kiralık,Daire,65 m²,70 m²,2+1,4,2.Kat,4,Kombi Doğalgaz,Boş,Eşyalı,Kat Mülkiyeti,Hayır,Yok,1,Genel Fiyat,18.000TL, Pamukkale - Kınıklı Mahallesi,https://www.emlakjet.com//ilan/mg-premium-dan-b-makinali-firinli-21-ultra-lux-esyali-rezidans-16486081/,,,,,,,,,,,,,,,
778,16486077,17 Aralık 2024,30 Aralık 2024,Konut,Kiralık,Daire,60 m²,80 m²,2+1,0 (Yeni),3.Kat,4,Yerden Isıtma,Boş,Eşyalı,Kat Mülkiyeti,Evet,Yok,1,Genel Fiyat,24.000TL, Pamukkale - Asmalıevler Mahallesi,https://www.emlakjet.com//ilan/mg-premium-dan-bolgenin-gozde-projesinde-ust-duzey-21-rezidans-16486077/,,,,,,,,,,,,,,,
779,16486074,17 Aralık 2024,30 Aralık 2024,Konut,Kiralık,Daire,45 m²,70 m²,2.5+1,21 Ve Üzeri,3.Kat,6,Yerden Isıtma,Boş,Eşyalı,Kat Mülkiyeti,Hayır,Yok,1,Genel Fiyat,15.000TL, Merkezefendi - Saraylar Mahallesi,https://www.emlakjet.com//ilan/mg-premium-dan-cadde-uzeri-sifir-70m2-2-51-jakuzili-apartlar-16486074/,,,,,,,,,,,,,,,
780,16485128,16 Aralık 2024,30 Aralık 2024,Konut,Kiralık,Daire,150 m²,165 m²,3+1,16-20,1.Kat,3,Kombi Doğalgaz,Boş,Boş,Kat Mülkiyeti,Hayır,Yok,1,Genel Fiyat,12.000TL, Çivril - Çarşı Mahallesi,https://www.emlakjet.com//ilan/kiralik-daire-karcelik-emlak-16485128/,,,,,,,,,,,,,,,
781,16484750,16 Aralık 2024,30 Aralık 2024,Konut,Kiralık,Daire,85 m²,95 m²,2+1,11-15,3.Kat,4,Kombi Doğalgaz,Boş,Boş,Kat Mülkiyeti,Hayır,Yok,1,Genel Fiyat,14.500TL, Pamukkale - Zeytinköy Mahallesi,https://www.emlakjet.com//ilan/kocabiyik-gayrimenkul-den-zeytinkoy-cadde-uzeri-21-kiralik-16484750/,,,,,,,,,,,,,,,
782,16484734,16 Aralık 2024,30 Aralık 2024,Konut,Kiralık,Daire,140 m²,150 m²,3+1,11-15,3.Kat,5,Kombi Doğalgaz,Boş,Boş,Kat Mülkiyeti,Hayır,Yok,1,Genel Fiyat,20.000TL, Merkezefendi - Karahasanlı Mahallesi,https://www.emlakjet.com//ilan/kocabiyik-gayrimenkul-den-sehirhastanesi-yani-31-kiralik-daire-16484734/,,,,,,,,,,,,,,,
783,16484461,16 Aralık 2024,28 Şubat 2025,Konut,Kiralık,Daire,65 m²,70 m²,2+1,21 Ve Üzeri,1.Kat,1,Sobalı,Boş,,Müstakil Tapulu,Hayır,,1,Genel Fiyat,6.500TL, Sarayköy - Turan Mahallesi,https://www.emlakjet.com//ilan/saraykoy-altin-emlak-tan-kiralik-daire-16484461/,,,,,,82,18,,,,,,,,
784,16483609,16 Aralık 2024,30 Aralık 2024,Konut,Kiralık,Daire,60 m²,65 m²,2+1,5-10,Bahçe Katı,5,Yerden Isıtma,Boş,Eşyalı,Kat Mülkiyeti,Hayır,Yok,1,Genel Fiyat,12.000TL, Pamukkale - Zeytinköy Mahallesi,https://www.emlakjet.com//ilan/universite-ye-5-dk-kiralik-bahceli-21-apart-16483609/,,,,,,,,,,,,,,,
785,16482331,16 Aralık 2024,30 Aralık 2024,Konut,Kiralık,Daire,70 m²,80 m²,2+1,11-15,1.Kat,3,Kombi Doğalgaz,Kiracı Oturuyor,,Kat Mülkiyeti,Hayır,,1,Genel Fiyat,14.000TL, Merkezefendi - Değirmenönü Mahallesi,https://www.emlakjet.com//ilan/degirmenonunde-21-apart-16482331/,,14000 TL,Var,1,,,,,,,,,,,
786,16482088,16 Aralık 2024,30 Aralık 2024,Konut,Kiralık,Daire,60 m²,75 m²,1+1,5-10,3.Kat,5,Merkezi Doğalgaz,Boş,Eşyalı,Kat Mülkiyeti,Hayır,Yok,1,Genel Fiyat,12.000TL, Pamukkale - Hacıkaplanlar Mahallesi,https://www.emlakjet.com//ilan/tanriverdi-gayrimenkul-den-cinarda-11-60-m2-kiralik-apart-16482088/,,,,,,,,,,,,,,,
787,16482087,16 Aralık 2024,30 Aralık 2024,Konut,Kiralık,Daire,140 m²,155 m²,3+1,16-20,3.Kat,4,Kombi Doğalgaz,Boş,Boş,Kat İrtifakı,Hayır,Yok,1,Genel Fiyat,15.500TL, Merkezefendi - Akkonak Mahallesi,https://www.emlakjet.com//ilan/tanriverdi-gayrimenkulden-akkonak-gunbatti-mah-31-kiralik-daire-16482087/,,,,,,,,,,,,,,,
788,16481089,16 Aralık 2024,11 Mart 2025,Konut,Kiralık,Daire,135 m²,140 m²,3+1,21 Ve Üzeri,2.Kat,4,Kombi Doğalgaz,Boş,Boş,Kat Mülkiyeti,Hayır,Yok,1,Genel Fiyat,15.000TL, Pamukkale - Fesleğen Mahallesi,https://www.emlakjet.com//ilan/feslegen-mahallesinde-kiralik-daireler-16481089/,,,,,,,,,,,,,,,
789,16480939,16 Aralık 2024,30 Aralık 2024,Konut,Kiralık,Daire,70 m²,80 m²,2+1,3,2.Kat,3,Kombi Doğalgaz,Boş,,Kat Mülkiyeti,Hayır,,1,Genel Fiyat,14.000TL, Pamukkale - Cumhuriyet Mahallesi,https://www.emlakjet.com//ilan/kayhan-cumhuriyette-kasaplarda-kiralik-esyali-21-apart-16480939/,,,,,,,,,,,,,,,
790,16479106,15 Aralık 2024,11 Mart 2025,Konut,Kiralık,Daire,130 m²,135 m²,2+1,21 Ve Üzeri,4.Kat,4,Kombi Doğalgaz,Boş,,Kat Mülkiyeti,Hayır,,4,Genel Fiyat,14.000TL, Pamukkale - Topraklık Mahallesi,https://www.emlakjet.com//ilan/ergul-gayrimenkluden-kiralik-daire-16479106/,,,Var,2,,,,Açık Balkon,,,,,,,
791,16478818,15 Aralık 2024,30 Aralık 2024,Konut,Kiralık,Daire,160 m²,170 m²,3+1,5-10,2.Kat,8,Merkezi (Pay Ölçer),Kiracı Oturuyor,Boş,Kat Mülkiyeti,Hayır,Yok,2,Genel Fiyat,27.000TL, Merkezefendi - Şemikler Mahallesi,https://www.emlakjet.com//ilan/kocabiyik-gayrimenkul-den-cinkaya-petrol-mevki-31-havuzlu-16478818/,,,,,,,,,,,,,,,
792,16478814,15 Aralık 2024,30 Aralık 2024,Konut,Kiralık,Daire,200 m²,205 m²,4+1,5-10,Yüksek Giriş,5,Kombi Doğalgaz,Boş,Boş,Kat Mülkiyeti,Hayır,Yok,2,Genel Fiyat,24.000TL, Merkezefendi - Yenişafak Mahallesi,https://www.emlakjet.com//ilan/kocabiyik-gayrimenkul-den-yenisafak-ta-kiralik-41-daire-16478814/,,,,,,,,,,,,,,,
793,16476166,15 Aralık 2024,11 Mart 2025,Konut,Kiralık,Daire,70 m²,75 m²,1+1,0 (Yeni),2.Kat,4,Merkezi (Pay Ölçer),Boş,Eşyalı,Kat Mülkiyeti,Hayır,Yok,1,Genel Fiyat,19.750TL, Pamukkale - Fatih Mahallesi,https://www.emlakjet.com//ilan/mercan-dan-sehir-merkezin-de-ultra-luks-rezidans-16476166/,,,,,,,,,,,,,,,
794,16476162,15 Aralık 2024,11 Mart 2025,Konut,Kiralık,Daire,85 m²,90 m²,2+1,4,2.Kat,4,Yerden Isıtma,Boş,Eşyalı,Kat Mülkiyeti,Hayır,Yok,1,Genel Fiyat,25.000TL, Pamukkale - Zeytinköy Mahallesi,https://www.emlakjet.com//ilan/mercan-dan-universteye-5-dakika-21-luks-apartlar-genis-balkonlu-16476162/,,,,,,,,,,,,,,,
795,16476144,15 Aralık 2024,11 Mart 2025,Konut,Kiralık,Daire,50 m²,55 m²,1+1,1,2.Kat,3,Yerden Isıtma,Boş,Eşyalı,Kat Mülkiyeti,Hayır,Yok,1,Genel Fiyat,10.500TL, Pamukkale - Fesleğen Mahallesi,https://www.emlakjet.com//ilan/mercan-dan-feslegen-mevki-11-esyali-apart-16476144/,,,,,,,,,,,,,,,
796,16475876,15 Aralık 2024,27 Şubat 2025,Konut,Kiralık,Daire,90 m²,100 m²,2+1,1,3.Kat,4,Yerden Isıtma,Boş,Boş,Kat İrtifakı,Hayır,Yok,1,Genel Fiyat,16.500TL, Pamukkale - Zümrüt Mahallesi,https://www.emlakjet.com//ilan/ozkaracadan-ara-kat-daire-16475876/,,,,,,,,,,,,,,,
797,16475226,14 Aralık 2024,11 Mart 2025,Konut,Kiralık,Daire,110 m²,120 m²,2+1,16-20,2.Kat,4,Kombi Doğalgaz,Boş,,Kat Mülkiyeti,Hayır,,1,Genel Fiyat,14.000TL, Pamukkale - Mehmetçik Mahallesi,https://www.emlakjet.com//ilan/mehmetcik-mevkisinde-kiralik-daire-16475226/,,,Var,1,,,,Açık Balkon,,,,,,,
798,16473614,14 Aralık 2024,11 Mart 2025,Konut,Kiralık,Daire,40 m²,50 m²,1+1,5-10,2.Kat,3,Kombi Doğalgaz,Boş,,Kat Mülkiyeti,Evet,,1,Genel Fiyat,7.500TL, Pamukkale - Yunusemre Mahallesi,https://www.emlakjet.com//ilan/yunusemre-mah-11-su-internet-dahil-16473614/,200 TL,7500 TL,,,,,,,,,,,,,
799,16473515,14 Aralık 2024,11 Mart 2025,Konut,Kiralık,Daire,40 m²,50 m²,1+1,5-10,2.Kat,5,Merkezi Doğalgaz,Boş,,Kat Mülkiyeti,Hayır,,1,Genel Fiyat,8.000TL, Pamukkale - Yunusemre Mahallesi,https://www.emlakjet.com//ilan/yunusemre-mah-kiralik-21-11-16473515/,200 TL,8000 TL,Var,1,,,,Açık Balkon,,,,,,,
800,16473352,14 Aralık 2024,27 Şubat 2025,Konut,Kiralık,Daire,150 m²,165 m²,3+1,2,2.Kat,4,Yerden Isıtma,Boş,,Kat Mülkiyeti,Hayır,,2,Genel Fiyat,22.000TL, Merkezefendi - Karahasanlı Mahallesi,https://www.emlakjet.com//ilan/sengul-gayrimenkul-den-karahasanli-mahallesi-bolge-hastahanesi-yakini-31-kiralik-daire-16473352/,,,,,,,,,,,,,,,
801,16473080,14 Aralık 2024,30 Aralık 2024,Konut,Kiralık,Daire,50 m²,55 m²,1+1,5-10,3.Kat,3,Kombi Doğalgaz,Boş,,Kat Mülkiyeti,Hayır,,1,Genel Fiyat,9.000TL, Pamukkale - Mehmetçik Mahallesi,https://www.emlakjet.com//ilan/mehmetcik-te-terasli-kiralik-luks-apart-16473080/,,,,,,,,,,,,,,,
802,16472994,14 Aralık 2024,30 Aralık 2024,Konut,Kiralık,Daire,45 m²,50 m²,1+1,2,3.Kat,3,Kombi Doğalgaz,Boş,,Kat Mülkiyeti,Evet,,1,Genel Fiyat,7.500TL, Pamukkale - Yunusemre Mahallesi,https://www.emlakjet.com//ilan/yunus-emre-mahallesinde-bolgenin-en-uygun-kiralik-dairesi-16472994/,0 TL,0 TL,,,,,,,,,,,,,
803,16471671,14 Aralık 2024,11 Mart 2025,Konut,Kiralık,Daire,50 m²,55 m²,1+1,5-10,1.Kat,3,Kombi Doğalgaz,Boş,,Kat Mülkiyeti,Hayır,,1,Genel Fiyat,11.000TL, Merkezefendi - Sırakapılar Mahallesi,https://www.emlakjet.com//ilan/ergul-gayrimenkulden-kiralik-apart-16471671/,,,Yok,,,,,,,,,,,,
804,16470863,14 Aralık 2024,28 Şubat 2025,Konut,Kiralık,Daire,50 m²,55 m²,1+1,5-10,2.Kat,4,Merkezi Doğalgaz,Boş,Eşyalı,Kat Mülkiyeti,Hayır,Yok,1,Genel Fiyat,9.000TL, Pamukkale - Zeytinköy Mahallesi,https://www.emlakjet.com//ilan/universite-yakini-cerrah-hastanesi-arkasinda-arakat-balkonlu-apt-16470863/,,,,,,,,,,,,,,,
805,16470252,13 Aralık 2024,04 Nisan 2025,Konut,Kiralık,Daire,140 m²,150 m²,3+1,21 Ve Üzeri,4.Kat,4,Kombi Doğalgaz,Boş,,Müstakil Tapulu,Hayır,,1,Genel Fiyat,14.000TL, Merkezefendi - Sümer Mahallesi,https://www.emlakjet.com//ilan/kz-grup-tan-sumerde-arakat-caddeye-yakin-31-150m2-kiralik-daire-16470252/,,,,,,758,18,,,,,,,,
806,16469303,13 Aralık 2024,30 Aralık 2024,Konut,Kiralık,Daire,130 m²,145 m²,3+1,2,3.Kat,5,Kombi Doğalgaz,Boş,Boş,Kat Mülkiyeti,Hayır,Yok,2,Genel Fiyat,26.000TL, Merkezefendi - Yenişafak Mahallesi,https://www.emlakjet.com//ilan/world-capital-den-yenisafak-ta-ucler-bulvari-nda-kiralik-31-16469303/,,,,,,,,,,,,,,,
807,16468143,13 Aralık 2024,10 Mart 2025,Konut,Kiralık,Daire,40 m²,45 m²,1+1,4,2.Kat,4,Yerden Isıtma,Boş,Eşyalı,Kat Mülkiyeti,Hayır,Yok,1,Genel Fiyat,9.000TL, Pamukkale - Zeytinköy Mahallesi,https://www.emlakjet.com//ilan/zeytinkoy-ogretmenevi-alti-pauye-yakin-apart-16468143/,,,,,,,,,,,,,,,
808,16465782,13 Aralık 2024,11 Mart 2025,Konut,Kiralık,Daire,145 m²,150 m²,3+1,21 Ve Üzeri,3.Kat,3,Kombi Doğalgaz,Boş,,Kat Mülkiyeti,Hayır,,1,Genel Fiyat,13.000TL, Pamukkale - Atalar Mahallesi,https://www.emlakjet.com//ilan/ergul-gayrimenkulden-kiralik-daire-16465782/,,,Var,1,,,,Açık Balkon,,,,,,,
809,16465645,13 Aralık 2024,30 Aralık 2024,Konut,Kiralık,Daire,50 m²,60 m²,1+1,5-10,3.Kat,4,Kombi Doğalgaz,Boş,Eşyalı,Bilinmiyor,Hayır,,1,Birim Fiyat,10.000TL, Pamukkale - Kuşpınar Mahallesi,https://www.emlakjet.com//ilan/fd-gayrimenkul-den-kuspinar-da-kiralik-11-luks-apart-16465645/,,10000 TL,Yok,,Evet,,,,İkinci El,Betonarme,1,,,,
810,16465473,13 Aralık 2024,30 Aralık 2024,Konut,Kiralık,Daire,50 m²,70 m²,1+1,0 (Yeni),1.Kat,4,Yerden Isıtma,Boş,Eşyalı,Kat İrtifakı,Hayır,Yok,1,Genel Fiyat,20.000TL, Pamukkale - Yunusemre Mahallesi,https://www.emlakjet.com//ilan/bursa-caddesinde-mukemmel-terasli-kiralik-sifir-11-esyali-daire-16465473/,,,,,,,,,,,,,,,
811,16465467,13 Aralık 2024,30 Aralık 2024,Konut,Kiralık,Daire,45 m²,50 m²,1+1,4,1.Kat,3,Yerden Isıtma,Boş,Eşyalı,Kat Mülkiyeti,Hayır,Yok,1,Genel Fiyat,12.000TL, Pamukkale - İncilipınar Mahallesi,https://www.emlakjet.com//ilan/incilipinar-da-bulasik-makineli-sik-dekoratif-11-esyali-daire-16465467/,,,,,,,,,,,,,,,
812,16465463,13 Aralık 2024,30 Aralık 2024,Konut,Kiralık,Daire,50 m²,55 m²,1+1,1,1.Kat,3,Yerden Isıtma,Boş,Eşyalı,Kat Mülkiyeti,Hayır,Yok,1,Genel Fiyat,15.000TL, Pamukkale - Yunusemre Mahallesi,https://www.emlakjet.com//ilan/yunus-emre-de-klimali-balkonlu-11-kiralik-luks-esyali-daire-16465463/,,,,,,,,,,,,,,,
813,16465458,13 Aralık 2024,30 Aralık 2024,Konut,Kiralık,Daire,45 m²,50 m²,1+1,5-10,3.Kat,4,Yerden Isıtma,Boş,Eşyalı,Kat Mülkiyeti,Hayır,Yok,1,Genel Fiyat,12.000TL, Pamukkale - Kınıklı Mahallesi,https://www.emlakjet.com//ilan/kampus-kafeler-mevki-manzarali-balkonlu-11-esyali-apart-16465458/,,,,,,,,,,,,,,,
814,16465450,13 Aralık 2024,30 Aralık 2024,Konut,Kiralık,Daire,49 m²,52 m²,1+1,5-10,1.Kat,3,Yerden Isıtma,Boş,Eşyalı,Kat Mülkiyeti,Hayır,Yok,1,Genel Fiyat,12.000TL, Pamukkale - Kınıklı Mahallesi,https://www.emlakjet.com//ilan/bursa-caddesi-ustunde-balkonlu-arakat-11-esyali-apart-16465450/,,,,,,,,,,,,,,,
815,16465283,13 Aralık 2024,04 Mart 2025,Konut,Kiralık,Daire,135 m²,150 m²,3+1,4,2.Kat,5,Yerden Isıtma,Boş,,Kat İrtifakı,Hayır,,1,Genel Fiyat,20.000TL, Merkezefendi - Yenişafak Mahallesi,https://www.emlakjet.com//ilan/turkalp-gayrimenkulden-yenisafakta-kiralik-daire-16465283/,0 TL,20000 TL,Var,,,,,,,,,,,,
816,16464181,13 Aralık 2024,30 Aralık 2024,Konut,Kiralık,Daire,125 m²,130 m²,3+1,11-15,5.Kat,5,Kombi Doğalgaz,Boş,Boş,Kat Mülkiyeti,Hayır,Yok,1,Genel Fiyat,18.000TL, Merkezefendi - Şemikler Mahallesi,https://www.emlakjet.com//ilan/cinkaya-petrol-ustu-semiklerde-130m2-31-asansorlu-daire-16464181/,,,,,,,,,,,,,,,
817,16464174,13 Aralık 2024,30 Aralık 2024,Konut,Kiralık,Daire,125 m²,130 m²,3+1,11-15,5.Kat,5,Kombi Doğalgaz,Boş,Boş,Kat Mülkiyeti,Hayır,Yok,1,Genel Fiyat,18.000TL, Merkezefendi - Şemikler Mahallesi,https://www.emlakjet.com//ilan/uysal-emlak-tan-semiklerde-130m2-31-asansorlu-daire-16464174/,,,,,,,,,,,,,,,
818,16463431,13 Aralık 2024,30 Aralık 2024,Konut,Kiralık,Daire,50 m²,52 m²,1+1,5-10,3.Kat,4,Kombi Doğalgaz,Boş,Eşyalı,Kat Mülkiyeti,Hayır,Yok,1,Genel Fiyat,10.000TL, Pamukkale - Zeytinköy Mahallesi,https://www.emlakjet.com//ilan/uysal-emlak-tan-universiteye-yakin-11-balkonlu-esyali-apart-16463431/,,,,,,,,,,,,,,,
819,16463109,13 Aralık 2024,12 Mart 2025,Konut,Kiralık,Daire,200 m²,220 m²,3+1,21 Ve Üzeri,5.Kat,5,Kombi Doğalgaz,Boş,Boş,Kat Mülkiyeti,Hayır,Yok,1,Genel Fiyat,21.000TL, Pamukkale - Mehmetçik Mahallesi,https://www.emlakjet.com//ilan/liva-gayrimenkulden-ulus-caddesi-uzerinde-kiralik-31-daire-16463109/,,,,,,,,,,,,,,,
820,16462969,13 Aralık 2024,27 Şubat 2025,Konut,Kiralık,Daire,200 m²,240 m²,4+1,0 (Yeni),Müstakil,2,Kombi Doğalgaz,Boş,Boş,Kat İrtifakı,Hayır,Yok,4,Genel Fiyat,35.000TL, Pamukkale - Kervansaray Mahallesi,https://www.emlakjet.com//ilan/mustakil-kiralik-daire-16462969/,,,,,,,,,,,,,,,
821,16459777,12 Aralık 2024,30 Aralık 2024,Konut,Kiralık,Daire,100 m²,110 m²,2+1,0 (Yeni),Çatı Katı,4,Kombi Doğalgaz,Boş,Boş,Kat Mülkiyeti,Hayır,Yok,2,Genel Fiyat,11.000TL, Pamukkale - Atalar Mahallesi,https://www.emlakjet.com//ilan/atlantis-ten-cinarda-21-genis-terasli-cati-kati-daire-16459777/,,,,,,,,,,,,,,,
822,16459289,12 Aralık 2024,11 Mart 2025,Konut,Kiralık,Daire,45 m²,55 m²,1+1,11-15,Bahçe Katı,3,Kat Kaloriferi,Boş,Eşyalı,Kat Mülkiyeti,Hayır,,1,Birim Fiyat,5.500TL, Pamukkale - Zeytinköy Mahallesi,https://www.emlakjet.com//ilan/yeni-adli-tip-binasi-yakini-kiralik-apart-16459289/,,5500 TL,,,,,,,,,,,,,
823,16459140,12 Aralık 2024,11 Mart 2025,Konut,Kiralık,Daire,65 m²,75 m²,2+1,11-15,Bahçe Katı,3,Kat Kaloriferi,Boş,,Kat Mülkiyeti,Hayır,,1,Birim Fiyat,7.250TL, Pamukkale - Zeytinköy Mahallesi,https://www.emlakjet.com//ilan/bagbasi-yeni-yol-ustu-uygun-fiyatli-21-16459140/,,7250 TL,,,,,,,,,,,,,
824,16459022,12 Aralık 2024,05 Şubat 2025,Konut,Kiralık,Daire,158 m²,187 m²,3+1,5-10,5.Kat,9,Yerden Isıtma,Boş,Boş,Kat Mülkiyeti,Evet,Yok,2,Genel Fiyat,32.500TL, Merkezefendi - Şemikler Mahallesi,https://www.emlakjet.com//ilan/twokey-den-31-genis-kullanisli-kiralik-daire-16459022/,,,,,,,,,,,,,,,
825,16458622,12 Aralık 2024,27 Şubat 2025,Konut,Kiralık,Daire,45 m²,50 m²,1+1,4,Çatı Katı,2,Yerden Isıtma,Boş,,Kat Mülkiyeti,Hayır,,1,Genel Fiyat,9.000TL, Merkezefendi - Sırakapılar Mahallesi,https://www.emlakjet.com//ilan/cinara-5-dak-sirakapilarda-11-esyali-balkonlu-yerden-isitmali-klkmali-cati-kati-16458622/,,,Var,1,,,,,,,,,,,
826,16458614,12 Aralık 2024,30 Aralık 2024,Konut,Kiralık,Daire,160 m²,180 m²,3+1,11-15,5.Kat,5,Kombi Doğalgaz,Boş,,Müstakil Tapulu,Hayır,,2,Genel Fiyat,30.000TL, Merkezefendi - Adalet Mahallesi,https://www.emlakjet.com//ilan/adalette-cadde-ustu-180-m2-31-kiralik-daire-16458614/,,,,,,280,6,,,,,,,,
827,16457929,12 Aralık 2024,27 Şubat 2025,Konut,Kiralık,Daire,45 m²,50 m²,1+1,5-10,4.Kat,4,Kombi Doğalgaz,Boş,,Kat Mülkiyeti,Hayır,,1,Genel Fiyat,10.000TL, Sarayköy - Turan Mahallesi,https://www.emlakjet.com//ilan/kiralik-apart-16457929/,200 TL,10000 TL,Var,1,,,,Açık Balkon,,,,,,,
828,16457539,12 Aralık 2024,11 Mart 2025,Konut,Kiralık,Residence,45 m²,50 m²,1+1,5-10,3.Kat,7,Yerden Isıtma,Boş,Eşyalı,Kat Mülkiyeti,Hayır,,1,Genel Fiyat,9.000TL, Pamukkale - İstiklal Mahallesi,https://www.emlakjet.com//ilan/dis-hastanesi-ve-carsamba-pazarina-yakin-kiralik-apart-16457539/,,9000 TL,Var,1,,,,Açık Balkon,,,,,,,
829,16456924,12 Aralık 2024,11 Mart 2025,Konut,Kiralık,Daire,50 m²,55 m²,1+1,5-10,Bahçe Katı,4,Kombi Doğalgaz,Boş,,Kat Mülkiyeti,Hayır,,1,Genel Fiyat,5.500TL, Pamukkale - Zeytinköy Mahallesi,https://www.emlakjet.com//ilan/zeytinkoyde-kiralik-11-apart-depozitosuz-16456924/,,,,,,,,,,,,,,,
830,16455557,11 Aralık 2024,30 Aralık 2024,Konut,Kiralık,Daire,110 m²,120 m²,2+1,1,Yüksek Giriş,4,Kombi Doğalgaz,Boş,Boş,Kat Mülkiyeti,Hayır,Yok,1,Genel Fiyat,19.999TL, Merkezefendi - Çakmak Mahallesi,https://www.emlakjet.com//ilan/cakmak-ta-kiralik-sifir-daire-16455557/,,,,,,,,,,,,,,,
831,16455536,11 Aralık 2024,30 Aralık 2024,Konut,Kiralık,Daire,130 m²,135 m²,3+1,11-15,4.Kat,4,Kombi Doğalgaz,Boş,Eşyalı,Kat Mülkiyeti,Hayır,Yok,1,Genel Fiyat,19.000TL, Pamukkale - Hacıkaplanlar Mahallesi,https://www.emlakjet.com//ilan/mg-premium-dan-cinara-yurume-mesafesinde-31-kiralik-daire-16455536/,,,,,,,,,,,,,,,
832,16455534,11 Aralık 2024,30 Aralık 2024,Konut,Kiralık,Daire,50 m²,55 m²,1+1,5-10,1.Kat,2,Kombi Doğalgaz,Boş,Eşyalı,Kat Mülkiyeti,Hayır,Yok,1,Genel Fiyat,7.000TL, Merkezefendi - Saraylar Mahallesi,https://www.emlakjet.com//ilan/mg-premium-dan-2-ticari-yol-mevki-arakat-kiralik-apart-16455534/,,,,,,,,,,,,,,,
833,16455528,11 Aralık 2024,30 Aralık 2024,Konut,Kiralık,Daire,45 m²,65 m²,2+1,5-10,2.Kat,4,Kombi Doğalgaz,Boş,Eşyalı,Kat Mülkiyeti,Hayır,Yok,1,Genel Fiyat,11.750TL, Pamukkale - Kınıklı Mahallesi,https://www.emlakjet.com//ilan/mg-premium-dan-universiteye-5-dakika-ara-kat-21-apartlar-16455528/,,,,,,,,,,,,,,,
834,16455521,11 Aralık 2024,30 Aralık 2024,Konut,Kiralık,Daire,65 m²,70 m²,2+1,5-10,3.Kat,4,Kombi Doğalgaz,Boş,Boş,Kat Mülkiyeti,Hayır,Yok,1,Genel Fiyat,12.000TL, Pamukkale - Atalar Mahallesi,https://www.emlakjet.com//ilan/mg-premium-dan-atalar-mah-mevkisi-21-esyali-balkonlu-kiralik-16455521/,,,,,,,,,,,,,,,
835,16454826,11 Aralık 2024,30 Aralık 2024,Konut,Kiralık,Daire,145 m²,150 m²,3+1,11-15,1.Kat,3,Kombi Doğalgaz,Boş,Boş,Kat Mülkiyeti,Hayır,Yok,1,Genel Fiyat,15.000TL, Pamukkale - Zeytinköy Mahallesi,https://www.emlakjet.com//ilan/ys-life-gyo-dan-bagbasi-mh-de-31-kiralik-daire-16454826/,,,,,,,,,,,,,,,
836,16454823,11 Aralık 2024,30 Aralık 2024,Konut,Kiralık,Daire,185 m²,200 m²,3+1,5-10,1.Kat,4,Yerden Isıtma,Boş,Boş,Kat Mülkiyeti,Hayır,Yok,1,Genel Fiyat,25.000TL, Merkezefendi - Adalet Mahallesi,https://www.emlakjet.com//ilan/adalet-mahallesinde-kiralik-31-daire-16454823/,,,,,,,,,,,,,,,
837,16453829,11 Aralık 2024,30 Aralık 2024,Konut,Kiralık,Daire,220 m²,235 m²,3.5+1,5-10,3.Kat,9,Merkezi Doğalgaz,Boş,Boş,Kat Mülkiyeti,Evet,Yok,2,Genel Fiyat,35.000TL, Merkezefendi - Kayalar Mahallesi,https://www.emlakjet.com//ilan/tanriverdi-gayrimenkulden-denizli-sinpasda-3-5-1-kiralik-daire-16453829/,,,,,,,,,,,,,,,
838,16452767,11 Aralık 2024,24 Ocak 2025,Konut,Kiralık,Daire,40 m²,50 m²,1+1,5-10,2.Kat,4,Kombi Doğalgaz,Kiracı Oturuyor,,Kat Mülkiyeti,Hayır,,1,Genel Fiyat,10.000TL, Pamukkale - Atalar Mahallesi,https://www.emlakjet.com//ilan/atalar-mahallesi-11-arakat-ultra-luks-kiralik-apart-16452767/,250 TL,10000 TL,Yok,,,,,,,,,,,,
839,16451539,11 Aralık 2024,30 Aralık 2024,Konut,Kiralık,Daire,60 m²,75 m²,2+1,11-15,2.Kat,6,Merkezi Doğalgaz,Boş,,Kat Mülkiyeti,Hayır,,1,Genel Fiyat,7.500TL, Pamukkale - 15 Mayıs Mahallesi,https://www.emlakjet.com//ilan/cinarda-uygun-fiyatli-21-16451539/,,2500 TL,Yok,,,,,,,,,,,,
840,16451308,11 Aralık 2024,11 Mart 2025,Konut,Kiralık,Daire,50 m²,55 m²,1+1,5-10,Bahçe Katı,3,Kombi Doğalgaz,Boş,,Kat Mülkiyeti,Hayır,,2,Genel Fiyat,5.500TL, Pamukkale - Zeytinköy Mahallesi,https://www.emlakjet.com//ilan/zeytinkoyde-kiralik-firsat-11-apart-depozitosuz-16451308/,,,,,,,,,,,,,,,
841,16450251,11 Aralık 2024,21 Mart 2025,Konut,Kiralık,Daire,125 m²,130 m²,3+1,11-15,1.Kat,3,Kombi Doğalgaz,Boş,,Kat İrtifakı,Hayır,,1,Genel Fiyat,15.000TL, Merkezefendi - Değirmenönü Mahallesi,https://www.emlakjet.com//ilan/kiralik-31-daire-16450251/,,,Var,,,,,,,,,,,,
842,16449787,11 Aralık 2024,30 Aralık 2024,Konut,Kiralık,Daire,195 m²,200 m²,3+1,5-10,2.Kat,4,Kombi Doğalgaz,Boş,Boş,Kat Mülkiyeti,Hayır,Yok,2,Genel Fiyat,28.000TL, Merkezefendi - Adalet Mahallesi,https://www.emlakjet.com//ilan/adalet-mahallesinde-kiralik-lux-daire-16449787/,,,,,,,,,,,,,,,
843,16449543,10 Aralık 2024,30 Aralık 2024,Konut,Kiralık,Daire,110 m²,120 m²,2+1,16-20,Çatı Katı,3,Merkezi Doğalgaz,Boş,Boş,Arsa Tapulu,Hayır,,1,Birim Fiyat,14.000TL, Merkezefendi - Akkonak Mahallesi,https://www.emlakjet.com//ilan/kiralik-daire-16449543/,0 TL,0 TL,Yok,1,,,,Fransız Balkon,,,,20 m²,,,
844,16449355,10 Aralık 2024,11 Mart 2025,Konut,Kiralık,Daire,60 m²,70 m²,2+1,3,1.Kat,3,Yerden Isıtma,Boş,,Kat Mülkiyeti,Hayır,,1,Genel Fiyat,15.000TL, Pamukkale - Yunusemre Mahallesi,https://www.emlakjet.com//ilan/yunusemre-mahallesi-luxx-21-16449355/,200 TL,15000 TL,Var,1,,,,Açık Balkon,,,,,,,
845,16449218,10 Aralık 2024,11 Mart 2025,Konut,Kiralık,Daire,60 m²,65 m²,2+1,5-10,1.Kat,4,Kombi Doğalgaz,Boş,,Kat Mülkiyeti,Hayır,,1,Genel Fiyat,8.000TL, Pamukkale - Asmalıevler Mahallesi,https://www.emlakjet.com//ilan/asmalievlerde-kiralik-firsat-21-arakat-16449218/,,8000 TL,,,,,,,,,,,,,
846,16447681,10 Aralık 2024,01 Şubat 2025,Konut,Kiralık,Daire,50 m²,60 m²,1+1,5-10,2.Kat,2,Yerden Isıtma,Boş,,Müstakil Tapulu,Hayır,Yok,1,Genel Fiyat,9.500TL, Pamukkale - İstiklal Mahallesi,https://www.emlakjet.com//ilan/istiklal-mahallesi-kiralik-esyali-apart-16447681/,,,,,,,,,,,,,,,
847,16443739,09 Aralık 2024,11 Mart 2025,Konut,Kiralık,Daire,100 m²,110 m²,2+1,21 Ve Üzeri,Yüksek Giriş,4,Kombi Doğalgaz,Boş,,Kat Mülkiyeti,Hayır,,1,Genel Fiyat,13.000TL, Pamukkale - Fesleğen Mahallesi,https://www.emlakjet.com//ilan/feslegen-mevkisinde-kiralik-daire-16443739/,,,Var,1,,,,Açık Balkon,,,,,,,
848,16442892,09 Aralık 2024,11 Mart 2025,Konut,Kiralık,Daire,45 m²,50 m²,1+1,5-10,3.Kat,4,Kombi Doğalgaz,Boş,,Tapu Kaydı Yok,Hayır,,1,Genel Fiyat,8.000TL, Pamukkale - Zeytinköy Mahallesi,https://www.emlakjet.com//ilan/ender-uysal-gayrimenkulden-zeytinkoy-de-kiralik-esyali-11-daire-16442892/,,,,,,,,,,,,,,,
849,16442231,09 Aralık 2024,24 Şubat 2025,Konut,Kiralık,Daire,70 m²,78 m²,2+1,0 (Yeni),Düz Giriş (Zemin),3,Yerden Isıtma,Boş,Eşyalı,Kat İrtifakı,Hayır,Yok,1,Genel Fiyat,15.000TL, Merkezefendi - Merkez Efendi Mahallesi,https://www.emlakjet.com//ilan/denizli-denipol-hastanesi-yani-21-sifir-apartimiz-kiraliktir-16442231/,200 TL,0 TL,Var,1,Evet,,,Açık Balkon,Sıfır,Betonarme,1,,,,
850,16441918,09 Aralık 2024,30 Aralık 2024,Konut,Kiralık,Daire,140 m²,145 m²,3+1,16-20,4.Kat,4,Kombi Doğalgaz,Boş,,Kat Mülkiyeti,Evet,,1,Genel Fiyat,13.000TL, Pamukkale - Atalar Mahallesi,https://www.emlakjet.com//ilan/denizli-merkez-atalarda-31-oldukca-genis-kullanisli-temiz-kiralik-daire-16441918/,,,,,,,,,,,,,,,
851,16440430,09 Aralık 2024,19 Mart 2025,Konut,Kiralık,Daire,170 m²,200 m²,3+1,5-10,2.Kat,9,Kombi Doğalgaz,Boş,Boş,Kat İrtifakı,Evet,,1,Genel Fiyat,30.000TL, Merkezefendi - Gültepe Mahallesi,https://www.emlakjet.com//ilan/office-20-den-cinkaya-da-havuzlu-sitede-31-kiralik-daire-16440430/,2500 TL,,Var,2,Evet,,,Açık Balkon,İkinci El,Betonarme,2,,,,
852,16440357,09 Aralık 2024,28 Şubat 2025,Konut,Kiralık,Daire,65 m²,70 m²,2+1,5-10,Kot 1 (-1).Kat,4,Merkezi Doğalgaz,Boş,,Kat Mülkiyeti,Hayır,,1,Genel Fiyat,11.500TL, Pamukkale - Asmalıevler Mahallesi,https://www.emlakjet.com//ilan/asmalievler-de-21-kiralik-apartlar-16440357/,,,,,,,,,,,,,,,
853,16439818,09 Aralık 2024,28 Şubat 2025,Konut,Kiralık,Daire,45 m²,50 m²,2+0,11-15,1.Kat,5,Merkezi Doğalgaz,Boş,,Kat Mülkiyeti,Hayır,,1,Genel Fiyat,8.000TL, Pamukkale - Asmalıevler Mahallesi,https://www.emlakjet.com//ilan/asmalievler-de-20-kiralik-apartlar-16439818/,,,,,,,,,,,,,,,
854,16439609,09 Aralık 2024,28 Şubat 2025,Konut,Kiralık,Daire,50 m²,60 m²,Stüdyo,16-20,4.Kat,5,Merkezi Doğalgaz,Boş,,Kat Mülkiyeti,Hayır,,1,Genel Fiyat,6.500TL, Pamukkale - Yunusemre Mahallesi,https://www.emlakjet.com//ilan/yunusemre-de-10-kiralik-apart-16439609/,,,,,,,,,,,,,,,
855,16437930,08 Aralık 2024,11 Mart 2025,Konut,Kiralık,Daire,50 m²,55 m²,1+1,5-10,3.Kat,3,Kombi Doğalgaz,Boş,,Kat Mülkiyeti,Hayır,,1,Genel Fiyat,9.000TL, Pamukkale - İncilipınar Mahallesi,https://www.emlakjet.com//ilan/ulusda-kiralk-cam-balkonlu-esyali-apart-16437930/,,,,,,,,,,,,,,,
856,16437355,08 Aralık 2024,17 Mart 2025,Konut,Kiralık,Daire,50 m²,55 m²,1+1,5-10,4.Kat,4,Merkezi Doğalgaz,Boş,,Kat Mülkiyeti,Hayır,,1,Genel Fiyat,8.000TL, Pamukkale - Zeytinköy Mahallesi,https://www.emlakjet.com//ilan/zeytinkoyde-kiralik-terasli-11-apart-depozitosuz-16437355/,,0 TL,Var,,,,,,,,,,,,
857,16437093,08 Aralık 2024,11 Mart 2025,Konut,Kiralık,Daire,40 m²,48 m²,1+1,5-10,3.Kat,3,Kombi Doğalgaz,Boş,Eşyalı,Kat Mülkiyeti,Hayır,,1,Genel Fiyat,7.500TL, Merkezefendi - Sırakapılar Mahallesi,https://www.emlakjet.com//ilan/sirakapilar-mahallesinde-kiralik-catikati-16437093/,,,Var,1,,,,Açık Balkon,,,,,,,
858,16434978,07 Aralık 2024,08 Ocak 2025,Konut,Kiralık,Daire,40 m²,45 m²,1+1,5-10,1.Kat,3,Kombi Doğalgaz,Boş,,Kat Mülkiyeti,Hayır,,1,Genel Fiyat,10.000TL, Merkezefendi - Sırakapılar Mahallesi,https://www.emlakjet.com//ilan/arevturk-den-sirakapilar-da-kiralik-45-m2-11-esyali-daire-16434978/,,12500 TL,,,,2398,1,,,,,,,,
859,16434206,07 Aralık 2024,30 Aralık 2024,Konut,Kiralık,Daire,50 m²,55 m²,1+1,4,3.Kat,6,Kombi Doğalgaz,Boş,Eşyalı,Bilinmiyor,Evet,,1,Birim Fiyat,11.500TL, Pamukkale - Asmalıevler Mahallesi,https://www.emlakjet.com//ilan/fd-gayrimenkulden-asmalievler-de-kiralik-11-esyali-apart-16434206/,0 TL,11500 TL,Var,1,Evet,,,Açık Balkon,İkinci El,Betonarme,1,,,,
860,16434133,07 Aralık 2024,30 Aralık 2024,Konut,Kiralık,Daire,60 m²,70 m²,2+1,5-10,5.Kat,5,Merkezi Doğalgaz,Boş,Eşyalı,Bilinmiyor,Hayır,,1,Birim Fiyat,16.000TL, Pamukkale - Yunusemre Mahallesi,https://www.emlakjet.com//ilan/fd-gayrimenkulden-yunusemre-de-kiralik-21-esyali-apart-16434133/,300 TL,16000 TL,Var,1,Evet,,,Açık Teras,İkinci El,Betonarme,1,,50 m²,,
861,16432862,06 Aralık 2024,01 Şubat 2025,Konut,Kiralık,Daire,195 m²,215 m²,4+1,11-15,4.Kat,4,Merkezi Doğalgaz,Boş,,Kat Mülkiyeti,Evet,,2,Genel Fiyat,18.500TL, Merkezefendi - Değirmenönü Mahallesi,https://www.emlakjet.com//ilan/redstone-myra-dan-degirmenonu-nde-kiralik-41-dubleks-daire-16432862/,300 TL,21000 TL,Var,2,,2474,5,Açık Teras,,,,,,,
862,16432861,06 Aralık 2024,20 Mart 2025,Konut,Kiralık,Daire,100 m²,110 m²,2+1,11-15,2.Kat,5,Kombi Doğalgaz,Boş,,Kat Mülkiyeti,Hayır,,1,Genel Fiyat,15.000TL, Pamukkale - İncilipınar Mahallesi,https://www.emlakjet.com//ilan/redstone-myra-dan-incilipinar-da-kiralik-21-arakat-daire-16432861/,1 TL,15000 TL,Var,1,Evet,855,175,Açık Teras,,,,,,,
863,16432747,06 Aralık 2024,02 Nisan 2025,Konut,Kiralık,Daire,80 m²,85 m²,1+1,4,6.Kat,29,Merkezi Doğalgaz,Boş,,Kat Mülkiyeti,Evet,,1,Genel Fiyat,20.000TL, Merkezefendi - Kayalar Mahallesi,https://www.emlakjet.com//ilan/redstone-myra-dan-sinpas-11-balkonlu-kiralik-daire-16432747/,1890 TL,20000 TL,Var,1,Evet,556,10,,,,,,,,
864,16428287,05 Aralık 2024,30 Aralık 2024,Konut,Kiralık,Daire,80 m²,85 m²,2+1,5-10,3.Kat,3,Yerden Isıtma,Boş,Eşyalı,Kat Mülkiyeti,Hayır,Yok,1,Genel Fiyat,15.000TL, Pamukkale - Zeytinköy Mahallesi,https://www.emlakjet.com//ilan/mg-premium-dan-adli-tip-mevki-b-makineli-klimali-21-lux-apart-16428287/,,,,,,,,,,,,,,,
865,16428284,05 Aralık 2024,30 Aralık 2024,Konut,Kiralık,Daire,40 m²,50 m²,1+1,5-10,Bahçe Katı,3,Kombi Doğalgaz,Boş,Eşyalı,Kat Mülkiyeti,Hayır,Yok,1,Genel Fiyat,9.000TL, Pamukkale - Asmalıevler Mahallesi,https://www.emlakjet.com//ilan/mg-premium-dan-asmali-evlerde-11-klimali-lux-apart-16428284/,,,,,,,,,,,,,,,
866,16428280,05 Aralık 2024,30 Aralık 2024,Konut,Kiralık,Daire,160 m²,170 m²,3+1,21 Ve Üzeri,Düz Giriş (Zemin),3,Kombi Doğalgaz,Boş,Boş,Kat Mülkiyeti,Hayır,Yok,1,Genel Fiyat,13.500TL, Pamukkale - Mehmetçik Mahallesi,https://www.emlakjet.com//ilan/mg-premium-dan-mehmetcik-mh-mevki-kiralik-mukemmel-31-daire-16428280/,,,,,,,,,,,,,,,
867,16428073,05 Aralık 2024,30 Aralık 2024,Konut,Kiralık,Daire,110 m²,120 m²,2+1,5-10,5.Kat,6,Kombi Doğalgaz,Boş,Boş,Kat Mülkiyeti,Hayır,Yok,1,Genel Fiyat,14.000TL, Pamukkale - Hacıkaplanlar Mahallesi,https://www.emlakjet.com//ilan/pelitlibag-mahallesinde-21-asansorlu-kombili-6-yillik-daire-16428073/,,,,,,,,,,,,,,,
868,16427889,05 Aralık 2024,21 Şubat 2025,Konut,Kiralık,Daire,40 m²,45 m²,1+1,5-10,2.Kat,3,Kombi Doğalgaz,Boş,Eşyalı,Bilinmiyor,Hayır,Yok,1,Genel Fiyat,12.500TL, Merkezefendi - Merkez Efendi Mahallesi,https://www.emlakjet.com//ilan/tercih-ten-tekden-devlet-hastanesi-mevkii-16427889/,,,,,,,,,İkinci El,Betonarme,,,,,
869,16427584,05 Aralık 2024,21 Mart 2025,Konut,Kiralık,Daire,105 m²,115 m²,2+1,5-10,Yüksek Giriş,4,Kombi Doğalgaz,Boş,Boş,Kat Mülkiyeti,Hayır,Yok,1,Genel Fiyat,15.000TL, Pamukkale - Atalar Mahallesi,https://www.emlakjet.com//ilan/okyanus-tan-atalar-da-21-genis-balkonlu-kombili-kiralik-daire-16427584/,,,,,,2349,26,,,,,,,,
870,16426208,05 Aralık 2024,30 Aralık 2024,Konut,Kiralık,Daire,50 m²,55 m²,1+1,5-10,3.Kat,4,Kombi Doğalgaz,Boş,Eşyalı,Kat Mülkiyeti,Hayır,Yok,1,Genel Fiyat,12.000TL, Pamukkale - Yunusemre Mahallesi,https://www.emlakjet.com//ilan/yunus-emre-de-kiralik-11-sifir-esyali-luks-firsat-apart-16426208/,,,,,,,,,,,,,,,
871,16425988,05 Aralık 2024,11 Mart 2025,Konut,Kiralık,Daire,60 m²,70 m²,2+1,5-10,2.Kat,4,Merkezi Doğalgaz,Boş,,Tapu Kaydı Yok,Hayır,,1,Genel Fiyat,16.000TL, Pamukkale - Zeytinköy Mahallesi,https://www.emlakjet.com//ilan/ender-uysaldan-universite-yakini-lux-yakit-net-su-dahil-apart-16425988/,,,,,,,,,,,,,,,
872,16425642,05 Aralık 2024,11 Mart 2025,Konut,Kiralık,Daire,43 m²,45 m²,1+1,5-10,2.Kat,3,Kombi Doğalgaz,Boş,Eşyalı,Tapu Kaydı Yok,Hayır,Var,1,Genel Fiyat,8.000TL, Pamukkale - Siteler Mahallesi,https://www.emlakjet.com//ilan/ender-uysaldan-kiniklida-11-klimali-balkonlu-apart-16425642/,,,,,,,,,İkinci El,Betonarme,1,,,,
873,16425037,05 Aralık 2024,11 Mart 2025,Konut,Kiralık,Daire,43 m²,45 m²,1+1,5-10,1.Kat,4,Kombi Doğalgaz,Boş,,Tapu Kaydı Yok,Hayır,,1,Genel Fiyat,9.000TL, Pamukkale - Siteler Mahallesi,https://www.emlakjet.com//ilan/ender-uysal-gayrimenkulden-sitelerde-11-kiralik-esyali-daire-16425037/,,,,,,,,,,,,,,,
874,16424220,05 Aralık 2024,30 Aralık 2024,Konut,Kiralık,Daire,115 m²,130 m²,2.5+1,21 Ve Üzeri,2.Kat,7,Merkezi Doğalgaz,Boş,,Kat Mülkiyeti,Evet,,1,Genel Fiyat,20.000TL, Pamukkale - Mehmetçik Mahallesi,https://www.emlakjet.com//ilan/denizli-merkez-mehmetcikte-21-130-m2-arakat-asansorlu-masrafsiz-kiralik-daire-16424220/,,,,,,,,,,,,,,,
875,16423493,05 Aralık 2024,30 Aralık 2024,Konut,Kiralık,Daire,130 m²,135 m²,3+1,21 Ve Üzeri,Bahçe Katı,3,Kombi Doğalgaz,Boş,Boş,Kat Mülkiyeti,Hayır,Yok,1,Genel Fiyat,10.000TL, Merkezefendi - Akkonak Mahallesi,https://www.emlakjet.com//ilan/merkezefendi-akkonak-ta-yari-bodrum-dogalgazli-kiralik-daire-16423493/,,,,,,,,,,,,,,,
876,16423147,05 Aralık 2024,30 Aralık 2024,Konut,Kiralık,Daire,45 m²,55 m²,1+1,5-10,1.Kat,2,Kombi Doğalgaz,Boş,Eşyalı,Kat Mülkiyeti,Hayır,Yok,1,Genel Fiyat,10.000TL, Pamukkale - Asmalıevler Mahallesi,https://www.emlakjet.com//ilan/net-premium-dan-ulus-yakini-kiralik-11-esyali-apart-16423147/,,,,,,,,,,,,,,,
877,16422570,05 Aralık 2024,30 Aralık 2024,Konut,Kiralık,Daire,55 m²,65 m²,2+1,5-10,1.Kat,3,Kombi Doğalgaz,Boş,Boş,Kat Mülkiyeti,Hayır,Yok,1,Genel Fiyat,10.500TL, Pamukkale - Atalar Mahallesi,https://www.emlakjet.com//ilan/atalar-mah-kibris-sehitler-cad-yakini-21-esyasiz-apart-kiralik-16422570/,,,,,,,,,,,,,,,
878,16421224,05 Aralık 2024,27 Şubat 2025,Konut,Kiralık,Daire,170 m²,185 m²,3+1,5-10,2.Kat,4,Kombi Doğalgaz,Boş,Boş,Kat Mülkiyeti,Hayır,,1,Genel Fiyat,30.000TL, Merkezefendi - 1200 Evler Mahallesi,https://www.emlakjet.com//ilan/kiralik-daire-1200evlerde-31-170-m2-16421224/,400 TL,,Var,3,,,,Kapalı Balkon,İkinci El,Betonarme,2,,16 m²,,
879,16420396,04 Aralık 2024,11 Mart 2025,Konut,Kiralık,Daire,115 m²,120 m²,2+1,16-20,3.Kat,4,Kombi Doğalgaz,Boş,,Kat Mülkiyeti,Hayır,,1,Genel Fiyat,13.000TL, Pamukkale - Atalar Mahallesi,https://www.emlakjet.com//ilan/atalar-mahallesinde-kiralik-daire-16420396/,,,Var,1,,,,Kapalı Balkon,,,,,,,
880,16420325,04 Aralık 2024,11 Mart 2025,Konut,Kiralık,Daire,40 m²,50 m²,1+1,4,1.Kat,3,Isı Pompası,Boş,,Kat Mülkiyeti,Hayır,,1,Genel Fiyat,12.000TL, Pamukkale - Zeytinköy Mahallesi,https://www.emlakjet.com//ilan/pau-yakini-11-arakat-balkonlu-luks-apart-16420325/,,,,,,,,,,,,,,,
881,16420230,04 Aralık 2024,11 Mart 2025,Konut,Kiralık,Daire,60 m²,70 m²,2+1,3,3.Kat,4,Yerden Isıtma,Boş,,Kat Mülkiyeti,Hayır,,1,Genel Fiyat,10.000TL, Pamukkale - Asmalıevler Mahallesi,https://www.emlakjet.com//ilan/asmalievler-21-arakat-yerden-isitma-balkonlu-16420230/,,,Var,1,Evet,,,Açık Balkon,,,,,10 m²,,
882,16420194,04 Aralık 2024,11 Mart 2025,Konut,Kiralık,Daire,30 m²,40 m²,1+1,4,1.Kat,3,Yerden Isıtma,Boş,Eşyalı,Kat Mülkiyeti,Hayır,Yok,1,Genel Fiyat,9.000TL, Pamukkale - Zeytinköy Mahallesi,https://www.emlakjet.com//ilan/pau-yakini-11-yerden-isitma-apart-16420194/,,,Yok,,Evet,,,,İkinci El,,1,5 m²,,,
883,16416251,04 Aralık 2024,11 Mart 2025,Konut,Kiralık,Daire,135 m²,140 m²,2+1,21 Ve Üzeri,3.Kat,7,Merkezi (Pay Ölçer),Boş,,Kat Mülkiyeti,Hayır,,1,Genel Fiyat,13.000TL, Merkezefendi - Değirmenönü Mahallesi,https://www.emlakjet.com//ilan/lise-caddesinde-kiralik-daire-16416251/,,,Var,1,,,,Açık Balkon,,,,,,,
884,16416119,04 Aralık 2024,11 Mart 2025,Konut,Kiralık,Daire,115 m²,120 m²,2+1,11-15,3.Kat,4,Kombi Doğalgaz,Boş,,Kat Mülkiyeti,Hayır,,1,Genel Fiyat,12.000TL, Pamukkale - Atalar Mahallesi,https://www.emlakjet.com//ilan/atalar-mahallesinde-kiralik-daire-16416119/,,,Var,1,,,,Kapalı Balkon,,,,,,,
885,16413669,03 Aralık 2024,24 Şubat 2025,Konut,Kiralık,Daire,40 m²,50 m²,1+1,5-10,Çatı Katı,2,Yerden Isıtma,Boş,Eşyalı,Kat Mülkiyeti,Hayır,Yok,1,Genel Fiyat,12.000TL, Merkezefendi - Bahçelievler Mahallesi,https://www.emlakjet.com//ilan/blokyapi-dan-bahcelievler-de-11-esyali-kiralik-apart-16413669/,,,,,,,,,,,,,,,
886,16413631,03 Aralık 2024,30 Aralık 2024,Konut,Kiralık,Daire,110 m²,132 m²,2.5+1,11-15,Düz Giriş (Zemin),4,Kombi Doğalgaz,Boş,Boş,Müstakil Tapulu,Hayır,Yok,1,Genel Fiyat,13.500TL, Merkezefendi - Adalet Mahallesi,https://www.emlakjet.com//ilan/sahibinden-kiralik-daire-16413631/,0 TL,13500 TL,Var,1,,,,Açık Balkon,İkinci El,,2,7 m²,8 m²,21 m²,3 m²
887,16412411,03 Aralık 2024,30 Aralık 2024,Konut,Kiralık,Daire,30 m²,35 m²,Stüdyo,5-10,3.Kat,3,Kombi Doğalgaz,Boş,Eşyalı,Kat Mülkiyeti,Hayır,Yok,1,Genel Fiyat,6.500TL, Pamukkale - Zeytinköy Mahallesi,https://www.emlakjet.com//ilan/hermess-den-zeytinkoyde-10-kiralik-apart-16412411/,,,,,,,,,,,,,,,
888,16412330,03 Aralık 2024,11 Mart 2025,Konut,Kiralık,Daire,100 m²,110 m²,2+1,5-10,2.Kat,3,Kombi Doğalgaz,Boş,Eşyalı,Kat Mülkiyeti,Hayır,Yok,1,Genel Fiyat,25.000TL, Pamukkale - Yunusemre Mahallesi,https://www.emlakjet.com//ilan/mercan-dan-bursa-caddesi-mevki-100-m2-21-sifir-esyali-daire-16412330/,,,,,,,,,,,,,,,
889,16412327,03 Aralık 2024,11 Mart 2025,Konut,Kiralık,Daire,95 m²,100 m²,2+1,2,2.Kat,5,Yerden Isıtma,Boş,Eşyalı,Kat Mülkiyeti,Hayır,Yok,1,Genel Fiyat,25.000TL, Pamukkale - Yunusemre Mahallesi,https://www.emlakjet.com//ilan/mercan-dan-yunus-emre-mevki-95-m2-21-ultra-luks-apart-16412327/,,,,,,,,,,,,,,,
890,16412321,03 Aralık 2024,11 Mart 2025,Konut,Kiralık,Daire,55 m²,60 m²,1+1,0 (Yeni),2.Kat,4,Yerden Isıtma,Boş,Eşyalı,Kat Mülkiyeti,Hayır,Yok,1,Genel Fiyat,16.000TL, Pamukkale - Zeytinköy Mahallesi,https://www.emlakjet.com//ilan/mercan-dan-universite-yakini-11-sifir-esyali-kiralik-luks-apart-16412321/,,,,,,,,,,,,,,,
891,16411277,03 Aralık 2024,28 Şubat 2025,Konut,Kiralık,Daire,35 m²,40 m²,1 Oda,11-15,Çatı Katı,3,Merkezi Doğalgaz,Boş,,Kat Mülkiyeti,Hayır,,1,Genel Fiyat,6.000TL, Pamukkale - Kınıklı Mahallesi,https://www.emlakjet.com//ilan/kinikli-da-her-sey-dahil-10-kiralik-apart-sadece-ogrenci-16411277/,0 TL,0 TL,,,,,,,,,,,,,
892,16410261,03 Aralık 2024,26 Şubat 2025,Konut,Kiralık,Daire,120 m²,130 m²,2+1,21 Ve Üzeri,4.Kat,4,Kombi Doğalgaz,Boş,Boş,Kat Mülkiyeti,Evet,Yok,1,Genel Fiyat,17.500TL, Pamukkale - Mehmetçik Mahallesi,https://www.emlakjet.com//ilan/karadag-gayrimenkulden-21-mukemmel-konumda-kiralik-daire-16410261/,,,,,,,,,,,,,,,
893,16410190,03 Aralık 2024,30 Aralık 2024,Konut,Kiralık,Daire,130 m²,140 m²,3+1,11-15,2.Kat,3,Kombi Doğalgaz,Boş,,Müstakil Tapulu,Hayır,,1,Genel Fiyat,13.000TL, Pamukkale - Cumhuriyet Mahallesi,https://www.emlakjet.com//ilan/dedehan-gayrimenkul-den-kiralik-daire-16410190/,,,Var,,,,,,,,,,,,
894,16409678,03 Aralık 2024,28 Şubat 2025,Konut,Kiralık,Daire,56 m²,60 m²,1+1,11-15,1.Kat,2,Merkezi Doğalgaz,Boş,,Kat Mülkiyeti,Hayır,,1,Genel Fiyat,7.500TL, Pamukkale - Asmalıevler Mahallesi,https://www.emlakjet.com//ilan/asmalievler-de-11-kiralik-apart-16409678/,200 TL,7500 TL,,,,,,,,,,,,,
895,16408642,03 Aralık 2024,11 Mart 2025,Konut,Kiralık,Daire,50 m²,60 m²,1.5+1,5-10,2.Kat,4,Yerden Isıtma,Boş,,Kat Mülkiyeti,Hayır,,1,Genel Fiyat,10.000TL, Pamukkale - Zeytinköy Mahallesi,https://www.emlakjet.com//ilan/zeytinkoy-mahallesinde-balkonlu-bulasik-makinali-11-apart-16408642/,400 TL,10000 TL,Var,1,,,,Kapalı Balkon,,,,,,,
896,16408081,03 Aralık 2024,27 Şubat 2025,Konut,Kiralık,Daire,150 m²,155 m²,3+1,16-20,2.Kat,4,Kombi Fueloil,Boş,,Kat Mülkiyeti,Hayır,,1,Genel Fiyat,16.500TL, Pamukkale - Yunusemre Mahallesi,https://www.emlakjet.com//ilan/yunusemrede-31-arakat-155-m2-3-balkonlu-ici-tadilat-gormus-daire-16408081/,,,Var,3,,,,,,,,,,,
897,16406244,02 Aralık 2024,26 Şubat 2025,Konut,Kiralık,Daire,70 m²,78 m²,2+1,5-10,1.Kat,5,Merkezi Doğalgaz,Boş,Eşyalı,Arsa Tapulu,Hayır,Yok,1,Genel Fiyat,13.000TL, Pamukkale - Yunusemre Mahallesi,https://www.emlakjet.com//ilan/poyraz-dan-yunus-emre-de-genis-balkonlu-21-esyali-apart-16406244/,,,,,,,,,,,,,,,
898,16406013,02 Aralık 2024,30 Aralık 2024,Konut,Kiralık,Daire,120 m²,125 m²,3+1,5-10,3.Kat,4,Kombi Doğalgaz,Boş,,Bilinmiyor,Hayır,,1,Genel Fiyat,20.000TL, Merkezefendi - 1200 Evler Mahallesi,https://www.emlakjet.com//ilan/1200-evler-de-kiralik-arakat-31-daire-16406013/,,,,,,,,,,,,,,,
899,16405011,02 Aralık 2024,30 Aralık 2024,Konut,Kiralık,Daire,130 m²,140 m²,3+1,0 (Yeni),5.Kat,6,Kombi Doğalgaz,Boş,,Kat Mülkiyeti,Hayır,,1,Genel Fiyat,20.000TL, Merkezefendi - Bahçelievler Mahallesi,https://www.emlakjet.com//ilan/denipolun-arkasinda-genis-31-daire-16405011/,,,Var,1,,,,,,,,,,,
900,16404961,02 Aralık 2024,30 Aralık 2024,Konut,Kiralık,Daire,120 m²,135 m²,2+1,0 (Yeni),4.Kat,6,Kombi Doğalgaz,Boş,,Kat Mülkiyeti,Hayır,,1,Genel Fiyat,14.999TL, Merkezefendi - Bahçelievler Mahallesi,https://www.emlakjet.com//ilan/denipol-hastanesinin-arkasinda-21-sifir-daire-16404961/,,,,,,,,,,,,,,,
901,16404507,02 Aralık 2024,19 Mart 2025,Konut,Kiralık,Daire,160 m²,180 m²,4+1,1,3.Kat,3,Yerden Isıtma,Boş,Boş,Kat Mülkiyeti,Hayır,Yok,1,Genel Fiyat,22.000TL, Merkezefendi - Gümüşçay Mahallesi,https://www.emlakjet.com//ilan/gultepe-mahallesi-nde-kiralik-41-daire-16404507/,200 TL,22000 TL,Yok,,,132,3,,,,1,,,,
902,16404304,02 Aralık 2024,17 Mart 2025,Konut,Kiralık,Daire,125 m²,130 m²,3+1,16-20,1.Kat,3,Kombi Doğalgaz,Boş,,Kat Mülkiyeti,Hayır,,1,Genel Fiyat,18.000TL, Merkezefendi - Selçuk Bey Mahallesi,https://www.emlakjet.com//ilan/selcukbeyde-kiralik-daire-16404304/,100 TL,20000 TL,Var,,Evet,,,,,,,,,,
903,16399553,01 Aralık 2024,28 Şubat 2025,Konut,Kiralık,Daire,140 m²,150 m²,3+1,11-15,3.Kat,3,Kombi Doğalgaz,Boş,Boş,Kat Mülkiyeti,Hayır,Yok,1,Genel Fiyat,19.500TL, Pamukkale - Zeytinköy Mahallesi,https://www.emlakjet.com//ilan/universite-yakini-ara-kat-balkonlu-31-150m2-kiralik-daire-16399553/,,,,,,,,,,,,,,,
904,16397680,01 Aralık 2024,26 Şubat 2025,Konut,Kiralık,Daire,50 m²,55 m²,1+1,4,Yüksek Giriş,3,Kombi Doğalgaz,Boş,Eşyalı,Müstakil Tapulu,Hayır,Yok,1,Genel Fiyat,9.000TL, Pamukkale - Asmalıevler Mahallesi,https://www.emlakjet.com//ilan/pamukkale-universitesine-yurume-masefeli-11-kiralik-apart-16397680/,,,,,,,,,,,,,,,
905,16396689,01 Aralık 2024,19 Mart 2025,Konut,Kiralık,Daire,115 m²,130 m²,3+1,5-10,3.Kat,3,Kombi Doğalgaz,Boş,Boş,Kat Mülkiyeti,Hayır,Yok,1,Genel Fiyat,21.000TL, Pamukkale - Kuşpınar Mahallesi,https://www.emlakjet.com//ilan/kuspinar-mah-ferah-ve-genis-31-daire-16396689/,,,,,,,,,,,,,,,
906,16396687,01 Aralık 2024,19 Mart 2025,Konut,Kiralık,Daire,115 m²,130 m²,3+1,5-10,2.Kat,3,Kombi Doğalgaz,Boş,Boş,Kat Mülkiyeti,Hayır,Yok,1,Genel Fiyat,23.000TL, Pamukkale - Kuşpınar Mahallesi,https://www.emlakjet.com//ilan/kuspinar-mah-genis-ve-ferah-31-kiralik-daire-16396687/,,,,,,,,,,,,,,,
907,16396682,01 Aralık 2024,19 Mart 2025,Konut,Kiralık,Daire,35 m²,40 m²,1+1,1,Kot 1 (-1).Kat,3,Yerden Isıtma,Boş,Eşyalı,Kat İrtifakı,Hayır,Yok,1,Genel Fiyat,10.000TL, Merkezefendi - Gültepe Mahallesi,https://www.emlakjet.com//ilan/gultepe-mahallesi-nde-kiralik-11-apart-16396682/,,,,,,,,,,,,,,,
908,16396505,01 Aralık 2024,30 Aralık 2024,Konut,Kiralık,Daire,60 m²,65 m²,2+1,4,2.Kat,5,Kombi Doğalgaz,Boş,Eşyalı,Kat Mülkiyeti,Hayır,Yok,1,Genel Fiyat,16.500TL, Pamukkale - Yunusemre Mahallesi,https://www.emlakjet.com//ilan/pamukkale-universitesine-3dk-luks-esyali-balkonlu-21daire-16396505/,,,,,,,,,,,,,,,
909,16395094,30 Kasım 2024,21 Ocak 2025,Konut,Kiralık,Daire,35 m²,40 m²,1+1,5-10,3.Kat,6,Yerden Isıtma,Boş,Eşyalı,Kat Mülkiyeti,Hayır,Yok,1,Genel Fiyat,11.000TL, Pamukkale - Kınıklı Mahallesi,https://www.emlakjet.com//ilan/camlikta-kiralik-apart-16395094/,,,,,,,,,,,,,,,
910,16391755,30 Kasım 2024,11 Mart 2025,Konut,Kiralık,Daire,50 m²,55 m²,1+1,4,3.Kat,3,Kombi Doğalgaz,Boş,Eşyalı,Kat Mülkiyeti,Hayır,,1,Genel Fiyat,9.000TL, Pamukkale - İncilipınar Mahallesi,https://www.emlakjet.com//ilan/incirlipinar-mahallesinde-kiralik-cam-balkonlu-apart-16391755/,,,Var,1,,,,Kapalı Balkon,,,,,,,
911,16391661,30 Kasım 2024,02 Ocak 2025,Konut,Kiralık,Daire,45 m²,50 m²,1+1,0 (Yeni),2.Kat,3,Kombi Doğalgaz,Boş,Eşyalı,Kat Mülkiyeti,Hayır,,1,Genel Fiyat,12.000TL, Honaz - Hürriyet Mahallesi,https://www.emlakjet.com//ilan/erkus-gyodan-honaz-ara-kat-balkonlu-kiralik-esyali-apart-16391661/,,,Var,1,,125,9,Açık Balkon,Sıfır,Betonarme,1,,,,
912,16390526,30 Kasım 2024,30 Aralık 2024,Konut,Kiralık,Daire,50 m²,55 m²,1+1,4,1.Kat,3,Yerden Isıtma,Boş,Eşyalı,Kat Mülkiyeti,Hayır,Yok,1,Genel Fiyat,12.000TL, Pamukkale - Siteler Mahallesi,https://www.emlakjet.com//ilan/mg-premium-dan-muhtesem-konumda-genis-11-ultra-lux-rezidans-16390526/,,,,,,,,,,,,,,,
913,16390522,30 Kasım 2024,30 Aralık 2024,Konut,Kiralık,Daire,50 m²,60 m²,1+1,4,Çatı Katı,3,Yerden Isıtma,Boş,Eşyalı,Kat Mülkiyeti,Hayır,Yok,1,Genel Fiyat,15.000TL, Pamukkale - Siteler Mahallesi,https://www.emlakjet.com//ilan/mg-premium-dan-muhtesem-konumda-genis-terasli-11-lux-rezidans-16390522/,,,,,,,,,,,,,,,
914,16390519,30 Kasım 2024,30 Aralık 2024,Konut,Kiralık,Daire,55 m²,60 m²,2+1,5-10,1.Kat,4,Kombi Doğalgaz,Boş,Eşyalı,Kat Mülkiyeti,Hayır,Yok,1,Genel Fiyat,14.000TL, Pamukkale - Kınıklı Mahallesi,https://www.emlakjet.com//ilan/mg-premium-dan-bursa-caddesinde-21-lux-apart-16390519/,,,,,,,,,,,,,,,
915,16390518,30 Kasım 2024,30 Aralık 2024,Konut,Kiralık,Daire,45 m²,55 m²,1+1,0 (Yeni),2.Kat,3,Yerden Isıtma,Boş,Eşyalı,Kat Mülkiyeti,Hayır,Yok,1,Genel Fiyat,15.500TL, Pamukkale - Kınıklı Mahallesi,https://www.emlakjet.com//ilan/mg-premium-dan-bursa-caddesi-mevki-sifir-ayarinda-11-rezidans-16390518/,,,,,,,,,,,,,,,
916,16390517,30 Kasım 2024,30 Aralık 2024,Konut,Kiralık,Daire,65 m²,70 m²,2+1,1,1.Kat,4,Kombi Doğalgaz,Boş,Eşyalı,Kat Mülkiyeti,Hayır,Yok,1,Genel Fiyat,16.000TL, Pamukkale - Kınıklı Mahallesi,https://www.emlakjet.com//ilan/mg-premium-dan-kampus-kafelerde-21-ultra-lux-esyali-rezidans-16390517/,,,,,,,,,,,,,,,
917,16390516,30 Kasım 2024,30 Aralık 2024,Konut,Kiralık,Daire,115 m²,130 m²,2+1,2,3.Kat,3,Yerden Isıtma,Boş,Boş,Kat Mülkiyeti,Hayır,Yok,1,Genel Fiyat,17.500TL, Pamukkale - Zeytinköy Mahallesi,https://www.emlakjet.com//ilan/mg-premium-dan-zeytinkoy-mh-mevki-kiralik-mukemmel-21-daire-16390516/,,,,,,,,,,,,,,,
918,16390089,30 Kasım 2024,19 Mart 2025,Konut,Kiralık,Daire,110 m²,120 m²,3+1,21 Ve Üzeri,2.Kat,3,Kombi Doğalgaz,Boş,Boş,Kat Mülkiyeti,Hayır,Yok,1,Genel Fiyat,17.000TL, Merkezefendi - Selçuk Bey Mahallesi,https://www.emlakjet.com//ilan/denizli-selcukbey-de-kiralik-31-daire-16390089/,,,,,,,,,,,,,,,
919,16389482,30 Kasım 2024,30 Aralık 2024,Konut,Kiralık,Daire,150 m²,180 m²,3.5+1,5-10,2.Kat,3,Kombi Doğalgaz,Boş,Boş,Müstakil Tapulu,Hayır,Yok,2,Genel Fiyat,26.500TL, Merkezefendi - Gerzele Mahallesi,https://www.emlakjet.com//ilan/servergazi-emlak-servergazide-mustakil-tadinda-kiralik-arakat-16389482/,,,,,,,,,,,,,,,
920,16389347,30 Kasım 2024,27 Mart 2025,Konut,Kiralık,Daire,50 m²,60 m²,1+1,5-10,Çatı Katı,3,Merkezi Doğalgaz,Boş,Eşyalı,Kat İrtifakı,Evet,Yok,1,Genel Fiyat,8.200TL, Pamukkale - Zeytinköy Mahallesi,https://www.emlakjet.com//ilan/atlantisten-ogretmenevi-yani-sitede-asansorlu-klimali-apart-16389347/,,,,,,511,3,,,,,,,,
921,16388973,29 Kasım 2024,21 Mart 2025,Konut,Kiralık,Daire,60 m²,70 m²,2+1,0 (Yeni),3.Kat,5,Yerden Isıtma,Boş,Eşyalı,Kat Mülkiyeti,Hayır,Yok,1,Genel Fiyat,21.000TL, Merkezefendi - Adalet Mahallesi,https://www.emlakjet.com//ilan/erkus-gyo-dan-adalet-mahallesinde-sifir-esyali-21-kiralik-apart-16388973/,,,Var,1,Evet,,,Açık Balkon,Sıfır,Betonarme,1,,,,
922,16388957,29 Kasım 2024,28 Şubat 2025,Konut,Kiralık,Daire,85 m²,90 m²,2+1,5-10,3.Kat,5,Kombi Doğalgaz,Boş,Boş,Kat Mülkiyeti,Hayır,Yok,1,Genel Fiyat,14.000TL, Pamukkale - 15 Mayıs Mahallesi,https://www.emlakjet.com//ilan/erkus-tan-cinar-15-mayis-mah-mukemmel-konumda-kiralik-21-daire-16388957/,,,,,,,,,,,,,,,
923,16388561,29 Kasım 2024,24 Şubat 2025,Konut,Kiralık,Daire,120 m²,150 m²,3+1,16-20,1.Kat,5,Kat Kaloriferi,Boş,Boş,Kat Mülkiyeti,Hayır,Yok,1,Genel Fiyat,23.000TL, Merkezefendi - Adalet Mahallesi,https://www.emlakjet.com//ilan/blokyapi-dan-adliyeye-yakin-31-kiralik-daire-16388561/,,,,,,,,,,,,,,,
924,16387096,29 Kasım 2024,30 Aralık 2024,Konut,Kiralık,Daire,50 m²,51 m²,1+1,5-10,3.Kat,5,Yerden Isıtma,Boş,Eşyalı,Kat İrtifakı,Hayır,Yok,1,Genel Fiyat,10.000TL, Pamukkale - Fesleğen Mahallesi,https://www.emlakjet.com//ilan/kibrissehitleri-uzeri-arakat-11-50-m2-luks-esyali-kiralik-daire-16387096/,,,,,,,,,,,,,,,
925,16386982,29 Kasım 2024,18 Şubat 2025,Konut,Kiralık,Daire,45 m²,50 m²,1+1,5-10,Çatı Katı,3,Yerden Isıtma,Boş,Eşyalı,Kat İrtifakı,Hayır,,1,Birim Fiyat,8.000TL, Pamukkale - İncilipınar Mahallesi,https://www.emlakjet.com//ilan/10-full-esyali-ayri-genis-mutfakli-sahibinden-forum-yerden-isitmali-16386982/,,8000 TL,Yok,,Hayır,4845,4,,Sıfır,Betonarme,1,,,,
926,16385421,29 Kasım 2024,26 Şubat 2025,Konut,Kiralık,Daire,70 m²,72 m²,2+1,5-10,Çatı Katı,4,Yerden Isıtma,Boş,Eşyalı,Kat Mülkiyeti,Hayır,Yok,1,Genel Fiyat,14.000TL, Pamukkale - Topraklık Mahallesi,https://www.emlakjet.com//ilan/karadag-gayrimenkulden-topraklik-mah-21-esyali-kiralik-apart-16385421/,,,,,,,,,,,,,,,
927,16381299,28 Kasım 2024,11 Mart 2025,Konut,Kiralık,Daire,125 m²,130 m²,2+1,11-15,3.Kat,3,Kombi Doğalgaz,Boş,,Tapu Kaydı Yok,Hayır,,1,Genel Fiyat,11.000TL, Pamukkale - Hürriyet Mahallesi,https://www.emlakjet.com//ilan/ender-uysal-gayrimenkulden-hurriyet-mahallesinde-21-kiralik-daire-16381299/,,,,,,,,,,,,,,,
928,16379144,28 Kasım 2024,30 Aralık 2024,Konut,Kiralık,Daire,200 m²,220 m²,5+1,0 (Yeni),4.Kat,4,Yerden Isıtma,Boş,,Kat Mülkiyeti,Hayır,,2,Genel Fiyat,35.000TL, Merkezefendi - Karahasanlı Mahallesi,https://www.emlakjet.com//ilan/denizli-mekez-karahasanlida-51-dublex-sifir-asansorlu-kiralik-daire-16379144/,,,Var,,,,,,,,,,,,
929,16378554,28 Kasım 2024,30 Aralık 2024,Konut,Kiralık,Daire,110 m²,120 m²,3+1,0 (Yeni),Yüksek Giriş,5,Kombi Doğalgaz,Boş,,Kat Mülkiyeti,Hayır,,2,Genel Fiyat,24.000TL, Merkezefendi - Karahasanlı Mahallesi,https://www.emlakjet.com//ilan/denizli-merkez-karahasanlida-31-sifir-yerden-isitmali-yuksek-giris-kiralik-daire-16378554/,,,Var,,,,,,,,,,,,
930,16376834,28 Kasım 2024,30 Aralık 2024,Konut,Kiralık,Daire,180 m²,200 m²,3+1,5-10,2.Kat,3,Kombi Doğalgaz,Boş,Boş,Kat Mülkiyeti,Hayır,Yok,1,Genel Fiyat,18.000TL, Pamukkale - Kınıklı Mahallesi,https://www.emlakjet.com//ilan/mg-premium-dan-kafeler-mevki-31-esyasiz-180m2-lux-daire-16376834/,,,,,,,,,,,,,,,
931,16376157,28 Kasım 2024,30 Aralık 2024,Konut,Kiralık,Daire,190 m²,215 m²,3.5+1,0 (Yeni),2.Kat,9,Yerden Isıtma,Boş,Boş,Kat İrtifakı,Evet,Yok,2,Genel Fiyat,40.000TL, Merkezefendi - Gültepe Mahallesi,https://www.emlakjet.com//ilan/redstone-idolden-site-icerisinde-sifir-arakat-kiralik-daire-16376157/,,,,,,,,,,,,,,,
932,16376155,28 Kasım 2024,30 Aralık 2024,Konut,Kiralık,Daire,150 m²,160 m²,3+1,1,1.Kat,4,Yerden Isıtma,Boş,Boş,Kat İrtifakı,Hayır,Yok,2,Genel Fiyat,25.000TL, Merkezefendi - Şemikler Mahallesi,https://www.emlakjet.com//ilan/redstone-idolden-gumusler-bulvari-uzerinde-31-kiralik-daire-16376155/,,,,,,,,,,,,,,,
933,16376141,28 Kasım 2024,30 Aralık 2024,Konut,Kiralık,Daire,115 m²,130 m²,2+1,3,7.Kat,8,Yerden Isıtma,Boş,Boş,Kat Mülkiyeti,Evet,Yok,1,Genel Fiyat,25.000TL, Merkezefendi - Şemikler Mahallesi,https://www.emlakjet.com//ilan/redstone-idolden-site-icerisinde-21-arakat-luks-kiralik-daire-16376141/,,,,,,,,,,,,,,,
934,16375886,27 Kasım 2024,11 Mart 2025,Konut,Kiralık,Daire,40 m²,50 m²,1+1,5-10,1.Kat,5,Kombi Doğalgaz,Boş,,Kat Mülkiyeti,Hayır,,1,Genel Fiyat,10.000TL, Pamukkale - 15 Mayıs Mahallesi,https://www.emlakjet.com//ilan/15-mayis-mahallesi-cinar-mevki-2-adet-kiralik-11-16375886/,200 TL,10000 TL,Yok,,,,,,,,,,,,
935,16375180,27 Kasım 2024,30 Aralık 2024,Konut,Kiralık,Daire,40 m²,50 m²,1+1,5-10,3.Kat,4,Kombi Doğalgaz,Boş,Boş,Kat Mülkiyeti,Hayır,Yok,1,Genel Fiyat,8.000TL, Pamukkale - İncilipınar Mahallesi,https://www.emlakjet.com//ilan/incilipinar-mah-11-esyali-apart-daire-16375180/,,,,,,,,,,,,,,,
936,16375083,27 Kasım 2024,30 Aralık 2024,Konut,Kiralık,Daire,45 m²,50 m²,1+1,11-15,1.Kat,3,Kombi Doğalgaz,Boş,Eşyalı,Kat Mülkiyeti,Hayır,Yok,1,Genel Fiyat,10.000TL, Pamukkale - İncilipınar Mahallesi,https://www.emlakjet.com//ilan/hermess-den-incilipinar-da-11-balkonlu-esyali-apart-16375083/,,,,,,,,,,,,,,,
937,16375082,27 Kasım 2024,30 Aralık 2024,Konut,Kiralık,Daire,70 m²,80 m²,2+1,21 Ve Üzeri,Bodrum Kat,3,Kombi Doğalgaz,Boş,Boş,Kat Mülkiyeti,Hayır,Yok,1,Genel Fiyat,8.750TL, Pamukkale - Yunusemre Mahallesi,https://www.emlakjet.com//ilan/hermess-den-yunus-emre-mah-21-kiralik-daire-16375082/,,,,,,,,,,,,,,,
938,16374615,27 Kasım 2024,30 Aralık 2024,Konut,Kiralık,Daire,95 m²,110 m²,2+1,2,3.Kat,5,Yerden Isıtma,Boş,Boş,Kat Mülkiyeti,Hayır,Yok,1,Genel Fiyat,19.000TL, Merkezefendi - Yenişafak Mahallesi,https://www.emlakjet.com//ilan/world-capital-den-yenisafak-ta-ara-kat-21-kiralik-daire-16374615/,,,,,,,,,,,,,,,
939,16373777,27 Kasım 2024,04 Ocak 2025,Konut,Kiralık,Daire,150 m²,160 m²,3+1,5-10,2.Kat,5,Kombi Doğalgaz,Boş,,Kat Mülkiyeti,Hayır,,2,Genel Fiyat,30.000TL, Pamukkale - Zeytinköy Mahallesi,https://www.emlakjet.com//ilan/bagbasi-eskiyolda-zeytinkoy-mah-2-kat-10-yillik-bina-16373777/,,,,,,,,,,,,,,,
940,16373642,27 Kasım 2024,07 Mart 2025,Konut,Kiralık,Daire,160 m²,170 m²,3+1,5-10,1.Kat,8,Yerden Isıtma,Boş,Boş,Kat Mülkiyeti,Evet,Yok,2,Genel Fiyat,28.000TL, Merkezefendi - Şemikler Mahallesi,https://www.emlakjet.com//ilan/cinkayada-havuzlu-site-icinde-kiralik-31-daire-16373642/,,,,,,,,,,,,,,,
941,16372949,27 Kasım 2024,11 Mart 2025,Konut,Kiralık,Daire,175 m²,178 m²,3+1,21 Ve Üzeri,2.Kat,5,Merkezi Doğalgaz,Boş,Boş,Kat Mülkiyeti,Hayır,,1,Genel Fiyat,15.000TL, Merkezefendi - Adalet Mahallesi,https://www.emlakjet.com//ilan/adalet-mahallesinde-kiralik-daire-16372949/,,,Var,2,,,,,,,,,,,
942,16372005,27 Kasım 2024,17 Mart 2025,Konut,Kiralık,Daire,55 m²,65 m²,2+1,16-20,2.Kat,5,Merkezi Doğalgaz,Boş,Eşyalı,Kat Mülkiyeti,Hayır,,1,Genel Fiyat,10.750TL, Pamukkale - Asmalıevler Mahallesi,https://www.emlakjet.com//ilan/universite-bolgesi-kiralik-21-genis-apart-16372005/,,,Var,1,,3871,17,Açık Balkon,,,1,,,,
943,16371325,27 Kasım 2024,11 Mart 2025,Konut,Kiralık,Daire,125 m²,130 m²,2+1,21 Ve Üzeri,4.Kat,4,Kombi Doğalgaz,Boş,,Kat Mülkiyeti,Hayır,,1,Genel Fiyat,13.000TL, Merkezefendi - Akkonak Mahallesi,https://www.emlakjet.com//ilan/akkonak-mahallesinde-kiralik-daire-16371325/,,,Var,2,,,,,,,,,,,
944,16370842,27 Kasım 2024,11 Mart 2025,Konut,Kiralık,Daire,43 m²,45 m²,1+1,0 (Yeni),1.Kat,4,Yerden Isıtma,Boş,,Tapu Kaydı Yok,Hayır,,1,Genel Fiyat,15.000TL, Pamukkale - Yunusemre Mahallesi,https://www.emlakjet.com//ilan/ender-uysal-gayrimenkulden-yunusemre-mahallesinde-11-kiralik-lux-esyali-daire-16370842/,,,,,,,,,,,,,,,
945,16369092,26 Kasım 2024,30 Aralık 2024,Konut,Kiralık,Daire,140 m²,150 m²,3+1,11-15,2.Kat,4,Kombi Doğalgaz,Boş,Boş,Bilinmiyor,Hayır,Yok,2,Genel Fiyat,15.000TL, Pamukkale - Bağbaşı Mahallesi,https://www.emlakjet.com//ilan/uysal-emlak-tan-bagbasi-yeniyol-ustu-150m2-31-arakat-daire-16369092/,,,,,,,,,,,,,,,
946,16366315,26 Kasım 2024,11 Mart 2025,Konut,Kiralık,Daire,125 m²,130 m²,2+1,21 Ve Üzeri,3.Kat,6,Merkezi Doğalgaz,Boş,,Bilinmiyor,Hayır,,1,Genel Fiyat,20.000TL, Pamukkale - Kuşpınar Mahallesi,https://www.emlakjet.com//ilan/ender-uysal-gayrimenkulden-kuspinar-mahallesinde-21-kiralik-daire-16366315/,,,,,,,,,,,,,,,
947,16365874,26 Kasım 2024,30 Aralık 2024,Konut,Kiralık,Daire,45 m²,50 m²,1+1,4,2.Kat,3,Yerden Isıtma,Boş,Eşyalı,Bilinmiyor,Hayır,Yok,1,Genel Fiyat,12.000TL, Merkezefendi - Değirmenönü Mahallesi,https://www.emlakjet.com//ilan/degirmenonunde-11-apart-kiralik-apart-16365874/,,,,,,,,,,,,,,,
948,16365871,26 Kasım 2024,30 Aralık 2024,Konut,Kiralık,Daire,55 m²,60 m²,1+1,5-10,4.Kat,4,Kombi Doğalgaz,Boş,Eşyalı,Bilinmiyor,Hayır,Yok,1,Genel Fiyat,9.000TL, Pamukkale - Atalar Mahallesi,https://www.emlakjet.com//ilan/atalarda-kiralik-apart-16365871/,,,,,,,,,,,,,,,
949,16365704,26 Kasım 2024,30 Aralık 2024,Konut,Kiralık,Daire,80 m²,95 m²,2+1,21 Ve Üzeri,5.Kat,5,Kombi Doğalgaz,Boş,Boş,Bilinmiyor,Evet,,1,Birim Fiyat,13.000TL, Merkezefendi - Alpaslan Mahallesi,https://www.emlakjet.com//ilan/super-manzarali-cift-balkonlu-mantolamali-21-daire-16365704/,,,,,,,,,,,,,,,
950,16365451,26 Kasım 2024,27 Şubat 2025,Konut,Kiralık,Daire,40 m²,55 m²,1+1,5-10,1.Kat,3,Yerden Isıtma,Boş,Eşyalı,Bilinmiyor,Hayır,Yok,1,Genel Fiyat,10.000TL, Pamukkale - Hacıkaplanlar Mahallesi,https://www.emlakjet.com//ilan/ilkim-emlaktan-hacikaplanlarda-kiralik-fuul-esyali-11-apart-16365451/,0 TL,10000 TL,,,Hayır,,,,İkinci El,Betonarme,1,,,15 m²,3 m²
951,16363828,26 Kasım 2024,11 Mart 2025,Konut,Kiralık,Daire,60 m²,65 m²,1+1,5-10,2.Kat,2,Kombi Doğalgaz,Boş,Eşyalı,Bilinmiyor,Hayır,,1,Genel Fiyat,11.000TL, Merkezefendi - Değirmenönü Mahallesi,https://www.emlakjet.com//ilan/degirmenonu-mahallesinde-kiralik-balkonlu-apart-16363828/,,,,,,,,,,,1,,,,
952,16362366,26 Kasım 2024,30 Aralık 2024,Konut,Kiralık,Daire,85 m²,90 m²,1+1,16-20,Bahçe Katı,4,Kombi Doğalgaz,Boş,Boş,Bilinmiyor,Hayır,Yok,1,Genel Fiyat,10.000TL, Pamukkale - Mehmetçik Mahallesi,https://www.emlakjet.com//ilan/mg-premium-dan-forum-camliga-yakin-11-85m2-yasam-alani-16362366/,,,,,,,,,,,,,,,
953,16361678,26 Kasım 2024,30 Aralık 2024,Konut,Kiralık,Daire,145 m²,168 m²,3+1,1,6.Kat,9,Yerden Isıtma,Boş,Boş,Bilinmiyor,Hayır,Yok,2,Genel Fiyat,35.000TL, Merkezefendi - Şemikler Mahallesi,https://www.emlakjet.com//ilan/redstone-idol-den-cinkaya-bulv-dalotus-126-dan-ara-kat-kiralik-16361678/,,,,,,,,,,,,,,,
954,16358871,25 Kasım 2024,30 Aralık 2024,Konut,Kiralık,Daire,160 m²,170 m²,3+1,16-20,3.Kat,3,Kombi Doğalgaz,Boş,Boş,Bilinmiyor,Hayır,Yok,1,Genel Fiyat,20.000TL, Pamukkale - Asmalıevler Mahallesi,https://www.emlakjet.com//ilan/asmalievler-pauye-yakin-31-160-m-kiralik-daire-16358871/,,,,,,,,,,,,,,,
955,16356728,25 Kasım 2024,11 Mart 2025,Konut,Kiralık,Daire,125 m²,130 m²,2+1,11-15,2.Kat,5,Merkezi Doğalgaz,Boş,,Bilinmiyor,Hayır,,1,Genel Fiyat,30.000TL, Pamukkale - Siteler Mahallesi,https://www.emlakjet.com//ilan/ender-uysal-gayrimenkulden-21-lux-esyali-kiralik-daire-16356728/,,,,,,,,,,,,,,,
956,16355993,25 Kasım 2024,30 Aralık 2024,Konut,Kiralık,Daire,35 m²,45 m²,Stüdyo,3,1.Kat,4,Kombi Doğalgaz,Boş,,Bilinmiyor,Hayır,,1,Genel Fiyat,8.000TL, Pamukkale - İstiklal Mahallesi,https://www.emlakjet.com//ilan/kiralik-balkonlu-arakat-apart-16355993/,,,,,,,,,,,,,,,
957,16355669,25 Kasım 2024,30 Aralık 2024,Konut,Kiralık,Daire,140 m²,145 m²,3+1,16-20,2.Kat,4,Kombi Doğalgaz,Boş,Boş,Bilinmiyor,Hayır,Yok,1,Genel Fiyat,11.000TL, Merkezefendi - Değirmenönü Mahallesi,https://www.emlakjet.com//ilan/degirmenonun-de-140-m-31-arakat-aileye-kiralik-konut-16355669/,,,,,,,,,,,,,,,
958,16353411,24 Kasım 2024,30 Aralık 2024,Konut,Kiralık,Daire,165 m²,180 m²,3+1,3,1.Kat,9,Yerden Isıtma,Boş,Boş,Bilinmiyor,Evet,Yok,2,Genel Fiyat,38.000TL, Merkezefendi - Gültepe Mahallesi,https://www.emlakjet.com//ilan/denizpark-da-site-icersinde-31-kiralik-luks-daire-16353411/,,,,,,,,,,,,,,,
959,16348526,23 Kasım 2024,28 Şubat 2025,Konut,Kiralık,Daire,40 m²,45 m²,Stüdyo,4,Bodrum Kat,3,Merkezi Doğalgaz,Boş,Eşyalı,Bilinmiyor,Hayır,Yok,1,Genel Fiyat,5.000TL, Pamukkale - Zeytinköy Mahallesi,https://www.emlakjet.com//ilan/universiteye-yakin-konumda-depozitosuz-10-luks-apart-16348526/,,,,,,,,,,,,,,,
960,16345871,23 Kasım 2024,11 Mart 2025,Konut,Kiralık,Residence,,58 m²,2+1,5-10,1.Kat,3,Merkezi Doğalgaz,Boş,Eşyalı,Bilinmiyor,Hayır,,1,Genel Fiyat,10.000TL, Pamukkale - Zeytinköy Mahallesi,https://www.emlakjet.com//ilan/bagbasi-mevkisinde-kiralik-apartlar-16345871/,,10000 TL,Var,1,,,,Açık Balkon,,,,,,,
961,16342698,22 Kasım 2024,21 Mart 2025,Konut,Kiralık,Daire,55 m²,65 m²,2+1,5-10,1.Kat,3,Yerden Isıtma,Boş,Eşyalı,Bilinmiyor,Hayır,Yok,1,Genel Fiyat,15.000TL, Pamukkale - Zeytinköy Mahallesi,https://www.emlakjet.com//ilan/sehzade-den-zeytinkoy-mah-21-kiralik-apart-16342698/,,,,,,,,,,,,,,,
962,16342674,22 Kasım 2024,26 Şubat 2025,Konut,Kiralık,Daire,38 m²,43 m²,2+1,0 (Yeni),2.Kat,3,Yerden Isıtma,Boş,Eşyalı,Bilinmiyor,Hayır,Yok,1,Genel Fiyat,20.000TL, Pamukkale - Zeytinköy Mahallesi,https://www.emlakjet.com//ilan/sehzade-den-pau-ye-yuruyus-mesafesinde-sifir-21-kiralik-apart-16342674/,,,,,,,,,,,,,,,
963,16342670,22 Kasım 2024,26 Şubat 2025,Konut,Kiralık,Daire,50 m²,60 m²,2+1,0 (Yeni),2.Kat,4,Kombi Doğalgaz,Boş,Eşyalı,Bilinmiyor,Hayır,Yok,1,Genel Fiyat,22.000TL, Merkezefendi - Adalet Mahallesi,https://www.emlakjet.com//ilan/sehzade-gayrimenkul-den-adalet-mahallesinde-esyali-kiralik-apart-16342670/,,,,,,,,,,,,,,,
964,16341345,22 Kasım 2024,11 Mart 2025,Konut,Kiralık,Daire,160 m²,170 m²,3+1,3,3.Kat,4,Yerden Isıtma,Boş,Boş,Bilinmiyor,Hayır,Yok,1,Genel Fiyat,25.000TL, Merkezefendi - Adalet Mahallesi,https://www.emlakjet.com//ilan/mercan-dan-adliye-mevki-160-m2-31-kiralik-daire-16341345/,,,,,,,,,,,,,,,
965,16341341,22 Kasım 2024,11 Mart 2025,Konut,Kiralık,Daire,50 m²,55 m²,1+1,1,2.Kat,4,Yerden Isıtma,Boş,Eşyalı,Bilinmiyor,Hayır,Yok,1,Genel Fiyat,12.000TL, Pamukkale - Fesleğen Mahallesi,https://www.emlakjet.com//ilan/mercan-dan-sehrin-merkezinde-11-luks-apart-16341341/,,,,,,,,,,,,,,,
966,16341336,22 Kasım 2024,11 Mart 2025,Konut,Kiralık,Daire,55 m²,60 m²,1+1,4,Bahçe Katı,4,Yerden Isıtma,Boş,Eşyalı,Bilinmiyor,Hayır,Yok,1,Genel Fiyat,13.000TL, Pamukkale - Zeytinköy Mahallesi,https://www.emlakjet.com//ilan/mercan-dan-universite-yakini-site-ici-11-esyali-luks-apart-16341336/,,,,,,,,,,,,,,,
967,16341331,22 Kasım 2024,11 Mart 2025,Konut,Kiralık,Daire,87 m²,90 m²,2+1,3,4.Kat,4,Yerden Isıtma,Boş,Eşyalı,Bilinmiyor,Hayır,Yok,1,Genel Fiyat,25.000TL, Pamukkale - Zeytinköy Mahallesi,https://www.emlakjet.com//ilan/mercan-dan-pau-universite-yakini-21-sifir-luks-apart-16341331/,,,,,,,,,,,,,,,
968,16341330,22 Kasım 2024,11 Mart 2025,Konut,Kiralık,Daire,55 m²,60 m²,1+1,4,2.Kat,3,Yerden Isıtma,Boş,Eşyalı,Bilinmiyor,Hayır,Yok,1,Genel Fiyat,15.000TL, Pamukkale - Kınıklı Mahallesi,https://www.emlakjet.com//ilan/mercan-dan-camlikta-11-klimali-balkonlu-luks-suit-daire-16341330/,,,,,,,,,,,,,,,
969,16341326,22 Kasım 2024,11 Mart 2025,Konut,Kiralık,Daire,45 m²,50 m²,1+1,5-10,2.Kat,4,Yerden Isıtma,Boş,Eşyalı,Bilinmiyor,Hayır,Yok,1,Genel Fiyat,11.000TL, Pamukkale - Siteler Mahallesi,https://www.emlakjet.com//ilan/mercan-dan-bursa-cd-mevkii-balkonlu-klimali-kiralik-apart-16341326/,,,,,,,,,,,,,,,
970,16339778,22 Kasım 2024,30 Aralık 2024,Konut,Kiralık,Daire,37 m²,45 m²,1+1,3,2.Kat,2,Yerden Isıtma,Boş,,Bilinmiyor,Hayır,,1,Genel Fiyat,9.000TL, Merkezefendi - Değirmenönü Mahallesi,https://www.emlakjet.com//ilan/deyirmenununde-kiralik-apart-16339778/,10 TL,9000 TL,,,,,,,,,,,,,
971,16338095,22 Kasım 2024,30 Aralık 2024,Konut,Kiralık,Daire,130 m²,150 m²,2.5+1,16-20,2.Kat,4,Merkezi Doğalgaz,Boş,Boş,Bilinmiyor,Hayır,Yok,1,Genel Fiyat,20.000TL, Pamukkale - Yunusemre Mahallesi,https://www.emlakjet.com//ilan/kr-yatirim-dan-tokat-caddesinde-140-m2-21-kiralik-arakat-daire-16338095/,,,,,,,,,,,,,,,
972,16338088,22 Kasım 2024,30 Aralık 2024,Konut,Kiralık,Daire,145 m²,160 m²,3+1,21 Ve Üzeri,6.Kat,7,Kombi Doğalgaz,Boş,Boş,Bilinmiyor,Hayır,Yok,1,Genel Fiyat,19.000TL, Merkezefendi - Sırakapılar Mahallesi,https://www.emlakjet.com//ilan/kr-yatirim-dan-saltak-caddesi-merkezi-konumda-31-kiralik-daire-16338088/,,,,,,,,,,,,,,,
973,16338087,22 Kasım 2024,30 Aralık 2024,Konut,Kiralık,Daire,158 m²,170 m²,3+1,21 Ve Üzeri,7.Kat,7,Kombi Doğalgaz,Boş,Boş,Bilinmiyor,Hayır,Yok,1,Genel Fiyat,18.000TL, Merkezefendi - Değirmenönü Mahallesi,https://www.emlakjet.com//ilan/kr-yatirimdan-caybasi-caddesi-merkezi-konumda-kiralik-daire-16338087/,,,,,,,,,,,,,,,
974,16337111,22 Kasım 2024,30 Aralık 2024,Konut,Kiralık,Daire,165 m²,170 m²,3+1,16-20,2.Kat,4,Kombi Doğalgaz,Boş,Boş,Bilinmiyor,Hayır,Yok,1,Genel Fiyat,22.000TL, Pamukkale - Mehmetçik Mahallesi,https://www.emlakjet.com//ilan/mg-premium-dan-forum-camliga-yakin-31-165m2-yasam-alani-16337111/,,,,,,,,,,,,,,,
975,16336447,22 Kasım 2024,25 Şubat 2025,Konut,Kiralık,Daire,45 m²,55 m²,1+1,5-10,2.Kat,3,Kombi Doğalgaz,Boş,Eşyalı,Bilinmiyor,Hayır,Yok,1,Genel Fiyat,9.500TL, Pamukkale - İstiklal Mahallesi,https://www.emlakjet.com//ilan/istiklal-i-pinar-parki-mevki-11-arakat-mega-kiralik-apart-16336447/,,,,,,,,,,,,,,,
976,16335291,21 Kasım 2024,28 Şubat 2025,Konut,Kiralık,Daire,130 m²,140 m²,2+1,11-15,Çatı Katı,3,Kombi Doğalgaz,Boş,Eşyalı,Bilinmiyor,Hayır,Yok,1,Genel Fiyat,20.000TL, Merkezefendi - Bereketler Mahallesi,https://www.emlakjet.com//ilan/erkus-gyo-dan-bereketler-de-esyali-21-kiralik-daire-16335291/,,,,,,,,,,,,,,,
977,16330281,21 Kasım 2024,30 Aralık 2024,Konut,Kiralık,Daire,215 m²,240 m²,4+1,0 (Yeni),3.Kat,4,Yerden Isıtma,Boş,Boş,Bilinmiyor,Evet,Yok,2,Genel Fiyat,50.000TL, Merkezefendi - Hallaçlar Mahallesi,https://www.emlakjet.com//ilan/max-real-den-site-ici-havuzlu-kiralik-daire-16330281/,,,,,,,,,,,,,,,
978,16330155,21 Kasım 2024,30 Aralık 2024,Konut,Kiralık,Daire,145 m²,165 m²,3+1,1,3.Kat,4,Yerden Isıtma,Boş,Boş,Bilinmiyor,Hayır,Yok,2,Genel Fiyat,24.000TL, Merkezefendi - Karahasanlı Mahallesi,https://www.emlakjet.com//ilan/world-capital-den-karahasanli-da-31-kiralik-ara-kat-luks-daire-16330155/,,,,,,,,,,,,,,,
979,16329845,21 Kasım 2024,30 Aralık 2024,Konut,Kiralık,Daire,40 m²,45 m²,1+1,5-10,Bahçe Katı,4,Kombi Doğalgaz,Boş,Eşyalı,Bilinmiyor,Hayır,Yok,1,Genel Fiyat,9.500TL, Pamukkale - Zeytinköy Mahallesi,https://www.emlakjet.com//ilan/net-premiumdan-zeytinkoyde-hersey-dahil-11-bahce-kati-apart-16329845/,,,,,,,,,İkinci El,Betonarme,,,,,
980,16329361,20 Kasım 2024,01 Şubat 2025,Konut,Kiralık,Daire,47 m²,55 m²,1+1,4,Yüksek Giriş,4,Yerden Isıtma,Boş,Eşyalı,Bilinmiyor,Hayır,Yok,1,Genel Fiyat,12.000TL, Pamukkale - Yunusemre Mahallesi,https://www.emlakjet.com//ilan/dur-al-gayrimenkulden-kinikli-mah-full-esyali-kiralik-apart-16329361/,,,,,,,,,,,,,,,
981,16329324,20 Kasım 2024,30 Aralık 2024,Konut,Kiralık,Daire,100 m²,105 m²,2+1,16-20,Düz Giriş (Zemin),3,Kombi Doğalgaz,Boş,Boş,Bilinmiyor,Hayır,,1,Genel Fiyat,14.000TL, Merkezefendi - Değirmenönü Mahallesi,https://www.emlakjet.com//ilan/degirmenonu-mh-19-mayis-okulu-yakini-21-depozitsiz-kiralik-daire-16329324/,1 TL,1 TL,,1,Hayır,,,Açık Balkon,İkinci El,Betonarme,1,3 m²,3 m²,,2 m²
982,16328741,20 Kasım 2024,27 Şubat 2025,Konut,Kiralık,Daire,55 m²,65 m²,1+1,5-10,2.Kat,3,Yerden Isıtma,Boş,Eşyalı,Bilinmiyor,Hayır,,1,Genel Fiyat,13.000TL, Pamukkale - Zeytinköy Mahallesi,https://www.emlakjet.com//ilan/yonetimli-apart-16328741/,,,,1,,0,321,Açık Balkon,,,1,,10 m²,,
983,16327275,20 Kasım 2024,11 Mart 2025,Konut,Kiralık,Daire,50 m²,55 m²,1+1,4,2.Kat,3,Kombi Doğalgaz,Boş,Eşyalı,Bilinmiyor,Hayır,Yok,1,Genel Fiyat,10.000TL, Pamukkale - Zeytinköy Mahallesi,https://www.emlakjet.com//ilan/cerrahi-hastane-yani-ara-kat-klimali-genis-balkonlu-apart-daire-16327275/,,,,,,,,,,,,,,,
984,16326053,20 Kasım 2024,27 Şubat 2025,Konut,Kiralık,Daire,100 m²,110 m²,2+1,3,5.Kat,5,Yerden Isıtma,Boş,Boş,Bilinmiyor,Hayır,Yok,1,Genel Fiyat,15.000TL, Pamukkale - Kervansaray Mahallesi,https://www.emlakjet.com//ilan/yeniyolda-firsat-daire-16326053/,,,,,,,,,,,,,,,
985,16326051,20 Kasım 2024,27 Şubat 2025,Konut,Kiralık,Daire,50 m²,55 m²,1+1,2,2.Kat,3,Yerden Isıtma,Boş,Eşyalı,Bilinmiyor,Hayır,Yok,1,Genel Fiyat,12.000TL, Pamukkale - Asmalıevler Mahallesi,https://www.emlakjet.com//ilan/pau-yakini-apart-16326051/,,,,,,,,,,,,,,,
986,16326045,20 Kasım 2024,27 Şubat 2025,Konut,Kiralık,Daire,50 m²,55 m²,1+1,4,2.Kat,3,Kombi Doğalgaz,Boş,Boş,Bilinmiyor,Hayır,Yok,1,Genel Fiyat,11.000TL, Pamukkale - Zeytinköy Mahallesi,https://www.emlakjet.com//ilan/ozkaracadan-balkonlu-apart-16326045/,,,,,,,,,,,,,,,
987,16325786,20 Kasım 2024,30 Aralık 2024,Konut,Kiralık,Daire,160 m²,195 m²,3+1,11-15,Yüksek Giriş,4,Kombi Doğalgaz,Boş,Boş,Bilinmiyor,Evet,Yok,1,Genel Fiyat,20.000TL, Merkezefendi - Selçuk Bey Mahallesi,https://www.emlakjet.com//ilan/unyeli-kardesler-gayrimenkulden-selcukbeyde-kiralik-daire-16325786/,,,,,,,,,,,,,,,
988,16322980,20 Kasım 2024,11 Mart 2025,Konut,Kiralık,Daire,48 m²,50 m²,1+1,3,3.Kat,3,Yerden Isıtma,Boş,,Bilinmiyor,Hayır,,1,Genel Fiyat,12.000TL, Pamukkale - Siteler Mahallesi,https://www.emlakjet.com//ilan/ender-uysal-gayrimenkulden-11-esyali-klimali-balkonlu-daire-16322980/,,,,,,,,,,,,,,,
989,16316432,19 Kasım 2024,30 Aralık 2024,Konut,Kiralık,Daire,170 m²,180 m²,4+1,11-15,2.Kat,2,Kombi Doğalgaz,Boş,Boş,Bilinmiyor,Hayır,Yok,2,Genel Fiyat,25.000TL, Merkezefendi - Adalet Mahallesi,https://www.emlakjet.com//ilan/office-pera-dan-albayrak-meydani-nda-41-180-m2-kiralik-daire-16316432/,,,,,,,,,,,,,,,
990,16315483,19 Kasım 2024,30 Aralık 2024,Konut,Kiralık,Daire,40 m²,45 m²,1+1,5-10,3.Kat,3,Yerden Isıtma,Boş,,Bilinmiyor,Hayır,,1,Genel Fiyat,8.000TL, Pamukkale - Fesleğen Mahallesi,https://www.emlakjet.com//ilan/denizli-merkez-kibrissehitlerde-11-full-esyali-apart-dairesi-16315483/,,,,,,,,,,,,,,,
991,16315060,19 Kasım 2024,27 Şubat 2025,Konut,Kiralık,Daire,50 m²,65 m²,2+1,5-10,2.Kat,6,Yerden Isıtma,Boş,Eşyalı,Bilinmiyor,Hayır,Yok,1,Genel Fiyat,16.000TL, Pamukkale - Fesleğen Mahallesi,https://www.emlakjet.com//ilan/ilkim-emlaktan-feslegende-kiralik-21-esyali-daire-16315060/,0 TL,16000 TL,,1,Hayır,,,Açık Balkon,İkinci El,Betonarme,1,3 m²,6 m²,15 m²,3 m²
992,16314956,19 Kasım 2024,11 Mart 2025,Konut,Kiralık,Daire,50 m²,55 m²,1+1,3,2.Kat,5,Yerden Isıtma,Boş,Eşyalı,Bilinmiyor,Hayır,Yok,1,Genel Fiyat,11.000TL, Pamukkale - Zeytinköy Mahallesi,https://www.emlakjet.com//ilan/universiteye-2-dk-11-kiralik-16314956/,,,,,,,,,,,,,,,
993,16314955,19 Kasım 2024,11 Mart 2025,Konut,Kiralık,Daire,175 m²,180 m²,3+1,0 (Yeni),1.Kat,5,Yerden Isıtma,Boş,Boş,Bilinmiyor,Hayır,Yok,2,Genel Fiyat,30.000TL, Pamukkale - Zeytinköy Mahallesi,https://www.emlakjet.com//ilan/bagbasi-yeniyolda-31-akilli-ev-sistemi-kiralik-daire-16314955/,,,,,,,,,,,,,,,
994,16314946,19 Kasım 2024,11 Mart 2025,Konut,Kiralık,Daire,50 m²,55 m²,1+1,4,3.Kat,4,Kombi Doğalgaz,Boş,,Bilinmiyor,Hayır,Yok,1,Genel Fiyat,10.000TL, Pamukkale - Asmalıevler Mahallesi,https://www.emlakjet.com//ilan/pau-yakini-11-genis-denizli-manzarali-asansorlu-apart-16314946/,,,,,,,,,,,,,,,
995,16314935,19 Kasım 2024,11 Mart 2025,Konut,Kiralık,Daire,100 m²,110 m²,2+1,0 (Yeni),2.Kat,3,Yerden Isıtma,Boş,Boş,Bilinmiyor,Hayır,Yok,1,Genel Fiyat,18.500TL, Pamukkale - Kervansaray Mahallesi,https://www.emlakjet.com//ilan/bagbasi-yeniyol-ustu-21-panjurlu-sifir-daire-16314935/,,,,,,,,,,,,,,,
996,16314444,19 Kasım 2024,11 Mart 2025,Konut,Kiralık,Daire,35 m²,40 m²,1+1,5-10,1.Kat,3,Yerden Isıtma,Boş,,Bilinmiyor,Hayır,,1,Genel Fiyat,12.000TL, Pamukkale - Yunusemre Mahallesi,https://www.emlakjet.com//ilan/ender-uysal-gayrimenkulden-yunusemre-de-universiteye-yakin-kiralik-11-esyali-apart-16314444/,,,,,,,,,,,,,,,
997,16312570,19 Kasım 2024,30 Aralık 2024,Konut,Kiralık,Daire,75 m²,85 m²,3+1,5-10,4.Kat,4,Kombi Doğalgaz,Boş,Eşyalı,Bilinmiyor,Hayır,Yok,1,Genel Fiyat,13.000TL, Pamukkale - Kınıklı Mahallesi,https://www.emlakjet.com//ilan/bursa-caddesi-uzeri-elektirik-uu-dahil-kiralik-31-apartlar-16312570/,,,,,,,,,İkinci El,Betonarme,,,,,
998,16309538,18 Kasım 2024,30 Aralık 2024,Konut,Kiralık,Daire,105 m²,115 m²,2+1,21 Ve Üzeri,2.Kat,4,Kombi Doğalgaz,Boş,,Bilinmiyor,Hayır,,1,Genel Fiyat,14.000TL, Pamukkale - Atalar Mahallesi,https://www.emlakjet.com//ilan/eskidjiden-emek-caddesinde-ara-kat-ici-yeni-daire-16309538/,,,,,,,,,,,,,,,
999,16309364,18 Kasım 2024,30 Aralık 2024,Konut,Kiralık,Daire,120 m²,125 m²,2+1,21 Ve Üzeri,3.Kat,4,Kombi Doğalgaz,Boş,,Bilinmiyor,Hayır,,1,Genel Fiyat,15.000TL, Pamukkale - Hacıkaplanlar Mahallesi,https://www.emlakjet.com//ilan/eskidjiden-hacikaplanlarda-esyali-ara-kat-daire-firsati-16309364/,,,,,,,,,,,,,,,
1000,16309076,18 Kasım 2024,11 Mart 2025,Konut,Kiralık,Daire,60 m²,70 m²,2+1,5-10,1.Kat,2,Yerden Isıtma,Boş,,Bilinmiyor,Hayır,,1,Genel Fiyat,20.000TL, Pamukkale - Kınıklı Mahallesi,https://www.emlakjet.com//ilan/ender-uysal-gayrimenkulden-kiniklida-21-lux-esyali-apart-16309076/,,,,,,,,,,,,,,,
1001,16305552,18 Kasım 2024,01 Nisan 2025,Konut,Kiralık,Daire,45 m²,50 m²,1+1,5-10,2.Kat,3,Merkezi Doğalgaz,Boş,,Bilinmiyor,Hayır,,1,Genel Fiyat,8.000TL, Pamukkale - Asmalıevler Mahallesi,https://www.emlakjet.com//ilan/kz-gayrimenkulden-asmalievlerde-11-50m2-arakat-balkonlu-kiralik-esyali-apart-16305552/,,,,,,2374,11,,,,,,,,
1002,16305095,18 Kasım 2024,30 Aralık 2024,Konut,Kiralık,Daire,60 m²,65 m²,2+0,5-10,Bodrum Kat,4,Kombi Doğalgaz,Boş,,Bilinmiyor,Hayır,,1,Genel Fiyat,6.000TL, Merkezefendi - Değirmenönü Mahallesi,https://www.emlakjet.com//ilan/caybasi-caddesinde-20-esyasiz-daire-16305095/,,6000 TL,,,,,,,,,,,,,
1003,16304558,18 Kasım 2024,30 Aralık 2024,Konut,Kiralık,Daire,74 m²,84 m²,1+1,5-10,5.Kat,29,Merkezi (Pay Ölçer),Boş,Eşyalı,Bilinmiyor,Evet,Yok,1,Genel Fiyat,21.000TL, Merkezefendi - Kayalar Mahallesi,https://www.emlakjet.com//ilan/kr-yatirim-dan-sinpas-aquacity-de-11-esyali-daire-kiraliktir-16304558/,,,,,,,,,,,,,,,
1004,16304544,18 Kasım 2024,10 Ocak 2025,Konut,Kiralık,Daire,170 m²,180 m²,3+1,21 Ve Üzeri,1.Kat,3,Kombi Doğalgaz,Boş,Eşyalı,Bilinmiyor,Hayır,Yok,1,Genel Fiyat,17.000TL, Pamukkale - Pelitlibağ Mahallesi,https://www.emlakjet.com//ilan/kr-yatirim-dan-istiklal-mahallesinde-31-esyali-kiralik-daire-16304544/,,,,,,,,,,,,,,,
1005,16300380,17 Kasım 2024,30 Aralık 2024,Konut,Kiralık,Daire,170 m²,175 m²,3+1,5-10,2.Kat,5,Kombi Doğalgaz,Boş,Boş,Bilinmiyor,Evet,Yok,1,Genel Fiyat,26.000TL, Merkezefendi - Yenişafak Mahallesi,https://www.emlakjet.com//ilan/eser-den-site-ici-full-esyali-yada-esyasiz-175m2-ferah-arakat-16300380/,,,,,,,,,,,,,,,
1006,16299055,17 Kasım 2024,30 Aralık 2024,Konut,Kiralık,Daire,60 m²,70 m²,2+0,4,2.Kat,2,Yerden Isıtma,Boş,,Bilinmiyor,Hayır,,1,Birim Fiyat,15.000TL, Merkezefendi - Adalet Mahallesi,https://www.emlakjet.com//ilan/esyali-adalet-2-oda-1-mufakli-16299055/,,,,1,,,,Açık Balkon,,,,,7 m²,,
1007,16298687,17 Kasım 2024,30 Aralık 2024,Konut,Kiralık,Daire,50 m²,65 m²,1+1,3,2.Kat,5,Kombi Doğalgaz,Boş,,Bilinmiyor,Hayır,Yok,1,Genel Fiyat,10.000TL, Acıpayam - Aşağı Mahallesi,https://www.emlakjet.com//ilan/denizli-acipayamda-11-asansorlu-kiralik-daire-16298687/,,,,,,,,,,,,,,,
1008,16295745,17 Kasım 2024,20 Şubat 2025,Konut,Kiralık,Daire,190 m²,195 m²,3+1,5-10,2.Kat,5,Yerden Isıtma,Boş,Boş,Bilinmiyor,Evet,Yok,2,Genel Fiyat,35.000TL, Merkezefendi - Selçuk Bey Mahallesi,https://www.emlakjet.com//ilan/gul-heykelinin-kosesi-harika-konumda-2-klimali-daire-16295745/,,,,,,,,,,,,,,,
1009,16294837,17 Kasım 2024,30 Aralık 2024,Konut,Kiralık,Daire,60 m²,61 m²,1+1,5-10,1.Kat,3,Merkezi Doğalgaz,Boş,Eşyalı,Bilinmiyor,Hayır,Yok,1,Genel Fiyat,10.000TL, Pamukkale - Kınıklı Mahallesi,https://www.emlakjet.com//ilan/kinikli-mah-pau-kyk-karsisi-hersey-dahil-11-60-m2-arakat-apart-16294837/,,,,,,,,,,,,,,,
1010,16294823,17 Kasım 2024,30 Aralık 2024,Konut,Kiralık,Daire,50 m²,51 m²,1+1,5-10,Çatı Katı,2,Merkezi Doğalgaz,Boş,Eşyalı,Bilinmiyor,Hayır,Yok,1,Genel Fiyat,9.000TL, Pamukkale - Kınıklı Mahallesi,https://www.emlakjet.com//ilan/kinikli-mah-pau-kyk-karsisi-11-50-m2-hersey-dahil-kiralik-apart-16294823/,,,,,,,,,,,,,,,
1011,16294070,17 Kasım 2024,30 Aralık 2024,Konut,Kiralık,Daire,50 m²,60 m²,1+1,3,Çatı Katı,3,Kombi Doğalgaz,Boş,Eşyalı,Bilinmiyor,Hayır,Yok,1,Genel Fiyat,9.000TL, Pamukkale - Asmalıevler Mahallesi,https://www.emlakjet.com//ilan/mysan-dan-kiralik-11-klimali-16294070/,,,,,,,,,,,,,,,
1012,16293398,17 Kasım 2024,30 Aralık 2024,Konut,Kiralık,Daire,150 m²,160 m²,3+1,11-15,3.Kat,3,Kombi Doğalgaz,Boş,Boş,Bilinmiyor,Hayır,Yok,1,Genel Fiyat,17.000TL, Pamukkale - Bağbaşı Mahallesi,https://www.emlakjet.com//ilan/royalden-bagbasinda-luks-kiralik-cati-kati-16293398/,,,,,,,,,,,,,,,
1013,16293396,17 Kasım 2024,30 Aralık 2024,Konut,Kiralık,Daire,90 m²,100 m²,2+1,21 Ve Üzeri,Bahçe Katı,4,Kombi Doğalgaz,Boş,Boş,Bilinmiyor,Hayır,Yok,1,Genel Fiyat,14.000TL, Pamukkale - Kuşpınar Mahallesi,https://www.emlakjet.com//ilan/royalden-kuspinar-da-kiralik-bahce-kati-16293396/,,,,,,,,,,,,,,,
1014,16293367,17 Kasım 2024,30 Aralık 2024,Konut,Kiralık,Daire,150 m²,160 m²,3+1,11-15,1.Kat,2,Kombi Doğalgaz,Boş,Boş,Bilinmiyor,Hayır,Yok,2,Genel Fiyat,12.000TL, Pamukkale - Cumhuriyet Mahallesi,https://www.emlakjet.com//ilan/royal-den-ulusa-cok-yakin-31-160m-arakat-kiralik-konut-16293367/,,,,,,,,,,,,,,,
1015,16293050,17 Kasım 2024,21 Şubat 2025,Konut,Kiralık,Daire,50 m²,55 m²,1+1,0 (Yeni),2.Kat,4,Yerden Isıtma,Boş,Eşyalı,Bilinmiyor,Hayır,Yok,1,Genel Fiyat,13.500TL, Merkezefendi - Değirmenönü Mahallesi,https://www.emlakjet.com//ilan/karaman-pazari-yakini-sifir-binada-sifir-esyali-ara-kat11-daire-16293050/,,,,,,,,,,,,,,,
1016,16293036,17 Kasım 2024,21 Şubat 2025,Konut,Kiralık,Daire,50 m²,60 m²,1+1,5-10,1.Kat,2,Kombi Doğalgaz,Boş,Eşyalı,Bilinmiyor,Hayır,Yok,1,Genel Fiyat,10.000TL, Merkezefendi - Sırakapılar Mahallesi,https://www.emlakjet.com//ilan/sirakapilar-saltak-da-halk-bankasi-arkasi-16293036/,,,,,,,,,,,,,,,
1017,16293018,17 Kasım 2024,21 Şubat 2025,Konut,Kiralık,Daire,45 m²,55 m²,1+1,5-10,2.Kat,3,Yerden Isıtma,Boş,Eşyalı,Bilinmiyor,Hayır,Yok,1,Genel Fiyat,12.900TL, Pamukkale - Pelitlibağ Mahallesi,https://www.emlakjet.com//ilan/pelitlibagda-sifir-esyali-ultra-lux-kiralik-apart-16293018/,,,,,,,,,,,,,,,
1018,16292627,17 Kasım 2024,28 Şubat 2025,Konut,Kiralık,Daire,50 m²,55 m²,1+1,3,2.Kat,4,Kombi Doğalgaz,Boş,Eşyalı,Bilinmiyor,Hayır,Yok,1,Genel Fiyat,11.500TL, Pamukkale - İncilipınar Mahallesi,https://www.emlakjet.com//ilan/landex-den-11-incilipinar-da-50m2-esyali-kiralik-apart-daire-16292627/,,,,,,,,,,,,,,,
1019,16292365,17 Kasım 2024,26 Şubat 2025,Konut,Kiralık,Daire,140 m²,165 m²,3.5+1,5-10,3.Kat,3,Kombi Doğalgaz,Boş,Boş,Bilinmiyor,Hayır,Yok,1,Genel Fiyat,18.000TL, Merkezefendi - Akçeşme Mahallesi,https://www.emlakjet.com//ilan/semikler-de-3-51-dubleks-kiralik-dairemiz-16292365/,,,,,,,,,,,,,,,
1020,16291830,16 Kasım 2024,01 Şubat 2025,Konut,Kiralık,Daire,85 m²,90 m²,2+1,5-10,3.Kat,4,Kombi Doğalgaz,Boş,Eşyalı,Bilinmiyor,Hayır,Yok,1,Genel Fiyat,22.000TL, Pamukkale - Yunusemre Mahallesi,https://www.emlakjet.com//ilan/dur-al-gayrimenkul-den-yunusemre-de-kiralik-21-daire-16291830/,,,,,,,,,,,,,,,
1021,16291019,16 Kasım 2024,11 Mart 2025,Konut,Kiralık,Daire,43 m²,45 m²,1+1,4,3.Kat,4,Kombi Doğalgaz,Boş,,Bilinmiyor,Hayır,Var,1,Genel Fiyat,10.000TL, Pamukkale - İncilipınar Mahallesi,https://www.emlakjet.com//ilan/ender-uysal-gayrimenkulden-forum-camliga-yakin-ara-kat-asansorlu-klimali-luks-esyali-11-apart-16291019/,,,,,,,,,İkinci El,Betonarme,1,,,,
1022,16290182,16 Kasım 2024,30 Aralık 2024,Konut,Kiralık,Daire,50 m²,55 m²,1+1,5-10,Çatı Katı,3,Yerden Isıtma,Boş,,Bilinmiyor,Hayır,Yok,1,Genel Fiyat,13.000TL, Pamukkale - Asmalıevler Mahallesi,https://www.emlakjet.com//ilan/pau-ye-yakin-site-icerisinde-11-full-esyali-suit-daire-16290182/,,,,,,,,,,,,,,,
1023,16287675,16 Kasım 2024,27 Şubat 2025,Konut,Kiralık,Daire,90 m²,110 m²,2+1,11-15,1.Kat,3,Kombi Doğalgaz,Boş,Boş,Bilinmiyor,Hayır,Yok,1,Genel Fiyat,15.000TL, Pamukkale - Atalar Mahallesi,https://www.emlakjet.com//ilan/ilkim-emlaktan-atalarda-kiralik-21-daire-16287675/,0 TL,15000 TL,,1,Hayır,,,Açık Balkon,İkinci El,Betonarme,1,3 m²,6 m²,20 m²,3 m²
1024,16287008,16 Kasım 2024,27 Şubat 2025,Konut,Kiralık,Daire,50 m²,75 m²,1+1,5-10,2.Kat,3,Yerden Isıtma,Boş,Eşyalı,Bilinmiyor,Hayır,Yok,1,Genel Fiyat,9.000TL, Merkezefendi - Altıntop Mahallesi,https://www.emlakjet.com//ilan/ilkim-emlaktan-altintopta-kiralik-11-esyali-daire-16287008/,0 TL,9000 TL,,,Hayır,,,,İkinci El,Betonarme,1,3 m²,,20 m²,3 m²
1025,16286987,16 Kasım 2024,11 Mart 2025,Konut,Kiralık,Daire,135 m²,145 m²,3+1,11-15,3.Kat,4,Kombi Doğalgaz,Boş,,Bilinmiyor,Hayır,,1,Genel Fiyat,20.000TL, Pamukkale - Siteler Mahallesi,https://www.emlakjet.com//ilan/ender-uysal-gayrimenkulden-kiniklida-31-kiralik-daire-16286987/,,,,,,,,,,,,,,,
1026,16282812,15 Kasım 2024,30 Ocak 2025,Konut,Kiralık,Daire,50 m²,60 m²,1+1,4,4.Kat,4,Kombi Doğalgaz,Boş,,Tapu Kaydı Yok,Hayır,,1,Genel Fiyat,12.500TL, Pamukkale - Siteler Mahallesi,https://www.emlakjet.com//ilan/foruma-yakin-11-balkonlu-lux-apart-16282812/,,,,,,,,,,,,,,,
1027,16282184,15 Kasım 2024,11 Mart 2025,Konut,Kiralık,Daire,60 m²,70 m²,2+1,5-10,Bahçe Katı,3,Kombi Doğalgaz,Boş,,Bilinmiyor,Hayır,,1,Genel Fiyat,15.000TL, Pamukkale - Kınıklı Mahallesi,https://www.emlakjet.com//ilan/ender-uysal-gayrimenkulden-kiniklida-lux-21-bahcekati-apart-16282184/,,,,,,,,,,,,,,,
1028,16279473,15 Kasım 2024,30 Aralık 2024,Konut,Kiralık,Daire,140 m²,155 m²,3+1,5-10,3.Kat,4,Kombi Doğalgaz,Boş,,Bilinmiyor,Hayır,,1,Genel Fiyat,18.000TL, Pamukkale - İncilipınar Mahallesi,https://www.emlakjet.com//ilan/incilipinar-mah-31-kiralik-daire-16279473/,,18000 TL,,1,,,,Açık Balkon,,,,,,,
1029,16277693,15 Kasım 2024,27 Mart 2025,Konut,Kiralık,Daire,42 m²,53 m²,1+1,4,2.Kat,2,Kombi Doğalgaz,Boş,Eşyalı,Bilinmiyor,Hayır,,1,Genel Fiyat,13.000TL, Merkezefendi - Bereketler Mahallesi,https://www.emlakjet.com//ilan/sahibinden-servergazi-devlet-hastanesine-yakin-11-esyali-daire-16277693/,300 TL,13000 TL,,1,,374,7,,,,,,,,
1030,16270981,14 Kasım 2024,03 Şubat 2025,Konut,Kiralık,Daire,40 m²,50 m²,1+1,4,5.Kat,5,Kombi Doğalgaz,Boş,,Bilinmiyor,Hayır,,1,Genel Fiyat,8.000TL, Acıpayam - Aşağı Mahallesi,https://www.emlakjet.com//ilan/acipayam-da-carsiya-yakin-kiralik-esyali-dogalgazli-apart-16270981/,250 TL,,,,,,,,,,,,,,
1031,16269789,14 Kasım 2024,28 Şubat 2025,Konut,Kiralık,Daire,45 m²,50 m²,1+1,0 (Yeni),2.Kat,5,Doğalgaz Sobalı,Boş,,Bilinmiyor,Hayır,,1,Genel Fiyat,11.250TL, Merkezefendi - Sırakapılar Mahallesi,https://www.emlakjet.com//ilan/rota-gayrimenkulden-mimarsinan-cad-kiralik-esyali-apart-11-50m2-16269789/,,,,,,,,,,,,,,,
1032,16265956,13 Kasım 2024,30 Ocak 2025,Konut,Kiralık,Daire,150 m²,160 m²,3+1,5-10,2.Kat,3,Kombi Doğalgaz,Boş,Boş,Bilinmiyor,Hayır,Yok,1,Genel Fiyat,10.000TL, Acıpayam - Yukarı Mahallesi,https://www.emlakjet.com//ilan/kaya-emlak-dan-yeni-emniyet-binasi-yaninda-kiralik-daire-16265956/,,,,,,,,,,,,,,,
1033,16265098,13 Kasım 2024,27 Şubat 2025,Konut,Kiralık,Daire,20 m²,35 m²,Stüdyo,5-10,2.Kat,4,Yerden Isıtma,Boş,,Bilinmiyor,Hayır,Yok,1,Genel Fiyat,7.000TL, Pamukkale - Topraklık Mahallesi,https://www.emlakjet.com//ilan/ilkim-emlaktan-topraklikta-kiralik-10-fuul-esyali-daire-16265098/,0 TL,7000 TL,,1,Hayır,,,Açık Balkon,İkinci El,Betonarme,1,3 m²,6 m²,20 m²,3 m²
1034,16256461,12 Kasım 2024,28 Şubat 2025,Konut,Kiralık,Daire,50 m²,55 m²,1+1,0 (Yeni),1.Kat,3,Merkezi Doğalgaz,Boş,,Bilinmiyor,Evet,,1,Genel Fiyat,10.500TL, Pamukkale - Kınıklı Mahallesi,https://www.emlakjet.com//ilan/kampus-kafeler-bolgesinde-hersey-dahil-ara-kat-sifir-esyali-aprt-16256461/,,,,,,,,,,,,,,,
1035,16256402,12 Kasım 2024,28 Şubat 2025,Konut,Kiralık,Daire,70 m²,80 m²,2+1,4,3.Kat,3,Kombi Doğalgaz,Boş,,Bilinmiyor,Evet,,1,Genel Fiyat,10.000TL, Pamukkale - Bağbaşı Mahallesi,https://www.emlakjet.com//ilan/bagbasi-pazar-pazari-yakini-21-80m2-sifir-ayarinda-kiralik-16256402/,,,,,,,,,,,,,,,
1036,16256376,12 Kasım 2024,28 Şubat 2025,Konut,Kiralık,Daire,50 m²,55 m²,1+1,4,Çatı Katı,4,Kombi Doğalgaz,Boş,,Bilinmiyor,Evet,,1,Genel Fiyat,8.500TL, Pamukkale - Zeytinköy Mahallesi,https://www.emlakjet.com//ilan/universite-yakini-3-yatakli-genis-ferah-11-esyali-klimali-apart-16256376/,,5000 TL,,,,,,,,,,,,,
1037,16256331,12 Kasım 2024,28 Şubat 2025,Konut,Kiralık,Daire,40 m²,45 m²,Stüdyo,4,Bodrum Kat,3,Kombi Doğalgaz,Boş,,Bilinmiyor,Evet,,1,Genel Fiyat,6.000TL, Pamukkale - Zeytinköy Mahallesi,https://www.emlakjet.com//ilan/universiteye-yakin-konumda-elektrik-su-internet-dahil-10-apart-16256331/,200 TL,300 TL,,,,,,,,,,,,,
1038,16256303,12 Kasım 2024,28 Şubat 2025,Konut,Kiralık,Daire,110 m²,120 m²,2+1,3,1.Kat,3,Kombi Doğalgaz,Boş,,Bilinmiyor,Evet,,1,Genel Fiyat,18.500TL, Pamukkale - Zeytinköy Mahallesi,https://www.emlakjet.com//ilan/zeytinkoy-mah-sifir-ayarinda21-120m2-cam-balkonlu-kiralik-daire-16256303/,,,,,,,,,,,,,,,
1039,16253421,11 Kasım 2024,30 Aralık 2024,Konut,Kiralık,Daire,170 m²,180 m²,3+1,5-10,2.Kat,3,Kombi Doğalgaz,Boş,,Bilinmiyor,Hayır,,2,Genel Fiyat,20.000TL, Merkezefendi - Selçuk Bey Mahallesi,https://www.emlakjet.com//ilan/selcukbey-de-mustakil-tadinda-170m-31-daire-16253421/,,15000 TL,,,,,,,,,,,,,
1040,16250996,11 Kasım 2024,02 Ocak 2025,Konut,Kiralık,Daire,50 m²,55 m²,1+1,4,Kot 3 (-3).Kat,5,Kombi Doğalgaz,Boş,,Kat İrtifakı,Hayır,,1,Birim Fiyat,10.000TL, Pamukkale - Asmalıevler Mahallesi,https://www.emlakjet.com//ilan/dur-al-gayrimenkulden-kinikli-asmalievlerde-full-esyali-kiralik-apart-16250996/,,,,,,,,,,,,,,,
1041,16245472,09 Kasım 2024,11 Mart 2025,Konut,Kiralık,Daire,125 m²,130 m²,3+1,11-15,4.Kat,4,Merkezi Doğalgaz,Boş,,Bilinmiyor,Hayır,,1,Genel Fiyat,17.000TL, Pamukkale - Yunusemre Mahallesi,https://www.emlakjet.com//ilan/ender-uysal-gayrimenkulden-yunusemrede-kiralik-31-daire-16245472/,,,,,,,,,,,,,,,
1042,16245276,09 Kasım 2024,30 Aralık 2024,Konut,Kiralık,Daire,120 m²,125 m²,2+1,21 Ve Üzeri,2.Kat,4,Merkezi (Pay Ölçer),Boş,,Bilinmiyor,Evet,,1,Genel Fiyat,16.000TL, Pamukkale - Yunusemre Mahallesi,https://www.emlakjet.com//ilan/eskidjden-pau-ye-cok-yakin-site-icerisinde-ara-kat-kiralik-daire-16245276/,,,,,,,,,,,,,,,
1043,16238963,08 Kasım 2024,11 Mart 2025,Konut,Kiralık,Daire,170 m²,175 m²,3+1,5-10,2.Kat,4,Kombi Doğalgaz,Boş,,Bilinmiyor,Hayır,,1,Genel Fiyat,22.000TL, Pamukkale - Kınıklı Mahallesi,https://www.emlakjet.com//ilan/ender-uysal-gayrimenkulden-kinikli-da-31-genis-lux-daire-16238963/,,,,,,,,,,,,,,,
1044,16233014,07 Kasım 2024,26 Şubat 2025,Konut,Kiralık,Daire,165 m²,180 m²,3+1,11-15,2.Kat,7,Merkezi (Pay Ölçer),Boş,,Bilinmiyor,Hayır,Yok,1,Genel Fiyat,30.000TL, Merkezefendi - Selçuk Bey Mahallesi,https://www.emlakjet.com//ilan/selcukbey-de-havuzlu-sitede-kiralik-daire-16233014/,,,,,,,,,İkinci El,Betonarme,,,,,
1045,16230634,07 Kasım 2024,21 Şubat 2025,Konut,Kiralık,Daire,130 m²,135 m²,3+1,16-20,Yüksek Giriş,4,Kombi Doğalgaz,Boş,,Bilinmiyor,Hayır,Yok,1,Genel Fiyat,11.000TL, Pamukkale - Karşıyaka Mahallesi,https://www.emlakjet.com//ilan/tercih-ten-karsiyaka-da-kiralik-daire-16230634/,,,,,,,,,İkinci El,Betonarme,,,,,
1046,16230617,07 Kasım 2024,21 Şubat 2025,Konut,Kiralık,Daire,150 m²,175 m²,3+1,5-10,4.Kat,4,Kombi Doğalgaz,Boş,,Bilinmiyor,Hayır,Yok,1,Genel Fiyat,13.000TL, Pamukkale - Zeytinköy Mahallesi,https://www.emlakjet.com//ilan/tercih-gayrimenkul-den-kinikli-muhtesem-lokasyonda-firsat-kiralik-daire-16230617/,250 TL,,,,,,,,İkinci El,Betonarme,,,,,
1047,16226261,06 Kasım 2024,20 Ocak 2025,Konut,Kiralık,Daire,150 m²,160 m²,3+1,5-10,1.Kat,4,Kombi Doğalgaz,Boş,,Bilinmiyor,Hayır,Yok,2,Genel Fiyat,22.000TL, Pamukkale - Zeytinköy Mahallesi,https://www.emlakjet.com//ilan/denizli-zeytinkoy-de-tev-in-ustunde-kiralik-genis-31-luks-daire-16226261/,,,,,,,,,İkinci El,Betonarme,,,,,
1048,16222315,06 Kasım 2024,28 Şubat 2025,Konut,Kiralık,Daire,80 m²,85 m²,2+1,2,4.Kat,4,Kombi Doğalgaz,Boş,Boş,Bilinmiyor,Hayır,Yok,1,Genel Fiyat,11.000TL, Pamukkale - Zeytinköy Mahallesi,https://www.emlakjet.com//ilan/universiteye-yakin-esyasiz-depozitosuz-21-80m2-kiralik-daire-16222315/,,,,,,,,,,,,,,,
1049,16220960,05 Kasım 2024,26 Ocak 2025,Konut,Kiralık,Daire,100 m²,110 m²,2+1,21 Ve Üzeri,2.Kat,3,Kombi Doğalgaz,Boş,,Bilinmiyor,Hayır,Yok,1,Genel Fiyat,12.000TL, Pamukkale - Anafartalar Mahallesi,https://www.emlakjet.com//ilan/anafartalar-seyhbedrettin-caddesi-servis-guzergahi-daireler-kiraliktir-16220960/,,,,,,,,,İkinci El,Betonarme,,,,,
1050,16220715,05 Kasım 2024,26 Şubat 2025,Konut,Kiralık,Daire,135 m²,145 m²,3+1,4,2.Kat,4,Yerden Isıtma,Boş,,Bilinmiyor,Hayır,Yok,1,Genel Fiyat,26.000TL, Merkezefendi - Yenişafak Mahallesi,https://www.emlakjet.com//ilan/ferhatlar-koleji-yakini-31-temiz-bakimli-kiralik-ara-kat-16220715/,,,,,,,,,İkinci El,Betonarme,,,,,
1051,16219304,05 Kasım 2024,30 Aralık 2024,Konut,Kiralık,Daire,120 m²,135 m²,3+1,11-15,Bodrum Kat,3,Kombi Doğalgaz,Boş,,Bilinmiyor,Hayır,,1,Genel Fiyat,7.000TL, Pamukkale - Mehmetçik Mahallesi,https://www.emlakjet.com//ilan/mehmetcik-mahallesi-kiralik-bodrum-kat-daire-videoyu-izleyin-16219304/,,,,,,,,,,,,,,,
1052,16219277,05 Kasım 2024,05 Şubat 2025,Konut,Kiralık,Daire,110 m²,120 m²,2+1,5-10,Çatı Katı,2,Kombi Doğalgaz,Boş,,Bilinmiyor,Hayır,,1,Genel Fiyat,12.500TL, Merkezefendi - Merkez Efendi Mahallesi,https://www.emlakjet.com//ilan/denizli-merkez-akkonak-parki-mevki-kiralik-21-daire-16219277/,,,,,,,,,,,,,,,
1053,16217160,05 Kasım 2024,24 Şubat 2025,Konut,Kiralık,Daire,40 m²,45 m²,1+1,16-20,3.Kat,4,Kombi Doğalgaz,Boş,,Bilinmiyor,Hayır,,1,Birim Fiyat,7.500TL, Pamukkale - Atalar Mahallesi,https://www.emlakjet.com//ilan/hikmetoglu-gayrimenkul-den-11-kiralik-apart-16217160/,,,,,,,,,,,,,,,
1054,16216237,05 Kasım 2024,30 Aralık 2024,Konut,Kiralık,Daire,40 m²,45 m²,1+1,5-10,6.Kat,7,Merkezi Doğalgaz,Boş,,Bilinmiyor,Evet,,1,Genel Fiyat,15.000TL, Pamukkale - Zeytinköy Mahallesi,https://www.emlakjet.com//ilan/city-life-havuzlu-site-icerisinde-kiralik-11-apart-16216237/,,,,,,,,,,,,,,,
1055,16214055,04 Kasım 2024,06 Şubat 2025,Konut,Kiralık,Daire,36 m²,39 m²,Stüdyo,11-15,5.Kat,5,Merkezi Doğalgaz,Boş,Eşyalı,Kat Mülkiyeti,Hayır,Yok,1,Genel Fiyat,6.000TL, Pamukkale - Asmalıevler Mahallesi,https://www.emlakjet.com//ilan/era-fly-dan-asmalievler-de-kiralik-apart-universiteye-10-dk-16214055/,,,,,,,,,,,,,,,
1056,16212594,04 Kasım 2024,28 Şubat 2025,Konut,Kiralık,Daire,120 m²,130 m²,2+1,21 Ve Üzeri,4.Kat,5,Kombi Doğalgaz,Boş,,Bilinmiyor,Hayır,Yok,2,Genel Fiyat,15.000TL, Pamukkale - Mehmetçik Mahallesi,https://www.emlakjet.com//ilan/mehmetcik-te-21-arakat-daire-kiraliktir-16212594/,,,,,,,,,İkinci El,Betonarme,,,,,
1057,16211117,04 Kasım 2024,05 Şubat 2025,Konut,Kiralık,Daire,60 m²,65 m²,1+1,0 (Yeni),2.Kat,4,Kombi Doğalgaz,Boş,,Bilinmiyor,Hayır,Yok,1,Genel Fiyat,20.000TL, Pamukkale - Zeytinköy Mahallesi,https://www.emlakjet.com//ilan/bagbasi-yuksektepe-arkasi-kiralik-arakat-11-esyali-apart-16211117/,0 TL,20000 TL,,,Hayır,,,,,Betonarme,1,,,,
1058,16210746,04 Kasım 2024,11 Mart 2025,Konut,Kiralık,Daire,45 m²,50 m²,1+1,4,2.Kat,4,Kombi Doğalgaz,Boş,,Bilinmiyor,Hayır,,1,Genel Fiyat,8.500TL, Pamukkale - Zeytinköy Mahallesi,https://www.emlakjet.com//ilan/metropol-gayrimenkulden-kiralik-11-16210746/,,8500 TL,,,,,,,,,,,,,
1059,16206708,03 Kasım 2024,30 Aralık 2024,Konut,Kiralık,Daire,45 m²,50 m²,1+1,5-10,2.Kat,3,Yerden Isıtma,Boş,,Bilinmiyor,Hayır,,1,Genel Fiyat,14.000TL, Pamukkale - Siteler Mahallesi,https://www.emlakjet.com//ilan/forum-camlik-karsisi-kiralik-arakat-11-luks-apart-16206708/,,14000 TL,,,,,,,,,,,,,
1060,16206702,03 Kasım 2024,30 Aralık 2024,Konut,Kiralık,Daire,55 m²,60 m²,1+1,5-10,2.Kat,3,Yerden Isıtma,Boş,,Bilinmiyor,Hayır,,1,Genel Fiyat,15.000TL, Pamukkale - Siteler Mahallesi,https://www.emlakjet.com//ilan/forum-camlik-karsisi-kiralik-balkonlu-luks-apart-16206702/,,15000 TL,,1,,,,Açık Balkon,,,,,,,
1061,16201779,02 Kasım 2024,11 Mart 2025,Konut,Kiralık,Daire,60 m²,65 m²,2+1,3,3.Kat,5,Kombi Doğalgaz,Boş,,Bilinmiyor,Hayır,,1,Genel Fiyat,15.000TL, Pamukkale - Yunusemre Mahallesi,https://www.emlakjet.com//ilan/yunusemrede-kiralik-21-lux-apart-depozitosuz-16201779/,,,,,,,,,,,,,,,
1062,16201674,02 Kasım 2024,11 Mart 2025,Konut,Kiralık,Daire,55 m²,60 m²,1+1,5-10,2.Kat,3,Merkezi Doğalgaz,Boş,,Bilinmiyor,Hayır,,1,Genel Fiyat,9.000TL, Pamukkale - Zeytinköy Mahallesi,https://www.emlakjet.com//ilan/zeytinkoyde-kiralik-11-genis-apart-depozitosuz-16201674/,,,,,,,,,,,,,,,
1063,16201606,02 Kasım 2024,30 Aralık 2024,Konut,Kiralık,Daire,120 m²,125 m²,2+1,21 Ve Üzeri,3.Kat,3,Merkezi (Pay Ölçer),Kiracı Oturuyor,,Bilinmiyor,Evet,,1,Genel Fiyat,16.000TL, Pamukkale - Yunusemre Mahallesi,https://www.emlakjet.com//ilan/eskidjiden-pau-ye-cok-yakin-site-icerisinde-kiralik-daire-16201606/,,,,,,,,,,,,,,,
1064,16199183,02 Kasım 2024,11 Mart 2025,Konut,Kiralık,Daire,35 m²,40 m²,Stüdyo,3,Çatı Katı,4,Kombi Doğalgaz,Boş,,Bilinmiyor,Hayır,,1,Genel Fiyat,6.000TL, Pamukkale - Asmalıevler Mahallesi,https://www.emlakjet.com//ilan/asmalievlerde-kiralik-10suit-apart-16199183/,,6000 TL,,,,,,,,,,,,,
1065,16199178,02 Kasım 2024,11 Mart 2025,Konut,Kiralık,Daire,45 m²,50 m²,1+1,0 (Yeni),2.Kat,4,Kombi Doğalgaz,Boş,,Bilinmiyor,Hayır,,1,Genel Fiyat,15.000TL, Pamukkale - Yunusemre Mahallesi,https://www.emlakjet.com//ilan/yunusemrede-kiralik-lux-apart-16199178/,,,,,,,,,,,,,,,
1066,16190775,31 Ekim 2024,11 Mart 2025,Konut,Kiralık,Daire,120 m²,140 m²,3+1,11-15,1.Kat,3,Kombi Doğalgaz,Boş,,Bilinmiyor,Hayır,,1,Genel Fiyat,11.000TL, Pamukkale - Kervansaray Mahallesi,https://www.emlakjet.com//ilan/ender-uysal-gayrimenkulden-kervansarayda-kiralik-31-daire-16190775/,,,,,,,,,,,,,,,
1067,16190064,31 Ekim 2024,10 Mart 2025,Konut,Kiralık,Daire,45 m²,50 m²,1+1,0 (Yeni),2.Kat,4,Yerden Isıtma,Boş,Eşyalı,Bilinmiyor,Hayır,Yok,1,Genel Fiyat,15.000TL, Pamukkale - Asmalıevler Mahallesi,https://www.emlakjet.com//ilan/universiteye-yakin-11-21-sifir-luks-kiralik-apartlar-16190064/,,,,,,,,,,,,,,,
1068,16182028,30 Ekim 2024,30 Aralık 2024,Konut,Kiralık,Daire,125 m²,135 m²,3+1,21 Ve Üzeri,6.Kat,6,Merkezi Doğalgaz,Boş,,Bilinmiyor,Hayır,,1,Genel Fiyat,15.500TL, Merkezefendi - Servergazi Mahallesi,https://www.emlakjet.com//ilan/servergazi-mahallesinde-kiralik-daire-16182028/,,,,3,,,,,,,,,,,
1069,16173693,28 Ekim 2024,11 Mart 2025,Konut,Kiralık,Daire,110 m²,130 m²,2+1,5-10,Çatı Katı,3,Kombi Doğalgaz,Boş,,Bilinmiyor,Hayır,,1,Genel Fiyat,8.000TL, Pamukkale - Siteler Mahallesi,https://www.emlakjet.com//ilan/ender-uysal-gayrimenkulden-sitelerde-21-cati-kati-16173693/,,,,,,,,,,,,,,,
1070,16161629,25 Ekim 2024,30 Aralık 2024,Konut,Kiralık,Daire,45 m²,55 m²,1+1,1,2.Kat,3,Kombi Doğalgaz,Boş,Eşyalı,Bilinmiyor,Hayır,Yok,1,Genel Fiyat,10.000TL, Çivril - Saray Mahallesi,https://www.emlakjet.com//ilan/esyali-kiralik-daire-16161629/,,,,,,,,,,,,,,,
1071,16161625,25 Ekim 2024,30 Aralık 2024,Konut,Kiralık,Daire,45 m²,55 m²,1+1,1,Yüksek Giriş,4,Kombi Doğalgaz,Boş,Eşyalı,Bilinmiyor,Hayır,Yok,1,Genel Fiyat,10.000TL, Çivril - Çarşı Mahallesi,https://www.emlakjet.com//ilan/esyali-kiralik-daire-16161625/,,,,,,,,,,,,,,,
1072,16157134,25 Ekim 2024,26 Şubat 2025,Konut,Kiralık,Daire,165 m²,185 m²,3+1,0 (Yeni),3.Kat,9,Yerden Isıtma,Boş,,Bilinmiyor,Hayır,Yok,2,Genel Fiyat,45.000TL, Merkezefendi - Şemikler Mahallesi,https://www.emlakjet.com//ilan/peralife-gayrimenkulden-semikler-mahallesinde-kiralik-185-m2-31-ozel-guvenlikli-daire-16157134/,,,,,,,,,Sıfır,Betonarme,,,,,
1073,16153480,24 Ekim 2024,30 Aralık 2024,Konut,Kiralık,Daire,40 m²,50 m²,1+1,5-10,1.Kat,5,Kombi Doğalgaz,Boş,Eşyalı,Bilinmiyor,Hayır,Yok,1,Genel Fiyat,9.000TL, Pamukkale - Asmalıevler Mahallesi,https://www.emlakjet.com//ilan/asmalievler-mah-11-40-m-firsat-apart-pau-yakini-16153480/,,,,,,,,,,,,,,,
1074,16153478,24 Ekim 2024,30 Aralık 2024,Konut,Kiralık,Daire,185 m²,200 m²,3.5+1,4,3.Kat,5,Kombi Doğalgaz,Boş,Boş,Bilinmiyor,Hayır,Yok,2,Genel Fiyat,28.000TL, Merkezefendi - Adalet Mahallesi,https://www.emlakjet.com//ilan/adalette-3-5-1-185m2-arakat-luks-kiralik-daire-16153478/,,,,,,,,,,,,,,,
1075,16153473,24 Ekim 2024,30 Aralık 2024,Konut,Kiralık,Daire,118 m²,122 m²,2+1,16-20,3.Kat,5,Kombi Doğalgaz,Boş,Boş,Bilinmiyor,Hayır,Yok,1,Genel Fiyat,13.000TL, Pamukkale - 15 Mayıs Mahallesi,https://www.emlakjet.com//ilan/kayalik-cd-de-21-arakat-asansorlu-kiralik-daire-depozit-senet-16153473/,,,,,,,,,,,,,,,
1076,16153466,24 Ekim 2024,30 Aralık 2024,Konut,Kiralık,Daire,130 m²,145 m²,3+1,3,2.Kat,3,Yerden Isıtma,Boş,Boş,Bilinmiyor,Hayır,Yok,1,Genel Fiyat,20.000TL, Merkezefendi - Çakmak Mahallesi,https://www.emlakjet.com//ilan/cakmakta-31-kiralik-daire-31-140-m2-yerden-isitmal-16153466/,,,,,,,,,,,,,,,
1077,16153452,24 Ekim 2024,30 Aralık 2024,Konut,Kiralık,Daire,50 m²,55 m²,1+1,5-10,2.Kat,4,Merkezi Doğalgaz,Boş,Eşyalı,Bilinmiyor,Hayır,Yok,1,Genel Fiyat,8.000TL, Pamukkale - Zeytinköy Mahallesi,https://www.emlakjet.com//ilan/zeytinkoyde-arakat-kiralik-apart-16153452/,,,,,,,,,,,,,,,
1078,16151369,24 Ekim 2024,30 Aralık 2024,Konut,Kiralık,Daire,55 m²,65 m²,2+1,5-10,Çatı Dubleks,3,Kombi Doğalgaz,Boş,Eşyalı,Bilinmiyor,Hayır,,1,Genel Fiyat,13.000TL, Pamukkale - 15 Mayıs Mahallesi,https://www.emlakjet.com//ilan/dedehan-gayrimenkul-den-21-esyali-kiralik-apart-16151369/,,,,,,,,,,,,,,,
1079,16149029,24 Ekim 2024,26 Şubat 2025,Konut,Kiralık,Daire,100 m²,120 m²,2.5+1,11-15,2.Kat,3,Kombi Doğalgaz,Boş,Boş,Bilinmiyor,Hayır,Yok,1,Genel Fiyat,19.500TL, Merkezefendi - 1200 Evler Mahallesi,https://www.emlakjet.com//ilan/karadag-gayrimenkulden-mustakil-apartmanda-2-5-1-kiralik-daire-16149029/,,,,,,,,,,,,,,,
1080,16147051,24 Ekim 2024,30 Aralık 2024,Konut,Kiralık,Daire,135 m²,145 m²,3+1,16-20,2.Kat,3,Kombi Doğalgaz,Boş,Boş,Bilinmiyor,Hayır,Yok,1,Genel Fiyat,18.000TL, Pamukkale - Mehmetçik Mahallesi,https://www.emlakjet.com//ilan/tugaya-jandarmaya-1-dakika-31-145-m-arakat-aileye-kiralik-konut-16147051/,,,,,,,,,,,,,,,
1081,16145991,24 Ekim 2024,26 Şubat 2025,Konut,Kiralık,Daire,150 m²,165 m²,3+1,11-15,2.Kat,5,Kombi Doğalgaz,Boş,Boş,Bilinmiyor,Hayır,Yok,1,Genel Fiyat,20.000TL, Merkezefendi - Adalet Mahallesi,https://www.emlakjet.com//ilan/adalet-mahallesin-de-31-ara-kat-asansorlu-kiralik-dairemiz-16145991/,,,,,,,,,,,,,,,
1082,16144167,23 Ekim 2024,30 Aralık 2024,Konut,Kiralık,Daire,50 m²,55 m²,1+1,0 (Yeni),1.Kat,4,Yerden Isıtma,Boş,Eşyalı,Bilinmiyor,Hayır,Yok,1,Genel Fiyat,15.000TL, Pamukkale - Asmalıevler Mahallesi,https://www.emlakjet.com//ilan/asmalievler-de-pau-ye-2km-mesafede-11-21-full-esyali-daireler-16144167/,,,,,,,,,,,,,,,
1083,16128237,21 Ekim 2024,30 Aralık 2024,Konut,Kiralık,Daire,135 m²,145 m²,3+1,0 (Yeni),3.Kat,5,Yerden Isıtma,Boş,Boş,Bilinmiyor,Hayır,Yok,1,Genel Fiyat,21.750TL, Merkezefendi - Karahasanlı Mahallesi,https://www.emlakjet.com//ilan/servergazi-emlak-karahasanli-kiralik-31-sifir-arakat-16128237/,,,,,,,,,,,,,,,
1084,16127857,21 Ekim 2024,28 Şubat 2025,Konut,Kiralık,Daire,175 m²,185 m²,2+1,11-15,2.Kat,5,Kombi Doğalgaz,Boş,,Bilinmiyor,Hayır,Yok,1,Genel Fiyat,24.000TL, Merkezefendi - Adalet Mahallesi,https://www.emlakjet.com//ilan/adalet-mahallesinde-muhtesem-konumda-185-metre-kiralik-daire-16127857/,,,,,,,,,,,,,,,
1085,16121274,19 Ekim 2024,25 Şubat 2025,Konut,Kiralık,Daire,70 m²,75 m²,2+1,16-20,1.Kat,5,Kombi Doğalgaz,Boş,Eşyalı,Bilinmiyor,Hayır,Yok,1,Genel Fiyat,17.000TL, Pamukkale - Siteler Mahallesi,https://www.emlakjet.com//ilan/bursa-caddesinde-75-m2-esyali-21-kiralik-daire-16121274/,,,,,,,,,,,,,,,
1086,16119129,19 Ekim 2024,28 Şubat 2025,Konut,Kiralık,Daire,113 m²,152 m²,3+1,21 Ve Üzeri,4.Kat,8,Kombi Doğalgaz,Boş,Boş,Arsa Tapulu,Hayır,,1,Genel Fiyat,15.500TL, Pamukkale - Fesleğen Mahallesi,https://www.emlakjet.com//ilan/feslegen-mahallesi-cadde-ustunde-ici-yeni-ara-kat-31-daire-16119129/,150 TL,17000 TL,Var,,Evet,,,,İkinci El,,1,,,,
1087,16118260,19 Ekim 2024,11 Mart 2025,Konut,Kiralık,Daire,130 m²,140 m²,3+1,11-15,Bahçe Katı,3,Kombi Doğalgaz,Boş,,Bilinmiyor,Hayır,,1,Genel Fiyat,10.000TL, Pamukkale - Siteler Mahallesi,https://www.emlakjet.com//ilan/ender-uysal-gayrimenkulden-bursa-caddesinde-31-bahce-kati-16118260/,,,,,,,,,,,,,,,
1088,16117694,19 Ekim 2024,11 Mart 2025,Konut,Kiralık,Daire,48 m²,50 m²,1+1,4,2.Kat,4,Kombi Doğalgaz,Boş,Eşyalı,Bilinmiyor,Hayır,,1,Genel Fiyat,10.000TL, Pamukkale - İncilipınar Mahallesi,https://www.emlakjet.com//ilan/metropol-gayrimenkulden-kiralik-forumcamlik-yaninda-16117694/,250 TL,12000 TL,,1,,,,Fransız Balkon,,,,,,,
1089,16113048,18 Ekim 2024,11 Mart 2025,Konut,Kiralık,Daire,50 m²,55 m²,1+1,0 (Yeni),2.Kat,4,Kombi Doğalgaz,Boş,,Bilinmiyor,Hayır,,1,Genel Fiyat,15.000TL, Pamukkale - Asmalıevler Mahallesi,https://www.emlakjet.com//ilan/asmalievlerde-kiralik-11-sifir-lux-apart-16113048/,,,,,,,,,,,,,,,
1090,16112333,18 Ekim 2024,30 Aralık 2024,Konut,Kiralık,Daire,110 m²,120 m²,2+1,4,2.Kat,4,Kombi Doğalgaz,Kiracı Oturuyor,,Bilinmiyor,Hayır,,1,Genel Fiyat,20.000TL, Merkezefendi - Çakmak Mahallesi,https://www.emlakjet.com//ilan/cakmakta-kiralik-arakat-daire-16112333/,200 TL,22000 TL,,,,,,,,,,,,,
1091,16107513,17 Ekim 2024,29 Mart 2025,Konut,Kiralık,Daire,55 m²,60 m²,1+1,3,2.Kat,3,Kombi Doğalgaz,Boş,,Bilinmiyor,Hayır,,1,Genel Fiyat,9.500TL, Pamukkale - Kuşpınar Mahallesi,https://www.emlakjet.com//ilan/lise-caddesinde-arakat-11-klimali-16107513/,,,,,,,,,,,,,,,
1092,16106911,17 Ekim 2024,11 Mart 2025,Konut,Kiralık,Daire,59 m²,60 m²,1+1,5-10,2.Kat,4,Kombi Doğalgaz,Boş,Eşyalı,Bilinmiyor,Hayır,Yok,1,Genel Fiyat,12.250TL, Pamukkale - Hacıkaplanlar Mahallesi,https://www.emlakjet.com//ilan/hacikaplanlar-mah-full-sifir-esyali-genis-oturumlu-11-daire-16106911/,,,,,,,,,,,,,,,
1093,16106885,17 Ekim 2024,30 Aralık 2024,Konut,Kiralık,Daire,147 m²,155 m²,3+1,11-15,2.Kat,3,Kombi Doğalgaz,Boş,Boş,Bilinmiyor,Hayır,Yok,1,Genel Fiyat,15.000TL, Pamukkale - İncilipınar Mahallesi,https://www.emlakjet.com//ilan/incilipinar-mh-de-foruma-yakin-31-kiralik-arakat-daire-16106885/,,,,,,,,,,,,,,,
1094,16106878,17 Ekim 2024,30 Aralık 2024,Konut,Kiralık,Daire,35 m²,40 m²,1+1,5-10,Yüksek Giriş,5,Kombi Doğalgaz,Boş,Eşyalı,Bilinmiyor,Hayır,Yok,1,Genel Fiyat,8.000TL, Merkezefendi - Değirmenönü Mahallesi,https://www.emlakjet.com//ilan/degirmenonu-citirekmek-yakini-11-kiralik-apart-8000-16106878/,,,,,,,,,,,,,,,
1095,16106776,17 Ekim 2024,11 Mart 2025,Konut,Kiralık,Daire,72 m²,75 m²,2+0,16-20,Yüksek Giriş,3,Yerden Isıtma,Boş,Eşyalı,Bilinmiyor,Hayır,Yok,1,Genel Fiyat,13.000TL, Pamukkale - İncilipınar Mahallesi,https://www.emlakjet.com//ilan/incilipinar-mah-genis-aileye-uygun-full-esyali-20-daire-16106776/,,,,,,,,,,,,,,,
1096,16106753,17 Ekim 2024,11 Mart 2025,Konut,Kiralık,Daire,45 m²,50 m²,Stüdyo,5-10,3.Kat,3,Kombi Doğalgaz,Boş,Eşyalı,Bilinmiyor,Hayır,Yok,1,Genel Fiyat,7.500TL, Pamukkale - Zeytinköy Mahallesi,https://www.emlakjet.com//ilan/cerrahi-hastanesi-arkasi-ful-esyali-kiralik-11-daire-16106753/,,,,,,,,,,,,,,,
1097,16104944,17 Ekim 2024,30 Aralık 2024,Konut,Kiralık,Daire,55 m²,60 m²,2+1,1,3.Kat,4,Yerden Isıtma,Boş,Eşyalı,Bilinmiyor,Hayır,Yok,1,Genel Fiyat,10.000TL, Çivril - Kızılcasöğüt Mahallesi,https://www.emlakjet.com//ilan/esyali-kiralik-daire-karcelik-emlak-tan-16104944/,,,,,,,,,,,,,,,
1098,16104940,17 Ekim 2024,30 Aralık 2024,Konut,Kiralık,Daire,40 m²,45 m²,1+1,0 (Yeni),2.Kat,4,Kat Kaloriferi,Boş,Eşyalı,Bilinmiyor,Hayır,Yok,1,Genel Fiyat,10.000TL, Çivril - Çayır Mahallesi,https://www.emlakjet.com//ilan/merkez-de-kiralik-full-esyali-luks-11-daireler-16104940/,,,,,,,,,,,,,,,
1099,16104938,17 Ekim 2024,30 Aralık 2024,Konut,Kiralık,Daire,85 m²,90 m²,2+1,3,2.Kat,4,Merkezi Doğalgaz,Boş,Eşyalı,Bilinmiyor,Hayır,Yok,1,Genel Fiyat,10.000TL, Çivril - Çarşı Mahallesi,https://www.emlakjet.com//ilan/21-kiralik-merkezde-esyali-daire-16104938/,,,,,,,,,,,,,,,
1100,16104936,17 Ekim 2024,30 Aralık 2024,Konut,Kiralık,Daire,50 m²,55 m²,1+1,1,Düz Giriş (Zemin),3,Klimalı,Boş,Eşyalı,Bilinmiyor,Hayır,Yok,1,Genel Fiyat,10.000TL, Çivril - Çayır Mahallesi,https://www.emlakjet.com//ilan/kiralik-esyali-daire-11-klimali-16104936/,,,,,,,,,,,,,,,
1101,16104933,17 Ekim 2024,30 Aralık 2024,Konut,Kiralık,Daire,145 m²,150 m²,3+1,5-10,3.Kat,3,Kombi Doğalgaz,Boş,Boş,Bilinmiyor,Evet,Yok,1,Genel Fiyat,11.000TL, Çivril - Yukarı Mahallesi,https://www.emlakjet.com//ilan/kiralik-daire-16104933/,,,,,,,,,,,,,,,
1102,16102184,16 Ekim 2024,11 Mart 2025,Konut,Kiralık,Daire,40 m²,45 m²,1+1,4,2.Kat,3,Kombi Doğalgaz,Boş,,Bilinmiyor,Hayır,,1,Genel Fiyat,10.000TL, Pamukkale - Asmalıevler Mahallesi,https://www.emlakjet.com//ilan/metropol-gayrimenkulden-asmalievlerde-11-kiralik-16102184/,,10000 TL,,1,,,,Fransız Balkon,,,,,,,
1103,16100201,16 Ekim 2024,30 Aralık 2024,Konut,Kiralık,Daire,45 m²,55 m²,1+1,4,2.Kat,4,Kombi Doğalgaz,Boş,Eşyalı,Bilinmiyor,Hayır,Yok,1,Genel Fiyat,10.000TL, Pamukkale - İncilipınar Mahallesi,https://www.emlakjet.com//ilan/incilipinarda-kiralik-11-apart-16100201/,,,,,,,,,,,,,,,
1104,16097274,16 Ekim 2024,21 Mart 2025,Konut,Kiralık,Daire,65 m²,70 m²,2+1,4,1.Kat,3,Yerden Isıtma,Boş,Eşyalı,Kat Mülkiyeti,Hayır,Yok,1,Genel Fiyat,14.000TL, Merkezefendi - Bahçelievler Mahallesi,https://www.emlakjet.com//ilan/erkus-gyo-dan-adalet-parkina-yakin-esyali-21-kiralik-apart-16097274/,,,,,Evet,,,,İkinci El,Betonarme,,,,,
1105,16096135,15 Ekim 2024,30 Aralık 2024,Konut,Kiralık,Daire,140 m²,150 m²,3+1,16-20,2.Kat,4,Kombi Doğalgaz,Boş,Boş,Bilinmiyor,Hayır,Yok,1,Genel Fiyat,15.000TL, Pamukkale - Fesleğen Mahallesi,https://www.emlakjet.com//ilan/istiklal-10-nisana-yakin-31-arakat-asansorlu-kiralik-daire-16096135/,,,,,,,,,,,,,,,
1106,16096119,15 Ekim 2024,30 Aralık 2024,Konut,Kiralık,Daire,45 m²,50 m²,1+1,4,2.Kat,5,Kombi Doğalgaz,Boş,Eşyalı,Bilinmiyor,Hayır,Yok,1,Genel Fiyat,11.000TL, Pamukkale - Asmalıevler Mahallesi,https://www.emlakjet.com//ilan/pau-hastanesi-karsisinda-11-arakat-balkonlu-kiralik-apart-16096119/,,,,,,,,,,,,,,,
1107,16093073,15 Ekim 2024,11 Mart 2025,Konut,Kiralık,Daire,180 m²,190 m²,4+1,0 (Yeni),3.Kat,3,Yerden Isıtma,Boş,,Bilinmiyor,Hayır,,2,Genel Fiyat,22.000TL, Merkezefendi - Gültepe Mahallesi,https://www.emlakjet.com//ilan/naz-bayrak-ve-albayrak-meydanina-yurume-mesafesinde-41-kiralik-daire-16093073/,,,,,,,,,,,,,,,
1108,16090379,14 Ekim 2024,11 Mart 2025,Konut,Kiralık,Daire,160 m²,180 m²,3+1,16-20,2.Kat,4,Kombi Doğalgaz,Kiracı Oturuyor,,Bilinmiyor,Hayır,,1,Genel Fiyat,16.000TL, Pamukkale - Yunusemre Mahallesi,https://www.emlakjet.com//ilan/remax-revizyondan-kiralik-31-genis-daire-16090379/,,,,3,,,,,,,,,,,
1109,16084616,14 Ekim 2024,30 Aralık 2024,Konut,Kiralık,Daire,50 m²,60 m²,1+1,5-10,1.Kat,3,Yerden Isıtma,Boş,Eşyalı,Bilinmiyor,Hayır,Yok,1,Genel Fiyat,12.000TL, Pamukkale - Asmalıevler Mahallesi,https://www.emlakjet.com//ilan/swiss-life-dan-asmalievler-de-11-kiralik-apart-16084616/,,,,,,,,,,,,,,,
1110,16082724,14 Ekim 2024,28 Şubat 2025,Konut,Kiralık,Daire,35 m²,45 m²,1+1,11-15,Kot 2 (-2).Kat,4,Merkezi Doğalgaz,Boş,,Bilinmiyor,Hayır,Yok,1,Genel Fiyat,7.000TL, Pamukkale - Kınıklı Mahallesi,https://www.emlakjet.com//ilan/denizli-kinikli-kampus-kafeler-mevki-kiralik-apartlar-16082724/,,,,,,,,,,,,,,,
1111,16082718,14 Ekim 2024,30 Aralık 2024,Konut,Kiralık,Daire,115 m²,120 m²,2+1,4,2.Kat,4,Kombi Doğalgaz,Boş,Boş,Bilinmiyor,Hayır,Yok,1,Genel Fiyat,20.000TL, Merkezefendi - Çakmak Mahallesi,https://www.emlakjet.com//ilan/erkus-gyo-dan-cakmak-ta-sifir-kiralik-daire-16082718/,,,,,,,,,,,,,,,
1112,16082716,14 Ekim 2024,28 Şubat 2025,Konut,Kiralık,Daire,150 m²,155 m²,3+1,11-15,1.Kat,4,Kombi Doğalgaz,Boş,Boş,Bilinmiyor,Hayır,Yok,1,Genel Fiyat,17.000TL, Merkezefendi - Adalet Mahallesi,https://www.emlakjet.com//ilan/erkus-gyo-dan-adalet-mahallesinde-31-kiralik-daire-16082716/,,,,,,,,,,,,,,,
1113,16082704,14 Ekim 2024,28 Şubat 2025,Konut,Kiralık,Daire,75 m²,80 m²,2+1,4,2.Kat,5,Kombi Doğalgaz,Boş,Eşyalı,Bilinmiyor,Hayır,Yok,1,Genel Fiyat,18.000TL, Merkezefendi - Adalet Mahallesi,https://www.emlakjet.com//ilan/adalet-te-kiralik-suit-daire-16082704/,,,,,,,,,,,,,,,
1114,16082699,14 Ekim 2024,28 Şubat 2025,Konut,Kiralık,Daire,40 m²,45 m²,1+1,4,Bahçe Katı,2,Yerden Isıtma,Boş,Eşyalı,Bilinmiyor,Hayır,Yok,1,Genel Fiyat,8.000TL, Merkezefendi - Bahçelievler Mahallesi,https://www.emlakjet.com//ilan/bahcelievlerde-adliye-ye-yakin-11-kiralik-apart-16082699/,,,,,,,,,,,,,,,
1115,16082696,14 Ekim 2024,28 Şubat 2025,Konut,Kiralık,Daire,100 m²,120 m²,2+1,5-10,9.Kat,9,Kombi Doğalgaz,Boş,Eşyalı,Bilinmiyor,Hayır,Yok,2,Genel Fiyat,17.000TL, Merkezefendi - Şemikler Mahallesi,https://www.emlakjet.com//ilan/erkus-gyodan-denizli-semikler-kiralik-esyali-daire-16082696/,,,,,,,,,,,,,,,
1116,16082691,14 Ekim 2024,21 Mart 2025,Konut,Kiralık,Daire,45 m²,50 m²,1+1,0 (Yeni),2.Kat,3,Yerden Isıtma,Boş,Eşyalı,Kat Mülkiyeti,Hayır,Yok,1,Genel Fiyat,14.000TL, Merkezefendi - Bereketler Mahallesi,https://www.emlakjet.com//ilan/erkus-gyo-dan-servergazi-hastanesi-ne-yakin-sifir-11-apart-16082691/,,0 TL,Var,1,,,,,Sıfır,Betonarme,,,,,
1117,16080950,13 Ekim 2024,30 Aralık 2024,Konut,Kiralık,Daire,135 m²,145 m²,3+1,4,3.Kat,3,Kombi Doğalgaz,Boş,Boş,Bilinmiyor,Hayır,Yok,1,Genel Fiyat,15.000TL, Pamukkale - Zümrüt Mahallesi,https://www.emlakjet.com//ilan/genis-ferah-eskiyol-migros-ustu-16080950/,,,,,,,,,,,,,,,
1118,16080947,13 Ekim 2024,30 Aralık 2024,Konut,Kiralık,Daire,55 m²,65 m²,Stüdyo,3,5.Kat,5,Yerden Isıtma,Boş,Eşyalı,Bilinmiyor,Hayır,Yok,1,Genel Fiyat,8.000TL, Pamukkale - Pelitlibağ Mahallesi,https://www.emlakjet.com//ilan/musan-dan-10-kiralik-esyali-apart-16080947/,,,,,,,,,,,,,,,
1119,16080943,13 Ekim 2024,30 Aralık 2024,Konut,Kiralık,Daire,65 m²,75 m²,1+1,3,4.Kat,5,Yerden Isıtma,Boş,,Bilinmiyor,Hayır,Yok,1,Genel Fiyat,10.000TL, Pamukkale - Pelitlibağ Mahallesi,https://www.emlakjet.com//ilan/mysan-dan-kiralik-11-16080943/,,,,,,,,,,,,,,,
1120,16080567,13 Ekim 2024,14 Mart 2025,Konut,Kiralık,Daire,120 m²,130 m²,2+1,16-20,6.Kat,7,Kombi Doğalgaz,Boş,Boş,Bilinmiyor,Hayır,Yok,1,Genel Fiyat,12.000TL, Pamukkale - İstiklal Mahallesi,https://www.emlakjet.com//ilan/istiklal-caddesinde-31-130-m-ara-kat-asansorlu-kiralik-konut-16080567/,,,,,,,,,,,,,,,
1121,16079995,13 Ekim 2024,30 Aralık 2024,Konut,Kiralık,Daire,50 m²,55 m²,1+1,0 (Yeni),1.Kat,2,Yerden Isıtma,Boş,Eşyalı,Bilinmiyor,Hayır,Yok,1,Genel Fiyat,13.000TL, Pamukkale - Kınıklı Mahallesi,https://www.emlakjet.com//ilan/kinikli-kampus-te-11-balkonlu-luks-suit-daireler-16079995/,,,,,,,,,,,,,,,
1122,16079612,13 Ekim 2024,26 Şubat 2025,Konut,Kiralık,Daire,35 m²,43 m²,2+1,0 (Yeni),1.Kat,4,Yerden Isıtma,Boş,Eşyalı,Bilinmiyor,Hayır,Yok,1,Genel Fiyat,23.000TL, Pamukkale - Zeytinköy Mahallesi,https://www.emlakjet.com//ilan/sehzade-den-uniye-ve-cerrahiye-yakin-21kiralik-genis-luks-apart-16079612/,,,,,,,,,,,,,,,
1123,16079610,13 Ekim 2024,26 Şubat 2025,Konut,Kiralık,Daire,33 m²,37 m²,2+1,0 (Yeni),1.Kat,3,Yerden Isıtma,Boş,Eşyalı,Bilinmiyor,Hayır,Yok,1,Genel Fiyat,23.000TL, Pamukkale - Zeytinköy Mahallesi,https://www.emlakjet.com//ilan/sehzade-den-uniye-ve-cerrahi-ye-yakin-21-luks-kiralik-apart-16079610/,,,,,,,,,,,,,,,
1124,16079555,13 Ekim 2024,31 Aralık 2024,Konut,Kiralık,Daire,135 m²,160 m²,3+1,16-20,Düz Giriş (Zemin),2,Sobalı,Boş,Boş,Bilinmiyor,Hayır,Yok,1,Genel Fiyat,8.000TL, Sarayköy - Duacılı Mahallesi,https://www.emlakjet.com//ilan/bu-fiyata-kiralik-baska-yok-16079555/,,,,,,,,,,,,,,,
1125,16073916,13 Ekim 2024,24 Şubat 2025,Konut,Kiralık,Daire,75 m²,90 m²,1+1,5-10,3.Kat,3,Yerden Isıtma,Boş,Boş,Bilinmiyor,Hayır,Yok,1,Genel Fiyat,15.000TL, Merkezefendi - Bahçelievler Mahallesi,https://www.emlakjet.com//ilan/blokyapi-dan-bahcelievlerde-75-m2-genis-11-esyali-kiralik-apart-16073916/,,,,,,,,,,,,,,,
1126,16073912,13 Ekim 2024,30 Aralık 2024,Konut,Kiralık,Daire,170 m²,190 m²,3.5+1,5-10,5.Kat,5,Yerden Isıtma,Boş,Boş,Bilinmiyor,Evet,Yok,2,Genel Fiyat,30.000TL, Merkezefendi - Yenişafak Mahallesi,https://www.emlakjet.com//ilan/blokyapi-dan-yenisafak-ta-3-51-kiralik-daire-16073912/,,,,,,,,,,,,,,,
1127,16073356,13 Ekim 2024,20 Şubat 2025,Konut,Kiralık,Daire,103 m²,110 m²,2+1,5-10,1.Kat,2,Kombi Doğalgaz,Boş,Boş,Bilinmiyor,Hayır,Yok,1,Genel Fiyat,17.500TL, Merkezefendi - Mehmet Akif Ersoy Mahallesi,https://www.emlakjet.com//ilan/denipol-hastanesi-yakininda-21-arakat-daire-16073356/,,,,,,,,,,,,,,,
1128,16053927,11 Ekim 2024,24 Şubat 2025,Konut,Kiralık,Villa,300 m²,350 m²,5+2,16-20,,3,Kombi Doğalgaz,Boş,Boş,Bilinmiyor,Evet,Yok,2,Genel Fiyat,30.000TL, Pamukkale - Zeytinköy Mahallesi,https://www.emlakjet.com//ilan/denizli-bagbasinda-kiralik-tripleks-villa-16053927/,,,,,,,,,,,,,,,
1129,16053270,11 Ekim 2024,30 Aralık 2024,Konut,Kiralık,Daire,40 m²,45 m²,1+1,4,Bahçe Katı,4,Kombi Doğalgaz,Boş,,Bilinmiyor,Hayır,,1,Genel Fiyat,8.000TL, Merkezefendi - Bereketler Mahallesi,https://www.emlakjet.com//ilan/dedehan-gayrimenkul-den-kiralik11-apart-16053270/,,,,,,,,,,,,,,,
1130,16044870,10 Ekim 2024,06 Mart 2025,Konut,Kiralık,Daire,65 m²,75 m²,1+1,5-10,1.Kat,29,Merkezi (Pay Ölçer),Boş,,Bilinmiyor,Evet,Yok,1,Genel Fiyat,23.000TL, Merkezefendi - Kayalar Mahallesi,https://www.emlakjet.com//ilan/redstone-myra-dan-sinpas-aquacity-de-11-balkonlu-kiralik-daire-16044870/,2000 TL,23000 TL,,1,Evet,,,Açık Balkon,,,1,,,,
1131,16043917,09 Ekim 2024,11 Mart 2025,Konut,Kiralık,Daire,30 m²,35 m²,Stüdyo,4,Bahçe Katı,4,Kombi Doğalgaz,Boş,,Bilinmiyor,Hayır,,1,Genel Fiyat,8.000TL, Pamukkale - Yunusemre Mahallesi,https://www.emlakjet.com//ilan/ender-uysal-gayrimenkulden-universite-karsisi-bahceli-tek-oda-apart-16043917/,,,,,,,,,,,,,,,
1132,16043801,09 Ekim 2024,11 Mart 2025,Konut,Kiralık,Daire,125 m²,135 m²,2+1,0 (Yeni),1.Kat,4,Yerden Isıtma,Boş,,Bilinmiyor,Hayır,,1,Genel Fiyat,19.000TL, Merkezefendi - Karaman Mahallesi,https://www.emlakjet.com//ilan/karamanda-21-135-m2-sifir-kiralik-daire-16043801/,,,,,,,,,,,,,,,
1133,16037062,08 Ekim 2024,11 Mart 2025,Konut,Kiralık,Daire,45 m²,48 m²,1+1,4,Bahçe Katı,4,Kombi Doğalgaz,Boş,,Bilinmiyor,Hayır,,1,Genel Fiyat,12.000TL, Pamukkale - Zeytinköy Mahallesi,https://www.emlakjet.com//ilan/ender-uysal-gayrimenkulden-kiralik-zeytinkoyde-lux-apart-16037062/,,,,,,,,,,,,,,,
1134,16035245,08 Ekim 2024,11 Mart 2025,Konut,Kiralık,Daire,40 m²,43 m²,1+1,3,3.Kat,4,Kombi Doğalgaz,Boş,,Bilinmiyor,Hayır,,1,Genel Fiyat,9.000TL, Pamukkale - İncilipınar Mahallesi,https://www.emlakjet.com//ilan/metropol-gayrimenkulden-16035245/,100 TL,9000 TL,,,,,,,,,,,,,
1135,16034116,08 Ekim 2024,30 Aralık 2024,Konut,Kiralık,Daire,70 m²,80 m²,1+1,0 (Yeni),2.Kat,3,Yerden Isıtma,Boş,Eşyalı,Bilinmiyor,Hayır,Yok,1,Genel Fiyat,13.000TL, Pamukkale - Zeytinköy Mahallesi,https://www.emlakjet.com//ilan/sifir-yapi-sifir-esyali-uygun-fiyatli-daireler-16034116/,350 TL,,,,Evet,,,,Sıfır,,1,,,,
1136,16033670,08 Ekim 2024,30 Aralık 2024,Konut,Kiralık,Daire,40 m²,45 m²,Stüdyo,4,Bahçe Katı,3,Yerden Isıtma,Boş,Eşyalı,Bilinmiyor,Hayır,Yok,1,Genel Fiyat,6.700TL, Pamukkale - Asmalıevler Mahallesi,https://www.emlakjet.com//ilan/mg-premium-dan-asmalievler-mevki-bahce-kati-kiralik-10-apart-16033670/,,,,,,,,,,,,,,,
1137,16032860,07 Ekim 2024,30 Aralık 2024,Konut,Kiralık,Daire,100 m²,120 m²,3+1,2,Kot 4 (-4).Kat,5,Kombi Doğalgaz,Boş,Boş,Bilinmiyor,Evet,Yok,2,Genel Fiyat,17.000TL, Merkezefendi - Karahasanlı Mahallesi,https://www.emlakjet.com//ilan/tokilerde-ki-31-ebeveyn-banyolu-evimiz-aileye-17bin-tl-den-kiraya-verilecektir-16032860/,,,,1,,4,8,Açık Balkon,,Betonarme,,,,,
1138,16031915,07 Ekim 2024,27 Şubat 2025,Konut,Kiralık,Daire,35 m²,40 m²,1+1,11-15,2.Kat,4,Merkezi Doğalgaz,Boş,,Bilinmiyor,Hayır,,1,Genel Fiyat,10.000TL, Pamukkale - Kınıklı Mahallesi,https://www.emlakjet.com//ilan/universiteye-10-dakika-11-apart-16031915/,,10000 TL,,1,,,,,,,,,,,
1139,16015283,04 Ekim 2024,11 Mart 2025,Konut,Kiralık,Daire,40 m²,43 m²,1+1,11-15,Bodrum Kat,4,Sobalı,Boş,Eşyalı,Bilinmiyor,Hayır,,1,Genel Fiyat,5.000TL, Pamukkale - Siteler Mahallesi,https://www.emlakjet.com//ilan/ender-uysaldan-kiniklida-11-esyali-bodrum-kat-daire-isinmasi-elektrikli-soba-ile-saglanmaktadir-16015283/,,,,,Evet,,,,İkinci El,Betonarme,1,,,,
1140,16014622,04 Ekim 2024,20 Şubat 2025,Konut,Kiralık,Daire,110 m²,115 m²,2+1,0 (Yeni),4.Kat,4,Yerden Isıtma,Boş,,Bilinmiyor,Hayır,,2,Genel Fiyat,23.000TL, Merkezefendi - Şemikler Mahallesi,https://www.emlakjet.com//ilan/denizli-semikler-21-kiralik-ailey-uygun-sifir-luks-daire-16014622/,,,,,,,,,,,,,,,
1141,16014001,04 Ekim 2024,30 Aralık 2024,Konut,Kiralık,Daire,45 m²,52 m²,1+1,3,3.Kat,5,Kombi Doğalgaz,Boş,Eşyalı,Bilinmiyor,Hayır,Yok,1,Genel Fiyat,10.000TL, Pamukkale - Kuşpınar Mahallesi,https://www.emlakjet.com//ilan/kibrissehitler-de-ultra-luks-kiralik-11-arakat-apart-16014001/,,,,,,,,,,,,,,,
1142,16013678,04 Ekim 2024,11 Ocak 2025,Konut,Kiralık,Daire,32 m²,37 m²,1+1,4,Bahçe Katı,4,Kombi Doğalgaz,Boş,,Kat Mülkiyeti,Hayır,,1,Genel Fiyat,6.500TL, Pamukkale - İncilipınar Mahallesi,https://www.emlakjet.com//ilan/metropol-gayrimenkul-16013678/,50 TL,6500 TL,,,,,,,,,,,,,
1143,16013615,04 Ekim 2024,11 Mart 2025,Konut,Kiralık,Daire,28 m²,30 m²,1 Oda,4,Bahçe Katı,3,Kombi Doğalgaz,Boş,,Bilinmiyor,Hayır,,1,Genel Fiyat,7.000TL, Pamukkale - Kınıklı Mahallesi,https://www.emlakjet.com//ilan/metropol-gayrimenkul-16013615/,50 TL,7000 TL,,,,,,,,,,,,,
1144,16010491,03 Ekim 2024,26 Şubat 2025,Konut,Kiralık,Daire,140 m²,155 m²,3+1,11-15,3.Kat,3,Kombi Doğalgaz,Boş,Boş,Bilinmiyor,Hayır,Yok,1,Genel Fiyat,16.000TL, Merkezefendi - Gültepe Mahallesi,https://www.emlakjet.com//ilan/sehzade-den-albayrak-ta-kiralik-31-daire-16010491/,,,,,,,,,,,,,,,
1145,16006978,03 Ekim 2024,11 Mart 2025,Konut,Kiralık,Daire,40 m²,48 m²,1+1,5-10,4.Kat,6,Kombi Doğalgaz,Boş,,Bilinmiyor,Hayır,,1,Genel Fiyat,8.000TL, Pamukkale - Yunusemre Mahallesi,https://www.emlakjet.com//ilan/metropol-gayrimenkulden-16006978/,100 TL,10000 TL,,,,,,,,,,,,,
1146,16003376,02 Ekim 2024,11 Mart 2025,Konut,Kiralık,Daire,250 m²,255 m²,4+1,11-15,2.Kat,3,Kombi Doğalgaz,Boş,,Bilinmiyor,Hayır,,2,Genel Fiyat,25.000TL, Merkezefendi - Karaman Mahallesi,https://www.emlakjet.com//ilan/sahin-gayrimenkulden-41-kiralik-daire-16003376/,,,,,,,,,,,,,,,
1147,15999076,02 Ekim 2024,30 Aralık 2024,Konut,Kiralık,Daire,45 m²,55 m²,1+1,5-10,4.Kat,6,Kombi Doğalgaz,Boş,,Bilinmiyor,Hayır,,1,Genel Fiyat,13.000TL, Pamukkale - Asmalıevler Mahallesi,https://www.emlakjet.com//ilan/saygin-dan-universite-isiklarinda-11-esyali-guzel-apart-15999076/,,,,,,,,,,,,,,,
1148,15996582,01 Ekim 2024,20 Ocak 2025,Konut,Kiralık,Daire,60 m²,65 m²,2+1,5-10,2.Kat,4,Kombi Doğalgaz,Boş,,Bilinmiyor,Hayır,,1,Genel Fiyat,15.000TL, Pamukkale - Yunusemre Mahallesi,https://www.emlakjet.com//ilan/kiralik-apart-15996582/,,,,,,,,,,,,,,,
1149,15996531,01 Ekim 2024,24 Şubat 2025,Konut,Kiralık,Daire,175 m²,185 m²,3+1,11-15,Yüksek Giriş,5,Kombi Doğalgaz,Boş,Boş,Bilinmiyor,Hayır,Yok,1,Genel Fiyat,24.000TL, Merkezefendi - Adalet Mahallesi,https://www.emlakjet.com//ilan/adalet-mah-31-185-m-kiralik-daire-15996531/,,,,,,,,,,,,,,,
1150,15995987,01 Ekim 2024,08 Ocak 2025,Konut,Kiralık,Daire,45 m²,55 m²,1+1,5-10,Çatı Katı,4,Kombi Doğalgaz,Boş,Eşyalı,Bilinmiyor,Hayır,,1,Genel Fiyat,12.500TL, Merkezefendi - Adalet Mahallesi,https://www.emlakjet.com//ilan/bereketler-aydem-isiklarina-yakin-kiralik-11-cati-kati-15995987/,,12500 TL,,,,,,,İkinci El,Betonarme,1,,,,
1151,15995965,01 Ekim 2024,11 Mart 2025,Konut,Kiralık,Daire,145 m²,150 m²,3+1,5-10,Bahçe Katı,4,Kombi Doğalgaz,Boş,,Bilinmiyor,Hayır,,1,Genel Fiyat,20.000TL, Pamukkale - Zeytinköy Mahallesi,https://www.emlakjet.com//ilan/ender-uysal-gayrimenkulden-zeytinkoyde-31-esyali-bahcekati-daire-15995965/,,,,,,,,,,,,,,,
1152,15991837,01 Ekim 2024,11 Mart 2025,Konut,Kiralık,Daire,60 m²,65 m²,1+1,5-10,3.Kat,4,Yerden Isıtma,Boş,,Bilinmiyor,Hayır,,1,Genel Fiyat,12.000TL, Merkezefendi - Sırakapılar Mahallesi,https://www.emlakjet.com//ilan/sahin-gayrimenkulden-11-65-m2-ful-lux-esyali-kiralik-apart-15991837/,,,,,,,,,,,,,,,
1153,15988222,30 Eylül 2024,23 Mart 2025,Konut,Kiralık,Daire,110 m²,120 m²,2+1,1,4.Kat,6,Merkezi Doğalgaz,Boş,Boş,Yabancıdan,Evet,Yok,2,Genel Fiyat,15.000TL, Merkezefendi - Kayalar Mahallesi,https://www.emlakjet.com//ilan/kiralik-ara-kat-uygun-fiyat-daire-15988222/,,,,,,,,,Sıfır,Betonarme,2,,,,
1154,15988217,30 Eylül 2024,10 Mart 2025,Konut,Kiralık,Daire,130 m²,145 m²,3+1,4,1.Kat,4,Yerden Isıtma,Boş,Boş,Yabancıdan,Hayır,Yok,1,Genel Fiyat,20.000TL, Merkezefendi - Karahasanlı Mahallesi,https://www.emlakjet.com//ilan/kiralik-sifir-ayarinda-genis-daire-15988217/,,,Var,2,Evet,,,Açık Teras,Sıfır,Betonarme,2,,,,
1155,15987355,30 Eylül 2024,20 Ocak 2025,Konut,Kiralık,Daire,50 m²,55 m²,1+1,5-10,3.Kat,3,Kombi Doğalgaz,Boş,,Bilinmiyor,Hayır,,1,Genel Fiyat,11.000TL, Pamukkale - Zeytinköy Mahallesi,https://www.emlakjet.com//ilan/kiralik-esyali-apart-15987355/,,,,,,,,,,,,,,,
1156,15987280,30 Eylül 2024,20 Ocak 2025,Konut,Kiralık,Daire,45 m²,50 m²,1+1,5-10,2.Kat,5,Merkezi Doğalgaz,Boş,,Bilinmiyor,Hayır,,1,Genel Fiyat,15.000TL, Pamukkale - Yunusemre Mahallesi,https://www.emlakjet.com//ilan/kiralik-esyali-apart-15987280/,,,,,,,,,,,,,,,
1157,15987181,30 Eylül 2024,20 Ocak 2025,Konut,Kiralık,Daire,45 m²,50 m²,1+1,5-10,2.Kat,4,Kombi Doğalgaz,Boş,,Bilinmiyor,Hayır,,1,Genel Fiyat,11.500TL, Pamukkale - Yunusemre Mahallesi,https://www.emlakjet.com//ilan/kiralik-apart-15987181/,,,,,,,,,,,,,,,
1158,15987042,30 Eylül 2024,20 Ocak 2025,Konut,Kiralık,Daire,60 m²,65 m²,2+1,5-10,2.Kat,4,Kombi Doğalgaz,Boş,,Bilinmiyor,Hayır,,1,Genel Fiyat,13.000TL, Pamukkale - Yunusemre Mahallesi,https://www.emlakjet.com//ilan/kiralik-esyali-apart-15987042/,,,,,,,,,,,,,,,
1159,15986958,30 Eylül 2024,20 Ocak 2025,Konut,Kiralık,Daire,60 m²,65 m²,2+1,5-10,3.Kat,5,Kombi Doğalgaz,Boş,,Bilinmiyor,Hayır,,1,Genel Fiyat,16.000TL, Pamukkale - Asmalıevler Mahallesi,https://www.emlakjet.com//ilan/kiralik-esyali-apart-15986958/,,,,,,,,,,,,,,,
1160,15983155,29 Eylül 2024,10 Ocak 2025,Konut,Kiralık,Daire,80 m²,85 m²,1+1,5-10,6.Kat,29,Merkezi (Pay Ölçer),Boş,Boş,Bilinmiyor,Hayır,Yok,1,Genel Fiyat,20.000TL, Merkezefendi - Kayalar Mahallesi,https://www.emlakjet.com//ilan/arsenden-sinpas-aquacity-de-6-kat-balkonlu-kiralik-suit-daire-15983155/,,,,,,,,,,,,,,,
1161,15978492,28 Eylül 2024,30 Aralık 2024,Konut,Kiralık,Daire,120 m²,135 m²,3+1,21 Ve Üzeri,Bahçe Katı,3,Kombi Doğalgaz,Boş,,Bilinmiyor,Hayır,,1,Genel Fiyat,8.000TL, Pamukkale - Kervansaray Mahallesi,https://www.emlakjet.com//ilan/kervansaray-mahallesinde-kiralik-15978492/,,8000 TL,,,,,,,İkinci El,Betonarme,,,,,
1162,15974065,28 Eylül 2024,30 Aralık 2024,Konut,Kiralık,Daire,50 m²,80 m²,1+1,0 (Yeni),1.Kat,4,Yerden Isıtma,Boş,Eşyalı,Bilinmiyor,Hayır,Yok,1,Genel Fiyat,25.000TL, Pamukkale - Kınıklı Mahallesi,https://www.emlakjet.com//ilan/mg-premium-dan-emsalsiz-terasli-sifir-lux-80m2-11-rezidans-15974065/,,,,,,,,,,,,,,,
1163,15971685,27 Eylül 2024,24 Şubat 2025,Konut,Kiralık,Daire,42 m²,55 m²,Stüdyo,5-10,2.Kat,3,Kombi Doğalgaz,Boş,Eşyalı,Bilinmiyor,Hayır,Yok,1,Genel Fiyat,10.000TL, Çivril - Kızılcasöğüt Mahallesi,https://www.emlakjet.com//ilan/agl-emlaktan-unuversite-ye-yurume-mesafesinde-50-m-15971685/,1 TL,,,,,,,,İkinci El,Betonarme,,,,,
1164,15971162,27 Eylül 2024,11 Mart 2025,Konut,Kiralık,Daire,45 m²,48 m²,1+1,5-10,2.Kat,4,Kombi Doğalgaz,Boş,,Bilinmiyor,Hayır,,1,Genel Fiyat,10.000TL, Pamukkale - Yunusemre Mahallesi,https://www.emlakjet.com//ilan/ender-uysal-gayrimenkulden-yunusemrede-kiralik-uni-versiteye-2-dakika-11-apart-15971162/,,,,,,,,,,,,,,,
1165,15970825,27 Eylül 2024,11 Mart 2025,Konut,Kiralık,Daire,45 m²,48 m²,1+1,4,2.Kat,4,Kombi Doğalgaz,Boş,,Bilinmiyor,Hayır,,1,Genel Fiyat,11.000TL, Pamukkale - Asmalıevler Mahallesi,https://www.emlakjet.com//ilan/ender-uysal-gayrimenkulden-universite-karsisinda-11-arakat-esyali-apart-15970825/,,,,,,,,,,,,,,,
1166,15969704,27 Eylül 2024,20 Ocak 2025,Konut,Kiralık,Daire,160 m²,180 m²,3+1,11-15,2.Kat,5,Kombi Doğalgaz,Boş,Boş,Bilinmiyor,Hayır,,1,Genel Fiyat,21.500TL, Pamukkale - Yunusemre Mahallesi,https://www.emlakjet.com//ilan/yunusemre-mahallesinde-kiralik-esyasiz-daireler-15969704/,0 TL,24500 TL,,2,,,,Açık Balkon,,,,,,,
1167,15963180,26 Eylül 2024,30 Aralık 2024,Konut,Kiralık,Daire,50 m²,55 m²,1+1,5-10,1.Kat,4,Kombi Doğalgaz,Boş,,Arsa Tapulu,Hayır,,1,Genel Fiyat,6.000TL, Pamukkale - Kınıklı Mahallesi,https://www.emlakjet.com//ilan/kinikli-migros-mevkii-esyasiz-genis-11-15963180/,,,,,,,,,,,,,,,
1168,15961772,26 Eylül 2024,30 Ocak 2025,Konut,Kiralık,Daire,55 m²,60 m²,1+1,4,3.Kat,3,Kombi Doğalgaz,Boş,Eşyalı,Tapu Kaydı Yok,Hayır,Yok,1,Genel Fiyat,12.500TL, Pamukkale - Siteler Mahallesi,https://www.emlakjet.com//ilan/forum-camlik-yakini-55m2-full-esyali-lux-11-apart-15961772/,,,,,,,,,,,,,,,
1169,15958827,25 Eylül 2024,11 Mart 2025,Konut,Kiralık,Daire,44 m²,45 m²,1+1,5-10,2.Kat,4,Kombi Doğalgaz,Boş,,Bilinmiyor,Hayır,,1,Genel Fiyat,9.000TL, Pamukkale - Yunusemre Mahallesi,https://www.emlakjet.com//ilan/ender-uysal-gayrimenkulden-universiteye-yakin-11-esyali-apart-15958827/,,,,,,,,,,,,,,,
1170,15956573,25 Eylül 2024,24 Şubat 2025,Konut,Kiralık,Daire,45 m²,50 m²,1+1,4,3.Kat,3,Merkezi Doğalgaz,Boş,,Bilinmiyor,Hayır,,1,Birim Fiyat,11.000TL, Çivril - Aşağı Mahallesi,https://www.emlakjet.com//ilan/civrilcarsi-icinde-kiralik-apart-15956573/,,,,,,,,,,,,,,,
1171,15955962,25 Eylül 2024,30 Aralık 2024,Konut,Kiralık,Daire,25 m²,30 m²,Stüdyo,4,Düz Giriş (Zemin),3,Yerden Isıtma,Boş,Eşyalı,Bilinmiyor,Hayır,Yok,1,Genel Fiyat,7.000TL, Pamukkale - Siteler Mahallesi,https://www.emlakjet.com//ilan/kiralik-apart-15955962/,150 TL,8000 TL,,,,,,,,,,,,,
1172,15954080,24 Eylül 2024,20 Şubat 2025,Konut,Kiralık,Daire,160 m²,170 m²,3+1,5-10,3.Kat,5,Kombi Doğalgaz,Boş,,Bilinmiyor,Evet,,1,Genel Fiyat,25.000TL, Merkezefendi - Mehmet Akif Ersoy Mahallesi,https://www.emlakjet.com//ilan/denizli-adalet-parki-alti-cadde-ustu-arakat-ailey-uygun-kiralik-daire-15954080/,,,,,,,,,,,,,,,
1173,15954055,24 Eylül 2024,20 Şubat 2025,Konut,Kiralık,Daire,145 m²,150 m²,3+1,0 (Yeni),2.Kat,3,Yerden Isıtma,Boş,,Bilinmiyor,Hayır,,1,Genel Fiyat,21.500TL, Merkezefendi - Şemikler Mahallesi,https://www.emlakjet.com//ilan/denizli-semikler-aileye-uygun-kiralik-31-sifir-arakat-15954055/,,,,,,,,,,,,,,,
1174,15936645,20 Eylül 2024,08 Ocak 2025,Konut,Kiralık,Daire,50 m²,55 m²,1+1,5-10,Bahçe Katı,3,Kombi Doğalgaz,Boş,,Bilinmiyor,Hayır,,1,Genel Fiyat,10.000TL, Pamukkale - Zeytinköy Mahallesi,https://www.emlakjet.com//ilan/zeytinkoyde-kiralik-11-lux-apart-15936645/,150 TL,11000 TL,,,,,,,,,,,,,
1175,15932379,20 Eylül 2024,30 Aralık 2024,Konut,Kiralık,Daire,155 m²,170 m²,3+1,11-15,1.Kat,5,Klimalı,Boş,,Bilinmiyor,Hayır,Yok,1,Genel Fiyat,25.000TL, Pamukkale - İncilipınar Mahallesi,https://www.emlakjet.com//ilan/net-premium-dan-tokat-cd-kiralik-31-daire-15932379/,,,,,,,,,,,,,,,
1176,15921859,18 Eylül 2024,11 Mart 2025,Konut,Kiralık,Daire,65 m²,70 m²,2+1,5-10,1.Kat,4,Kombi Doğalgaz,Boş,,Bilinmiyor,Hayır,,1,Genel Fiyat,17.000TL, Pamukkale - Siteler Mahallesi,https://www.emlakjet.com//ilan/ender-uysal-gayrimenkulden-sitelerde-genis-21-guzel-konumda-esyali-apart-15921859/,,,,,,,,,,,,,,,
1177,15919499,18 Eylül 2024,11 Mart 2025,Konut,Kiralık,Daire,70 m²,75 m²,2+1,5-10,2.Kat,3,Kombi Doğalgaz,Boş,,Bilinmiyor,Hayır,,1,Genel Fiyat,20.000TL, Pamukkale - Kınıklı Mahallesi,https://www.emlakjet.com//ilan/ender-uysal-gayrimenkulden-camlikta-21-genis-lux-esyali-daire-15919499/,,,,,,,,,,,,,,,
1178,15914832,17 Eylül 2024,30 Aralık 2024,Konut,Kiralık,Daire,50 m²,55 m²,1+1,5-10,3.Kat,5,Kombi Doğalgaz,Boş,Eşyalı,Bilinmiyor,Hayır,Yok,1,Genel Fiyat,15.000TL, Pamukkale - Kuşpınar Mahallesi,https://www.emlakjet.com//ilan/mehmetcik-mevkili-luks-klimali-kiralik-esyali-11-apart-15914832/,180 TL,15000 TL,,,,,,,İkinci El,Betonarme,1,8 m²,,18 m²,5 m²
1179,15904557,16 Eylül 2024,03 Ocak 2025,Konut,Kiralık,Daire,50 m²,55 m²,1+1,0 (Yeni),Yüksek Giriş,3,Kombi Doğalgaz,Boş,,Bilinmiyor,Hayır,,1,Genel Fiyat,13.500TL, Merkezefendi - Bahçelievler Mahallesi,https://www.emlakjet.com//ilan/ozel-saglik-has-karsisi-11-lux-apart-15904557/,,11000 TL,,,,,,,,,,,,,
1180,15893604,14 Eylül 2024,11 Mart 2025,Konut,Kiralık,Daire,120 m²,130 m²,3+1,0 (Yeni),1.Kat,4,Yerden Isıtma,Boş,,Bilinmiyor,Hayır,,2,Genel Fiyat,25.000TL, Merkezefendi - Karahasanlı Mahallesi,https://www.emlakjet.com//ilan/sahin-gayrimenkulden-31-120-m2-kiralik-sifir-daire-15893604/,,,,,,,,,,,,,,,
1181,15892953,14 Eylül 2024,30 Aralık 2024,Konut,Kiralık,Daire,40 m²,45 m²,1+1,5-10,Yüksek Giriş,3,Kombi Doğalgaz,Boş,Eşyalı,Bilinmiyor,Hayır,Yok,1,Genel Fiyat,10.000TL, Pamukkale - Kınıklı Mahallesi,https://www.emlakjet.com//ilan/bursa-caddesinde-genis-11-arakat-kiralik-daire-15892953/,,,,,,,,,,,,,,,
1182,15892917,14 Eylül 2024,26 Şubat 2025,Konut,Kiralık,Daire,104 m²,115 m²,2.5+1,5-10,6.Kat,16,Merkezi (Pay Ölçer),Kiracı Oturuyor,Eşyalı,Bilinmiyor,Evet,Yok,1,Genel Fiyat,30.000TL, Merkezefendi - Selçuk Bey Mahallesi,https://www.emlakjet.com//ilan/evora-da-2-5-1-full-esyali-ara-kat-kose-kiralik-rezidans-daire-15892917/,,,,,,,,,,,,,,,
1183,15877047,12 Eylül 2024,21 Mart 2025,Konut,Kiralık,Daire,55 m²,60 m²,1+1,0 (Yeni),2.Kat,2,Kombi Doğalgaz,Boş,,Bilinmiyor,Hayır,,1,Genel Fiyat,13.500TL, Merkezefendi - Bahçelievler Mahallesi,https://www.emlakjet.com//ilan/ozel-saglik-hastanesi-karsisi-lux-11-apart-15877047/,,13500 TL,,,,,,,,,,,,,
1184,15875809,12 Eylül 2024,30 Aralık 2024,Konut,Kiralık,Daire,115 m²,120 m²,2+1,5-10,1.Kat,4,Kombi Doğalgaz,Boş,,Bilinmiyor,Hayır,,1,Genel Fiyat,23.000TL, Merkezefendi - Çakmak Mahallesi,https://www.emlakjet.com//ilan/sahin-gayrimenkulden-cakmak-da-21-kiralik-daire-15875809/,,,,,,,,,,,,,,,
1185,15874224,12 Eylül 2024,30 Aralık 2024,Konut,Kiralık,Daire,35 m²,45 m²,1+1,2,Bahçe Katı,3,Yerden Isıtma,Boş,Eşyalı,Bilinmiyor,Hayır,Yok,1,Genel Fiyat,8.250TL, Pamukkale - Zeytinköy Mahallesi,https://www.emlakjet.com//ilan/mg-premium-dan-universite-mevki-sifir-ayarinda-ara-kat-11-15874224/,,,,,,,,,,,,,,,
1186,15874222,12 Eylül 2024,30 Aralık 2024,Konut,Kiralık,Daire,45 m²,55 m²,1+1,4,3.Kat,4,Yerden Isıtma,Boş,Eşyalı,Bilinmiyor,Hayır,Yok,1,Genel Fiyat,14.500TL, Pamukkale - Zeytinköy Mahallesi,https://www.emlakjet.com//ilan/mg-premiumdan-ana-cadde-uzerinde-b-makinali-11-apart-firsati-15874222/,,,,,,,,,,,,,,,
1187,15874215,12 Eylül 2024,30 Aralık 2024,Konut,Kiralık,Daire,65 m²,75 m²,2+1,5-10,Bahçe Katı,4,Kombi Doğalgaz,Boş,Eşyalı,Bilinmiyor,Hayır,Yok,1,Genel Fiyat,15.000TL, Pamukkale - Asmalıevler Mahallesi,https://www.emlakjet.com//ilan/mg-premium-dan-asmali-evler-mevkisi-21-esyali-kiralik-apart-15874215/,,,,,,,,,,,,,,,
1188,15874206,12 Eylül 2024,30 Aralık 2024,Konut,Kiralık,Daire,70 m²,80 m²,1+1,4,3.Kat,5,Merkezi Doğalgaz,Boş,Eşyalı,Bilinmiyor,Hayır,Yok,1,Genel Fiyat,16.750TL, Pamukkale - Fatih Mahallesi,https://www.emlakjet.com//ilan/mg-premium-dan-ev-konforunda-essiz-11-80m2-ultra-lux-rezidans-15874206/,,,,,,,,,,,,,,,
1189,15871047,11 Eylül 2024,04 Nisan 2025,Konut,Kiralık,Daire,170 m²,190 m²,4+1,3,3.Kat,7,Kombi Doğalgaz,Boş,,Bilinmiyor,Hayır,,1,Genel Fiyat,15.000TL, Merkezefendi - Altıntop Mahallesi,https://www.emlakjet.com//ilan/denizli-caybasi-camisi-yukarisi-anayolda-3-kat-kombili-temiz-daire-15871047/,100 TL,,,,,,,,,,,,,,
1190,15857469,09 Eylül 2024,30 Aralık 2024,Konut,Kiralık,Daire,60 m²,65 m²,2+1,11-15,Düz Giriş (Zemin),5,Kombi Doğalgaz,Boş,Eşyalı,Kat Mülkiyeti,Hayır,Yok,1,Genel Fiyat,12.000TL, Pamukkale - Kınıklı Mahallesi,https://www.emlakjet.com//ilan/bursa-caddesinde-sifir-esyali-21-apart-15857469/,,,,,,1631,9,,,,,,,,
1191,15854394,09 Eylül 2024,07 Mart 2025,Konut,Kiralık,Daire,151 m²,161 m²,3+1,16-20,1.Kat,4,Kombi Doğalgaz,Boş,,Bilinmiyor,Hayır,,2,Genel Fiyat,18.000TL, Pamukkale - Kervansaray Mahallesi,https://www.emlakjet.com//ilan/yeniyol-ustu-akem-lisesi-arkasi-31-151m2-daire-15854394/,,,,,,,1165,,,,,,,,
1192,15849194,08 Eylül 2024,21 Şubat 2025,Konut,Kiralık,Daire,160 m²,190 m²,3+1,11-15,4.Kat,5,Kombi Doğalgaz,Boş,,Bilinmiyor,Hayır,,1,Genel Fiyat,15.000TL, Merkezefendi - Adalet Mahallesi,https://www.emlakjet.com//ilan/denizli-adalet-mah-10031-sok-no-12-m-efendi-ata-ekmek-fabrikasi-yani-4-kat-merdivenli-15849194/,,,,,,,,,,,,,,,
1193,15841762,06 Eylül 2024,26 Şubat 2025,Konut,Kiralık,Daire,45 m²,50 m²,1+1,4,2.Kat,3,Yerden Isıtma,Boş,Eşyalı,Bilinmiyor,Hayır,Yok,1,Genel Fiyat,11.000TL, Pamukkale - Mehmetçik Mahallesi,https://www.emlakjet.com//ilan/sehzade-den-forum-camliga-yurume-mesafesinde-11-kiralik-apart-15841762/,,,,,,,,,,,,,,,
1194,15841761,06 Eylül 2024,26 Şubat 2025,Konut,Kiralık,Daire,35 m²,50 m²,1+1,0 (Yeni),2.Kat,4,Yerden Isıtma,Boş,Eşyalı,Bilinmiyor,Hayır,Yok,1,Genel Fiyat,16.000TL, Pamukkale - Kınıklı Mahallesi,https://www.emlakjet.com//ilan/sehzade-den-kinikli-da-okula-cok-yakin-kiralik-11-apart-15841761/,,,,,,,,,,,,,,,
1195,15831835,05 Eylül 2024,11 Mart 2025,Konut,Kiralık,Daire,45 m²,48 m²,1+1,5-10,2.Kat,4,Kombi Doğalgaz,Boş,,Bilinmiyor,Hayır,,1,Genel Fiyat,10.000TL, Pamukkale - Asmalıevler Mahallesi,https://www.emlakjet.com//ilan/ender-uysal-gayrimenkulden-asmalievlerde-kiralik-11-apart-15831835/,,,,,,,,,,,,,,,
1196,15824761,04 Eylül 2024,11 Mart 2025,Konut,Kiralık,Daire,45 m²,48 m²,1+1,5-10,4.Kat,5,Kombi Doğalgaz,Boş,,Bilinmiyor,Hayır,,1,Genel Fiyat,8.500TL, Pamukkale - Kınıklı Mahallesi,https://www.emlakjet.com//ilan/ender-uysal-gayrimenkulden-kiniklida-universite-yakini-11-arakat-15824761/,,,,,,,,,,,,,,,
1197,15819622,03 Eylül 2024,11 Mart 2025,Konut,Kiralık,Daire,85 m²,90 m²,2+1,5-10,Çatı Katı,4,Kombi Doğalgaz,Boş,,Bilinmiyor,Hayır,,1,Genel Fiyat,9.000TL, Pamukkale - İncilipınar Mahallesi,https://www.emlakjet.com//ilan/ender-uysal-gayrimenkulden-incilipinar-da-21-genis-terasli-daire-15819622/,,,,,,,,,,,,,,,
1198,15812635,02 Eylül 2024,28 Şubat 2025,Konut,Kiralık,Daire,110 m²,120 m²,2+1,0 (Yeni),2.Kat,2,Kombi Doğalgaz,Boş,,Bilinmiyor,Hayır,,1,Genel Fiyat,15.000TL, Pamukkale - Dokuzkavaklar Mahallesi,https://www.emlakjet.com//ilan/dokuzkavaklar-da-kiralik-21-daire-15812635/,,,,1,,,,,,,,,,,
1199,15808478,01 Eylül 2024,30 Aralık 2024,Konut,Kiralık,Villa,370 m²,400 m²,5+1,16-20,,3,Kombi Doğalgaz,Boş,Boş,Arsa Tapulu,Hayır,Yok,1,Genel Fiyat,18.000TL, Pamukkale - Pınarkent Mahallesi,https://www.emlakjet.com//ilan/pinarkent-de-51-genis-kullanisli-kiralik-villa-15808478/,,,,,,,,,,,,,,,
