,İlan Numarası,İlan Oluşturma Tarihi,İlan Güncelleme Tarihi,Türü,Kategorisi,Tipi,Net Metrekare,Brüt Metrekare,Oda Sayısı,Binanın Yaşı,Bulunduğu Kat,Binanın Kat Sayısı,Isıtma Tipi,Kullanım Durumu,Aidat,Tapu Durumu,Site İçerisinde,Depozito,Banyo Sayısı,Banyo Metrekare,Balkon Durumu,Balkon Sayısı,Balkon Tipi,Balkon Metrekare,WC Sayısı,WC Metrekare,Fiyat Durumu,Ada,Parsel,Price,Location,link,Yapı Durumu,Yapı Tipi,Eşya Durumu,Takas,Görüntülü Gezilebilir mi?,Salon Metrekare
0,17105914,03 Nisan 2025,03 Nisan 2025,Konut,Kiralık,Daire,90 m²,110 m²,2+1,21 Ve Üzeri,3.Kat,5,Kombi Doğalgaz,Kiracı Oturuyor,150 TL,Arsa Tapulu,Hayır,18000 TL,1,3 m²,Var,1,Kapalı Balkon,3 m²,1,1 m²,Genel Fiyat,null,3173,18.000TL, Esenler - Fevzi Çakmak Mahallesi,https://www.emlakjet.com//ilan/esenler-fevzicakmak-mah-kiralik-kombili-daire-17105914/,,,,,,
1,17104186,03 Nisan 2025,03 Nisan 2025,Konut,Kiralık,Daire,70 m²,80 m²,2+1,11-15,Yüksek Giriş,4,Kombi Doğalgaz,Boş,350 TL,Tapu Kaydı Yok,Hayır,16000 TL,1,,Var,1,,,,,Genel Fiyat,,,16.000TL, Bayrampaşa - Cevatpaşa Mahallesi,https://www.emlakjet.com//ilan/umur-gayrimenkul-den-kiralik-yuksek-giris-kat-daire-17104186/,,,,,,
2,17103363,03 Nisan 2025,04 Nisan 2025,Konut,Kiralık,Daire,70 m²,75 m²,2+1,16-20,Yüksek Giriş,5,Doğalgaz Sobalı,Boş,100 TL,Tapu Kaydı Yok,Hayır,14000 TL,1,,,,,,,,Genel Fiyat,,,14.000TL, Sultangazi - Uğur Mumcu Mahallesi,https://www.emlakjet.com//ilan/kiralik-yuksek-giris-daire-ugurmumcu-mahallesi-kartal-emlaktan-21-17103363/,,,,,,
3,17090071,29 Mart 2025,04 Nisan 2025,Konut,Kiralık,Daire,90 m²,95 m²,2+1,21 Ve Üzeri,1.Kat,5,Kombi Doğalgaz,Boş,100 TL,Tapu Kaydı Yok,Hayır,17500 TL,1,,Var,,,,,,Genel Fiyat,,,17.500TL, Sultangazi - Cebeci Mahallesi,https://www.emlakjet.com//ilan/kiralik-daire-sultangazi-cebeci-mahallesi-kartal-emlaktan-21-17090071/,,,,,,
4,17055559,21 Mart 2025,21 Mart 2025,Konut,Kiralık,Daire,65 m²,75 m²,2+1,0 (Yeni),3.Kat,5,Kombi Doğalgaz,Boş,,Kat İrtifakı,Hayır,,1,,,,,,,,Genel Fiyat,,8136,30.000TL, Bahçelievler - Hürriyet Mahallesi,https://www.emlakjet.com//ilan/hurriyet-mahallesinde-21-arakat-kiralik-sifir-daire-17055559/,,,,,,
5,17011284,14 Mart 2025,04 Nisan 2025,Konut,Kiralık,Daire,90 m²,95 m²,2+1,16-20,2.Kat,5,Kombi Doğalgaz,Boş,100 TL,Tapu Kaydı Yok,Hayır,15500 TL,1,,Var,,,,,,Genel Fiyat,,,15.500TL, Sultangazi - Cebeci Mahallesi,https://www.emlakjet.com//ilan/kiralik-daire-sultangazi-cebeci-mah-kartal-emlaktan-21-17011284/,,,,,,
6,16779628,05 Şubat 2025,03 Nisan 2025,Konut,Kiralık,Daire,70 m²,80 m²,2+1,21 Ve Üzeri,Düz Giriş (Zemin),4,Kombi Doğalgaz,Boş,,Kat Mülkiyeti,Hayır,60000 TL,1,,,,,,,,Genel Fiyat,146,17,30.000TL, Bakırköy - Kartaltepe Mahallesi,https://www.emlakjet.com//ilan/kartaltepede-21-esyali-mustakil-bahceli-3-cepheli-bakimli-kiralik-daire-16779628/,,,,,,
7,16444620,10 Aralık 2024,30 Aralık 2024,Konut,Kiralık,Daire,100 m²,110 m²,2+1,21 Ve Üzeri,2.Kat,4,Kombi Doğalgaz,Boş,,Bilinmiyor,Hayır,,1,,,,,,,,Genel Fiyat,,,27.000TL, Fatih - Aksaray Mahallesi,https://www.emlakjet.com//ilan/es-gayrimenkul-cerrahpasa-has-karsisi-esyali-kiralik-daire-16444620/,İkinci El,Betonarme,Eşyalı,Yok,,
8,14886908,21 Mart 2024,21 Mart 2025,Konut,Kiralık,Daire,95 m²,120 m²,1+1,11-15,Çatı Katı,4,Kombi Doğalgaz,Boş,,Kat İrtifakı,Hayır,,1,,,,,,,,Genel Fiyat,8066,18,25.000TL, Pendik - Esenler Mahallesi,https://www.emlakjet.com//ilan/kiralik-pendik-esenlerde-full-mobilyali-yuksek-cati-kati-cok-buyuk-11-daire-14886908/,,,Eşyalı,Yok,,
9,17114031,05 Nisan 2025,05 Nisan 2025,Konut,Kiralık,Daire,140 m²,200 m²,3+1,5-10,Bahçe Katı,7,Merkezi (Pay Ölçer),Boş,,Kat Mülkiyeti,Evet,,3,,,,,,,,Genel Fiyat,,,75.000TL, Bahçelievler - Yenibosna Merkez Mahallesi,https://www.emlakjet.com//ilan/greenist-bahcelievler-kiralik-31-esyali-bahce-dubleks-17114031/,,,Eşyalı,Yok,,
10,17114030,05 Nisan 2025,05 Nisan 2025,Konut,Kiralık,Daire,50 m²,70 m²,1+1,4,15.Kat,22,Merkezi (Pay Ölçer),Boş,,Kat Mülkiyeti,Evet,,1,,,,,,,,Genel Fiyat,,,38.000TL, Kadıköy - Fikirtepe Mahallesi,https://www.emlakjet.com//ilan/fikirtepe-optimist-rezidans-kiralik-11-esyali-deniz-manzarali-17114030/,,,Eşyalı,Yok,,
11,17113932,05 Nisan 2025,05 Nisan 2025,Konut,Kiralık,Daire,175 m²,195 m²,3+1,11-15,5.Kat,8,Kombi Doğalgaz,Boş,,Kat Mülkiyeti,Evet,,2,,,,,,,,Genel Fiyat,,,58.000TL, Beylikdüzü - Adnan Kahveci Mahallesi,https://www.emlakjet.com//ilan/beylikduzu-beykent-te-lux-sitede-full-esyali-kiralik-31-195m-17113932/,,,Eşyalı,Yok,,
12,17113909,05 Nisan 2025,05 Nisan 2025,Konut,Kiralık,Daire,80 m²,100 m²,2+1,0 (Yeni),1.Kat,5,Kombi Doğalgaz,Boş,,Kat Mülkiyeti,Hayır,,2,,,,,,,,Genel Fiyat,,,30.000TL, Eyüpsultan - Rami Yeni Mahallesi,https://www.emlakjet.com//ilan/rami-yeni-mahallede-sifir-binada-asansorlu-arakat-kiralik-daire-17113909/,,,Boş,Yok,,
13,17113904,05 Nisan 2025,05 Nisan 2025,Konut,Kiralık,Daire,100 m²,110 m²,2+1,21 Ve Üzeri,2.Kat,3,Kombi Doğalgaz,Boş,,Kooperatiften Tapu,Hayır,,1,,,,,,,,Genel Fiyat,,,28.000TL, Beykoz - İncirköy Mahallesi,https://www.emlakjet.com//ilan/beykoz-pasabahce-de-21-ara-kat-mustakil-girisli-kiralik-daire-17113904/,,,Boş,Yok,,
14,17113858,05 Nisan 2025,05 Nisan 2025,Konut,Kiralık,Daire,35 m²,43 m²,Stüdyo,5-10,19.Kat,30,Merkezi (Pay Ölçer),Boş,,Kat Mülkiyeti,Evet,,1,,,,,,,,Genel Fiyat,,,12.000TL, Esenyurt - Zafer Mahallesi,https://www.emlakjet.com//ilan/sembol-istanbul-da-esyali-kiralik-studyo-daire-17113858/,,,Eşyalı,Yok,,
15,17113833,05 Nisan 2025,05 Nisan 2025,Konut,Kiralık,Daire,80 m²,95 m²,2+1,5-10,Çatı Katı,4,Kombi Doğalgaz,Boş,,Kat Mülkiyeti,Hayır,,1,,,,,,,,Genel Fiyat,,,15.000TL, Arnavutköy - Anadolu Mahallesi,https://www.emlakjet.com//ilan/arnavutkoy-anadolu-mahallesinde-kiralik-21-cati-dubleks-17113833/,,,Boş,Yok,,
16,17113822,05 Nisan 2025,05 Nisan 2025,Konut,Kiralık,Daire,75 m²,80 m²,2+1,5-10,Bahçe Katı,4,Kombi Doğalgaz,Boş,,Kat İrtifakı,Hayır,,2,,,,,,,,Genel Fiyat,,,16.000TL, Avcılar - Mustafa Kemal Paşa Mahallesi,https://www.emlakjet.com//ilan/metrobuse-yakin-cift-bahceli-21-17113822/,,,Boş,Yok,,
17,17113808,05 Nisan 2025,05 Nisan 2025,Konut,Kiralık,Daire,80 m²,95 m²,2+1,16-20,Yüksek Giriş,3,Kombi Doğalgaz,Boş,,Kat Mülkiyeti,Hayır,,1,,,,,,,,Genel Fiyat,,,22.000TL, Pendik - Dumlupınar Mahallesi,https://www.emlakjet.com//ilan/pendik-dumlupinarda-metroya-5dk-ici-yenilenmis-kiralik-21-daire-17113808/,,,Boş,Yok,,
18,17113739,05 Nisan 2025,05 Nisan 2025,Konut,Kiralık,Daire,60 m²,75 m²,1+1,5-10,3.Kat,3,Kombi Doğalgaz,Boş,,Kat Mülkiyeti,Hayır,,1,,,,,,,,Genel Fiyat,,,17.000TL, Eyüpsultan - Akşemsettin Mahallesi,https://www.emlakjet.com//ilan/gurcan-sokak-11-1-yillik-kiralik-daire-aciklamayi-okuyun-17113739/,,,Boş,Yok,,
19,17113735,05 Nisan 2025,05 Nisan 2025,Konut,Kiralık,Daire,100 m²,125 m²,2+1,5-10,Düz Giriş (Zemin),5,Kombi Doğalgaz,Boş,,Kat Mülkiyeti,Hayır,,1,,,,,,,,Genel Fiyat,,,25.000TL, Eyüpsultan - Çırçır Mahallesi,https://www.emlakjet.com//ilan/circir-metroya-2-dk-21-yaz-kis-bahceli-ici-yapili-ters-dubleks-17113735/,,,Boş,Yok,,
20,17113688,05 Nisan 2025,05 Nisan 2025,Konut,Kiralık,Daire,85 m²,95 m²,2+1,5-10,1.Kat,5,Kombi Doğalgaz,Boş,,Kat Mülkiyeti,Hayır,,1,,,,,,,,Genel Fiyat,,,31.000TL, Ümraniye - Çakmak Mahallesi,https://www.emlakjet.com//ilan/umraniye-cakmak-kiralik-21-genis-daire-17113688/,,,Boş,Yok,,
21,17113680,05 Nisan 2025,05 Nisan 2025,Konut,Kiralık,Daire,60 m²,70 m²,1+1,16-20,12.Kat,29,Merkezi Doğalgaz,Boş,,Kat Mülkiyeti,Hayır,,1,,,,,,,,Genel Fiyat,,,37.500TL, Ataşehir - Küçükbakkalköy Mahallesi,https://www.emlakjet.com//ilan/atasehir-flora-residence-11-metroya-yakin-17113680/,,,Eşyalı,Yok,,
22,17113624,05 Nisan 2025,05 Nisan 2025,Konut,Kiralık,Daire,75 m²,85 m²,2+1,0 (Yeni),2.Kat,4,Kombi Doğalgaz,Boş,,Kat Mülkiyeti,Hayır,,1,,,,,,,,Genel Fiyat,,,20.000TL, Silivri - Fatih Mahallesi,https://www.emlakjet.com//ilan/sifir-hic-oturulmamis-kiralik-daireler-11-de-dairemiz-vardir-17113624/,,,Boş,Yok,,
23,17113623,05 Nisan 2025,05 Nisan 2025,Konut,Kiralık,Daire,70 m²,75 m²,1+1,0 (Yeni),Düz Giriş (Zemin),4,Kombi Doğalgaz,Boş,,Kat Mülkiyeti,Hayır,,1,,,,,,,,Genel Fiyat,,,15.000TL, Silivri - Fatih Mahallesi,https://www.emlakjet.com//ilan/sifir-hic-oturulmamis-kiralik-daireler-11-ve-21-mevcut-17113623/,,,Boş,Yok,,
24,17113607,04 Nisan 2025,04 Nisan 2025,Konut,Kiralık,Daire,90 m²,100 m²,2+1,5-10,Düz Giriş (Zemin),4,Kombi Doğalgaz,Boş,1000 TL,Yabancıdan,Hayır,36000 TL,1,,Yok,,,,1,,Genel Fiyat,,,18.000TL, Beylikdüzü - Sahil Mahallesi,https://www.emlakjet.com//ilan/beylikduzu-kavaklida-sahil-mah-kiralik-21-giris-kat-daire-butik-site-17113607/,İkinci El,Betonarme,Boş,Yok,Evet,
25,17113439,04 Nisan 2025,05 Nisan 2025,Konut,Kiralık,Daire,120 m²,140 m²,4+1,21 Ve Üzeri,2.Kat,2,Kombi Doğalgaz,Boş,,Kat İrtifakı,Hayır,,1,,,,,,,,Genel Fiyat,,,19.500TL, Tuzla - Mimar Sinan Mahallesi,https://www.emlakjet.com//ilan/tuzla-mimarsinan-da-merkezi-konumda-41-120m2-kiralik-daire-17113439/,,,Boş,Yok,,
26,17113438,04 Nisan 2025,04 Nisan 2025,Konut,Kiralık,Daire,70 m²,80 m²,2+1,21 Ve Üzeri,Bahçe Katı,3,Sobalı,Boş,,Kat İrtifakı,Hayır,,1,,,,,,,,Genel Fiyat,,,14.000TL, Tuzla - Mimar Sinan Mahallesi,https://www.emlakjet.com//ilan/tuzla-mimar-sinan-da-kiralik-daireler-17113438/,,,Boş,Yok,,
27,17113420,04 Nisan 2025,04 Nisan 2025,Konut,Kiralık,Daire,135 m²,145 m²,3+1,5-10,3.Kat,5,Kombi Doğalgaz,Mülk Sahibi Oturuyor,300 TL,Kooperatiften Tapu,Hayır,24000 TL,1,,Var,1,Açık Balkon,,1,,Genel Fiyat,,,24.000TL, Maltepe - İdealtepe Mahallesi,https://www.emlakjet.com//ilan/sahibinden-kiralik-daire-17113420/,İkinci El,Betonarme,Boş,Var,Evet,
28,17113296,04 Nisan 2025,04 Nisan 2025,Konut,Kiralık,Daire,95 m²,105 m²,2+1,21 Ve Üzeri,1.Kat,4,Kombi Doğalgaz,Boş,,Kat Mülkiyeti,Hayır,,1,,,,,,,,Genel Fiyat,,,25.000TL, Eyüpsultan - İslambey Mahallesi,https://www.emlakjet.com//ilan/islambey-mah-islambey-cad-tam-uzerinde-21-105-m2-kiralik-daire-17113296/,,,Boş,Yok,,
29,17113286,04 Nisan 2025,04 Nisan 2025,Konut,Kiralık,Daire,100 m²,105 m²,2+1,4,1.Kat,2,Kombi Doğalgaz,Boş,,Kat Mülkiyeti,Hayır,,1,,,,,,,,Genel Fiyat,,,20.000TL, Arnavutköy - Mavigöl Mahallesi,https://www.emlakjet.com//ilan/tekbaslar-dan-mavigol-de-kullanisli-ferah-genis-kiralik-daire-17113286/,,,Boş,Yok,,
30,17113185,04 Nisan 2025,04 Nisan 2025,Konut,Kiralık,Daire,60 m²,70 m²,2+1,21 Ve Üzeri,Düz Giriş (Zemin),4,Kombi Doğalgaz,Boş,,Kat Mülkiyeti,Hayır,,1,,,,,,,,Genel Fiyat,,,30.000TL, Beşiktaş - Yıldız Mahallesi,https://www.emlakjet.com//ilan/besiktas-ciragan-da-otopark-sorunu-olmayan-tertemiz-21-daire-17113185/,İkinci El,Betonarme,,Yok,,
31,17113134,04 Nisan 2025,04 Nisan 2025,Konut,Kiralık,Daire,40 m²,45 m²,1+1,21 Ve Üzeri,3.Kat,3,Sobalı,Boş,,Bilinmiyor,Hayır,,1,,,,,,,,Genel Fiyat,,,16.000TL, Fatih - Ayvansaray Mahallesi,https://www.emlakjet.com//ilan/balatta-kiralik-11-daire-17113134/,İkinci El,Kagir,,Yok,,
32,17113075,04 Nisan 2025,04 Nisan 2025,Konut,Kiralık,Daire,50 m²,70 m²,1+1,5-10,7.Kat,8,Merkezi (Pay Ölçer),Boş,2894 TL,Kat Mülkiyeti,Evet,30000 TL,2,,Yok,,,,2,,Genel Fiyat,9974,1,21.000TL, Pendik - Kurtköy Mahallesi,https://www.emlakjet.com//ilan/city-life-kurtkoy-ankasreli-cift-banyolu-ara-kat-kiralik-11-havuzlu-17113075/,İkinci El,Betonarme,Boş,,Evet,
33,17113020,04 Nisan 2025,04 Nisan 2025,Konut,Kiralık,Daire,55 m²,60 m²,1+1,21 Ve Üzeri,2.Kat,3,Kombi Doğalgaz,Boş,,Kat İrtifakı,Hayır,,1,,,,,,,,Genel Fiyat,,,15.000TL, Beyoğlu - Halıcıoğlu Mahallesi,https://www.emlakjet.com//ilan/yilmaz-grouptan-metrobus-yaninda-arakat-11-daire-17113020/,,,Boş,Yok,,
34,17112992,04 Nisan 2025,04 Nisan 2025,Konut,Kiralık,Daire,93 m²,108 m²,3+1,21 Ve Üzeri,3.Kat,4,Kombi Doğalgaz,Boş,,Arsa Tapulu,Hayır,,1,,,,,,,,Genel Fiyat,,,22.000TL, Pendik - Kaynarca Mahallesi,https://www.emlakjet.com//ilan/kaynarca-da-marmaray-a-carsiya-yakin-kiralik-31-daire-17112992/,,,Boş,Yok,,
35,17112976,04 Nisan 2025,04 Nisan 2025,Konut,Kiralık,Daire,50 m²,65 m²,1+1,5-10,13.Kat,15,Merkezi (Pay Ölçer),Boş,,Kat Mülkiyeti,Evet,,1,,,,,,,,Genel Fiyat,,,14.500TL, Esenyurt - Cumhuriyet Mahallesi,https://www.emlakjet.com//ilan/sonsuz-yapidan-metrobuse-5-dk-yurume-mesafesinde-daire-17112976/,,,Boş,Yok,,
36,17112966,04 Nisan 2025,04 Nisan 2025,Konut,Kiralık,Daire,80 m²,90 m²,2+1,21 Ve Üzeri,Düz Giriş (Zemin),5,Kombi Doğalgaz,Boş,,Kat Mülkiyeti,Hayır,,2,,,,,,,,Genel Fiyat,,,15.000TL, Silivri - Mimar Sinan Mahallesi,https://www.emlakjet.com//ilan/silivri-kumluk-bolgesinde-kiralik-esyali-21-daire-17112966/,,,Eşyalı,Yok,,
37,17112965,04 Nisan 2025,04 Nisan 2025,Konut,Kiralık,Daire,119 m²,120 m²,3+1,21 Ve Üzeri,5.Kat,6,Kombi Doğalgaz,Boş,,Tapu Kaydı Yok,Hayır,,1,,,,,,,,Genel Fiyat,,,20.000TL, Silivri - Piri Mehmet Paşa Mahallesi,https://www.emlakjet.com//ilan/silivri-merkezde-kiralik-31-daire-17112965/,,,Boş,Yok,,
38,17112954,04 Nisan 2025,04 Nisan 2025,Konut,Kiralık,Daire,70 m²,75 m²,2+1,5-10,1.Kat,11,Merkezi Doğalgaz,Boş,,Kat Mülkiyeti,Evet,,1,,,,,,,,Genel Fiyat,,,20.500TL, Küçükçekmece - Halkalı Merkez Mahallesi,https://www.emlakjet.com//ilan/halkali-merkez-mahallesin-de-site-icinde-21-kiralik-daire-17112954/,,,Boş,Yok,,
39,17112912,04 Nisan 2025,04 Nisan 2025,Konut,Kiralık,Daire,95 m²,100 m²,2+1,21 Ve Üzeri,4.Kat,4,Kombi Doğalgaz,Boş,10 TL,Kooperatiften Tapu,Hayır,20000 TL,1,,,,,,,,Genel Fiyat,,,20.000TL, Sultangazi - Sultançiftliği Mahallesi,https://www.emlakjet.com//ilan/sultanciftligi-mah-21-100m2-4-kat-kira20-000-17112912/,,,,,,
40,17112903,04 Nisan 2025,04 Nisan 2025,Konut,Kiralık,Daire,85 m²,100 m²,2+1,21 Ve Üzeri,1.Kat,2,Klimalı,Boş,,Bilinmiyor,Hayır,,1,,,,,,,,Genel Fiyat,,,20.000TL, Kartal - Yakacık Çarşı Mahallesi,https://www.emlakjet.com//ilan/kiralik-21-esyali-daire-17112903/,,,,Yok,,
41,17112899,04 Nisan 2025,04 Nisan 2025,Konut,Kiralık,Daire,80 m²,85 m²,2+1,21 Ve Üzeri,Bahçe Katı,4,Kombi Doğalgaz,Boş,10 TL,Kooperatiften Tapu,Hayır,11000 TL,1,,,,,,,,Genel Fiyat,,,11.000TL, Sultangazi - Uğur Mumcu Mahallesi,https://www.emlakjet.com//ilan/ugurmumcu-mah-21-85m2-bodrum-kira11-000-17112899/,,,,,,
42,17112873,04 Nisan 2025,04 Nisan 2025,Konut,Kiralık,Daire,110 m²,120 m²,2+1,4,3.Kat,5,Kombi Doğalgaz,Boş,250 TL,Kooperatiften Tapu,Hayır,20000 TL,1,,Var,1,Kapalı Balkon,,,,Genel Fiyat,,,17.000TL, Bahçelievler - Bahçelievler Mahallesi,https://www.emlakjet.com//ilan/2-oda-1-salon-kiralik-daire-sahibinden-gece-4e-kadar-arayabilirsiniz-17112873/,,,Boş,,,
43,17112872,04 Nisan 2025,04 Nisan 2025,Konut,Kiralık,Daire,85 m²,90 m²,2+1,5-10,Kot 1 (-1).Kat,6,Kombi Doğalgaz,Boş,250 TL,Kat Mülkiyeti,Hayır,20000 TL,2,,Yok,,,,1,,Genel Fiyat,746,17,20.000TL, Eyüpsultan - Karadolap Mahallesi,https://www.emlakjet.com//ilan/eyup-alibeykoy-de-21-kiralik-daire-17112872/,İkinci El,,Boş,Yok,Hayır,
44,17112869,04 Nisan 2025,04 Nisan 2025,Konut,Kiralık,Daire,50 m²,60 m²,2+1,21 Ve Üzeri,Bahçe Katı,4,Kombi Doğalgaz,Boş,,Kat İrtifakı,Hayır,,2,,,,,,,,Birim Fiyat,1911,12,17.000TL, Fatih - Balat Mahallesi,https://www.emlakjet.com//ilan/sahibinden-merkezi-17112869/,,,,,,
45,17112860,04 Nisan 2025,04 Nisan 2025,Konut,Kiralık,Daire,70 m²,80 m²,2+1,21 Ve Üzeri,1.Kat,4,Kombi Doğalgaz,Boş,,Kat Mülkiyeti,Hayır,,1,,,,,,,,Genel Fiyat,,,30.000TL, Üsküdar - Sultantepe Mahallesi,https://www.emlakjet.com//ilan/parlak-tan-cadde-uzeri-metro-duraginin-yaninda-iskeleye-yurume-17112860/,,,Boş,Yok,,
46,17112859,04 Nisan 2025,04 Nisan 2025,Konut,Kiralık,Daire,85 m²,90 m²,2+1,21 Ve Üzeri,3.Kat,4,Kombi Doğalgaz,Boş,,Kat Mülkiyeti,Hayır,,1,,,,,,,,Genel Fiyat,,,25.000TL, Üsküdar - Sultantepe Mahallesi,https://www.emlakjet.com//ilan/parlak-tan-iskeleye-5-dk-yurume-mesafesi-cift-cepheli-sehir-manz-17112859/,,,Boş,Yok,,
47,17112858,04 Nisan 2025,04 Nisan 2025,Konut,Kiralık,Daire,60 m²,65 m²,2+1,21 Ve Üzeri,Düz Giriş (Zemin),4,Kombi Doğalgaz,Boş,,Kat Mülkiyeti,Hayır,,1,,,,,,,,Genel Fiyat,,,19.000TL, Üsküdar - Mimar Sinan Mahallesi,https://www.emlakjet.com//ilan/parlak-tan-merkez-e-yakin-21-uskudar-unv-sokaginda-giris-kat-17112858/,,,Boş,Yok,,
48,17112786,04 Nisan 2025,04 Nisan 2025,Konut,Kiralık,Daire,85 m²,100 m²,3+1,0 (Yeni),4.Kat,5,Yerden Isıtma,Boş,,Kat Mülkiyeti,Hayır,38000 TL,2,,Var,1,Açık Balkon,,2,,Genel Fiyat,,5273,38.000TL, Tuzla - Postane Mahallesi,https://www.emlakjet.com//ilan/kiralik-daire-tuzla-postane-mahallesi-sahibinden-17112786/,Sıfır,Betonarme,Boş,,Hayır,
49,17112718,04 Nisan 2025,04 Nisan 2025,Konut,Kiralık,Daire,70 m²,75 m²,1+1,16-20,4.Kat,4,Kat Kaloriferi,Boş,1 TL,Yabancıdan,Hayır,10000 TL,1,,Var,1,Açık Teras,,,,Genel Fiyat,,,10.000TL, Büyükçekmece - Dizdariye Mahallesi,https://www.emlakjet.com//ilan/buyukcekme-dizdariyede-kiralik-catikati-17112718/,,,,,,
50,17112718,04 Nisan 2025,04 Nisan 2025,Konut,Kiralık,Daire,70 m²,75 m²,1+1,16-20,4.Kat,4,Kat Kaloriferi,Boş,1 TL,Yabancıdan,Hayır,10000 TL,1,,Var,1,Açık Teras,,,,Genel Fiyat,,,10.000TL, Büyükçekmece - Dizdariye Mahallesi,https://www.emlakjet.com//ilan/buyukcekme-dizdariyede-kiralik-catikati-17112718/,,,,,,
51,17112640,04 Nisan 2025,04 Nisan 2025,Konut,Kiralık,Daire,60 m²,70 m²,1+1,5-10,29.Kat,30,Merkezi (Pay Ölçer),Boş,,Kat Mülkiyeti,Evet,,1,,,,,,,,Genel Fiyat,,,38.000TL, Ataşehir - Küçükbakkalköy Mahallesi,https://www.emlakjet.com//ilan/novadan-atasehir-brandiumda-kiralik-11-17112640/,,,Boş,Yok,,
52,17112639,04 Nisan 2025,04 Nisan 2025,Konut,Kiralık,Daire,40 m²,55 m²,1+1,11-15,9.Kat,30,Merkezi (Pay Ölçer),Boş,,Kat Mülkiyeti,Evet,,1,,,,,,,,Genel Fiyat,,,35.000TL, Ataşehir - Örnek Mahallesi,https://www.emlakjet.com//ilan/nova-dan-dumankaya-ikon-da-kiralik-11-17112639/,,,Boş,Yok,,
53,17112588,04 Nisan 2025,04 Nisan 2025,Konut,Kiralık,Daire,90 m²,100 m²,2+1,11-15,11.Kat,15,Kombi Doğalgaz,Boş,,Bilinmiyor,Hayır,34000 TL,1,,,,,,1,,Genel Fiyat,,,17.000TL, Büyükçekmece - Çakmaklı Mahallesi,https://www.emlakjet.com//ilan/buyukcekmece-cakmakli-mah-kiralik-21-90m2-golsehir-sitesi-12-kat-manzarali-17112588/,İkinci El,,Boş,Yok,,
54,17112577,04 Nisan 2025,04 Nisan 2025,Konut,Kiralık,Daire,80 m²,90 m²,2+1,21 Ve Üzeri,Bahçe Katı,5,Kombi Doğalgaz,Kiracı Oturuyor,,Kat İrtifakı,Hayır,,1,,,,,,,,Genel Fiyat,,12300,15.000TL, Bahçelievler - Siyavuşpaşa Mahallesi,https://www.emlakjet.com//ilan/old-city-den-yayla-kana-sk-21-80m2-bahce-kati-kombili-temiz-17112577/,,,,,,
55,17112266,04 Nisan 2025,04 Nisan 2025,Konut,Kiralık,Daire,85 m²,90 m²,2+1,0 (Yeni),2.Kat,4,Kombi Doğalgaz,Boş,1 TL,Yabancıdan,Hayır,25000 TL,1,,Var,,,,,,Genel Fiyat,,,25.000TL, Büyükçekmece - Murat Çeşme Mahallesi,https://www.emlakjet.com//ilan/buyukcekmece-tepecikte-kiralik-daire-17112266/,,,,,,
56,17112157,04 Nisan 2025,04 Nisan 2025,Konut,Kiralık,Daire,50 m²,60 m²,1+1,11-15,Düz Giriş (Zemin),10,Kombi Doğalgaz,Boş,2510 TL,Bilinmiyor,Hayır,30000 TL,1,,,,,,1,,Genel Fiyat,,,15.000TL, Esenyurt - Gökevler Mahallesi,https://www.emlakjet.com//ilan/tuyap-yani-metrobus-son-hera-residance-esyali-kiralik-11-60m2-17112157/,İkinci El,,Eşyalı,Yok,,
57,17112110,04 Nisan 2025,04 Nisan 2025,Konut,Kiralık,Daire,95 m²,100 m²,2+1,16-20,2.Kat,5,Kombi Doğalgaz,Boş,,Kat Mülkiyeti,Hayır,,2,,,,,,,,Genel Fiyat,1226,7,18.000TL, Gaziosmanpaşa - Karadeniz Mahallesi,https://www.emlakjet.com//ilan/gaziosmanpasa-karadeniz-mah-kiralik-bos-21-daire-17112110/,,,,,,
58,17112068,04 Nisan 2025,04 Nisan 2025,Konut,Kiralık,Daire,90 m²,95 m²,2+1,3,4.Kat,4,Kombi Doğalgaz,Boş,,Müstakil Tapulu,Hayır,,1,,,,,,,,Genel Fiyat,,,14.500TL, Silivri - Yeni Mahallesi,https://www.emlakjet.com//ilan/silivri-yeni-mahalle-21-guney-cephe-daire-17112068/,,,Boş,Yok,,
59,17112045,04 Nisan 2025,04 Nisan 2025,Konut,Kiralık,Daire,95 m²,128 m²,2+1,5-10,3.Kat,19,Merkezi (Pay Ölçer),Boş,,Kat Mülkiyeti,Evet,,2,,,,,,,,Genel Fiyat,,,38.000TL, Başakşehir - Başakşehir Mahallesi,https://www.emlakjet.com//ilan/bulvar-istanbul-ebeveyn-banyolu-kiralik-arakat-21-daire-17112045/,,,Boş,Yok,,
60,17111949,04 Nisan 2025,04 Nisan 2025,Konut,Kiralık,Daire,110 m²,125 m²,3+1,21 Ve Üzeri,1.Kat,4,Merkezi Doğalgaz,Boş,200 TL,Hisseli Tapu,Hayır,35000 TL,1,,,,,,,,Genel Fiyat,1853,6,35.000TL, Ümraniye - Tantavi Mahallesi,https://www.emlakjet.com//ilan/umraniye-tantavi-de-mavera-parki-karsisinda-kiralik-31-daire-17111949/,,,,,,
61,17111912,04 Nisan 2025,04 Nisan 2025,Konut,Kiralık,Daire,70 m²,75 m²,2+1,16-20,4.Kat,8,Kombi Doğalgaz,Boş,200 TL,Hisseli Tapu,Hayır,20000 TL,1,12 m²,Var,1,Kapalı Balkon,7 m²,1,,Birim Fiyat,9160,2,19.000TL, Şişli - Gülbahar Mahallesi,https://www.emlakjet.com//ilan/sahibinden-kiralik-asansorlu-ara-kat-daire-17111912/,İkinci El,Betonarme,Boş,Yok,Evet,30 m²
62,17111859,04 Nisan 2025,04 Nisan 2025,Konut,Kiralık,Daire,100 m²,110 m²,3+1,21 Ve Üzeri,2.Kat,3,Kombi Doğalgaz,Boş,,Arsa Tapulu,Hayır,,1,,,,,,,,Genel Fiyat,329,9,16.500TL, Küçükçekmece - Halkalı Merkez Mahallesi,https://www.emlakjet.com//ilan/halkali-merkez-mah-31-kiralik-daire-17111859/,,,,,,
63,17111856,04 Nisan 2025,04 Nisan 2025,Konut,Kiralık,Daire,75 m²,80 m²,1+1,1,Bahçe Katı,5,Kombi Doğalgaz,Boş,,Bilinmiyor,Hayır,,1,,,,,,,,Genel Fiyat,,,18.000TL, Avcılar - Gümüşpala Mahallesi,https://www.emlakjet.com//ilan/avcilar-metrobuse-yakin-esyali-daire-17111856/,,,Eşyalı,Yok,,
64,17111746,04 Nisan 2025,04 Nisan 2025,Konut,Kiralık,Daire,70 m²,75 m²,2+1,21 Ve Üzeri,Düz Giriş (Zemin),4,Kombi Doğalgaz,Boş,,Kat Mülkiyeti,Hayır,,1,,,,,,,,Genel Fiyat,,,21.000TL, Üsküdar - Ahmediye Mahallesi,https://www.emlakjet.com//ilan/uskudar-ahmediyede-21-giris-balkonlu-kiralik-daire-17111746/,,,Boş,Yok,,
65,17111730,04 Nisan 2025,04 Nisan 2025,Konut,Kiralık,Daire,100 m²,125 m²,3+1,21 Ve Üzeri,2.Kat,5,Merkezi (Pay Ölçer),Boş,,Kat Mülkiyeti,Evet,,2,,,,,,,,Genel Fiyat,,,22.000TL, Pendik - Yenişehir Mahallesi,https://www.emlakjet.com//ilan/pendik-yenisehir-de-cift-balkonlu-genis-31-kiralik-daire-17111730/,,,Boş,Yok,,
66,17111697,04 Nisan 2025,04 Nisan 2025,Konut,Kiralık,Daire,55 m²,65 m²,1+1,3,13.Kat,24,Merkezi (Pay Ölçer),Boş,,Kat Mülkiyeti,Hayır,,1,,,,,,,,Genel Fiyat,,,37.000TL, Kadıköy - Dumlupınar Mahallesi,https://www.emlakjet.com//ilan/fikirtepe-baysas-istanbul-216-projesinde-kiralik-11-daire-17111697/,,,Boş,Yok,,
67,17111682,04 Nisan 2025,04 Nisan 2025,Konut,Kiralık,Daire,70 m²,75 m²,2+1,5-10,4.Kat,4,Kombi Doğalgaz,Boş,,Kat Mülkiyeti,Evet,,1,,,,,,,,Genel Fiyat,,,17.000TL, Çatalca - Ferhatpaşa Mahallesi,https://www.emlakjet.com//ilan/catalca-kiptasta-kiralik-21-daire-17111682/,,,Boş,Yok,,
68,17111493,04 Nisan 2025,04 Nisan 2025,Konut,Kiralık,Daire,60 m²,65 m²,2+1,0 (Yeni),3.Kat,4,Kombi Doğalgaz,Boş,,Kat Mülkiyeti,Hayır,,1,,,,,,,,Genel Fiyat,,,19.500TL, Şişli - Gülbahar Mahallesi,https://www.emlakjet.com//ilan/sifir-binada-kiralik-21-daire-17111493/,,,Boş,Yok,,
69,17111491,04 Nisan 2025,04 Nisan 2025,Konut,Kiralık,Daire,115 m²,125 m²,2+1,5-10,3.Kat,6,Yerden Isıtma,Mülk Sahibi Oturuyor,0 TL,Kat İrtifakı,Hayır,50000 TL,2,,Var,2,Kapalı Balkon,,3,,Genel Fiyat,,1667,25.000TL, Arnavutköy - Anadolu Mahallesi,https://www.emlakjet.com//ilan/metroya-yakin-lux-daire-17111491/,İkinci El,,Boş,,,
70,17111485,04 Nisan 2025,04 Nisan 2025,Konut,Kiralık,Daire,90 m²,100 m²,2+1,21 Ve Üzeri,5.Kat,6,Kombi Doğalgaz,Boş,,Hisseli Tapu,Hayır,,1,,,,,,,,Genel Fiyat,,,17.000TL, Esenler - Fatih Mahallesi,https://www.emlakjet.com//ilan/muhtesem-konumda-tabya-caddesinin-sokaginda-21-kiralik-daire-17111485/,,,Boş,Yok,,
71,17111480,04 Nisan 2025,04 Nisan 2025,Konut,Kiralık,Daire,80 m²,85 m²,2+1,0 (Yeni),4.Kat,4,Kombi Doğalgaz,Boş,,Kat İrtifakı,Hayır,,1,,,,,,,,Genel Fiyat,,,25.000TL, Avcılar - Ambarlı Mahallesi,https://www.emlakjet.com//ilan/guney-emlak-tan-avcilar-ambarli-da-sifir-21-85-m2-kiralik-daire-17111480/,,,Boş,Yok,,
72,17111478,04 Nisan 2025,04 Nisan 2025,Konut,Kiralık,Daire,85 m²,95 m²,2+1,21 Ve Üzeri,3.Kat,5,Kombi Doğalgaz,Boş,,Kat İrtifakı,Hayır,,1,,,,,,,,Genel Fiyat,,,22.000TL, Zeytinburnu - Sümer Mahallesi,https://www.emlakjet.com//ilan/gny-guney-den-sumer-mh-21-95-m-kiralik-daire-17111478/,,,Boş,Yok,,
73,17111190,04 Nisan 2025,04 Nisan 2025,Konut,Kiralık,Daire,80 m²,90 m²,2+1,21 Ve Üzeri,3.Kat,5,Kombi Doğalgaz,Boş,,Arsa Tapulu,Hayır,,1,,,,,,,,Genel Fiyat,,299/A,16.500TL, Küçükçekmece - Halkalı Merkez Mahallesi,https://www.emlakjet.com//ilan/halkali-merkez-mah-21-kiralik-yeni-daire-17111190/,,,,,,
74,17111151,04 Nisan 2025,04 Nisan 2025,Konut,Kiralık,Daire,90 m²,120 m²,2+1,21 Ve Üzeri,Düz Giriş (Zemin),6,Kombi Doğalgaz,Boş,,Kat Mülkiyeti,Hayır,,1,,,,,,,,Genel Fiyat,,,20.000TL, Kartal - Hürriyet Mahallesi,https://www.emlakjet.com//ilan/necip-emlaktan-21-kiralik-daire-17111151/,,,Boş,Yok,,
75,17111148,04 Nisan 2025,04 Nisan 2025,Konut,Kiralık,Daire,110 m²,130 m²,3+1,0 (Yeni),4.Kat,5,Merkezi (Pay Ölçer),Boş,,Kat Mülkiyeti,Hayır,,1,,,,,,,,Genel Fiyat,,,45.000TL, Pendik - Batı Mahallesi,https://www.emlakjet.com//ilan/necip-emlaktan-pendik-merkezde-sifir-31-kiralik-daire-17111148/,,,Boş,Yok,,
76,17111147,04 Nisan 2025,04 Nisan 2025,Konut,Kiralık,Daire,50 m²,65 m²,1+1,5-10,Bahçe Katı,5,Kombi Doğalgaz,Boş,,Kat Mülkiyeti,Hayır,,1,,,,,,,,Genel Fiyat,,,15.000TL, Pendik - Velibaba Mahallesi,https://www.emlakjet.com//ilan/necip-emlaktan-kiralik-11-esyali-daire-pendik-istanbul-17111147/,,,Eşyalı,Yok,,
77,17111063,04 Nisan 2025,04 Nisan 2025,Konut,Kiralık,Daire,80 m²,85 m²,2+1,5-10,Bahçe Katı,3,Kombi Doğalgaz,Boş,,Tapu Kaydı Yok,Hayır,,1,,Yok,,,,,,Genel Fiyat,,,17.000TL, Beylikdüzü - Kavaklı Mahallesi,https://www.emlakjet.com//ilan/kavakli-da-kiralik-butik-site-icinde-giris-kat-daire-21-17111063/,,,Boş,,,
78,17110975,04 Nisan 2025,04 Nisan 2025,Konut,Kiralık,Daire,105 m²,110 m²,2+1,16-20,Düz Giriş (Zemin),2,Kombi Doğalgaz,Boş,0 TL,Kooperatiften Tapu,Hayır,17000 TL,1,,,,,,,,Genel Fiyat,,,17.000TL, Beyoğlu - Örnektepe Mahallesi,https://www.emlakjet.com//ilan/osman-tatlidan-ornektepe-kiralik-21-daire-17110975/,,,,,,
79,17110966,04 Nisan 2025,04 Nisan 2025,Konut,Kiralık,Daire,30 m²,40 m²,Stüdyo,5-10,19.Kat,30,Kombi Doğalgaz,Boş,,Kat İrtifakı,Evet,,1,,,,,,,,Genel Fiyat,,,12.500TL, Esenyurt - Güzelyurt Mahallesi,https://www.emlakjet.com//ilan/e5-ve-metrobuse-yurume-mesafesinde-esyali-10-kiralik-daire-17110966/,,,Eşyalı,Yok,,
80,17110896,04 Nisan 2025,04 Nisan 2025,Konut,Kiralık,Daire,60 m²,75 m²,2+1,3,1.Kat,4,Kombi Doğalgaz,Boş,,Kat Mülkiyeti,Hayır,,1,,,,,,,,Genel Fiyat,,,18.000TL, Sancaktepe - Safa Mahallesi,https://www.emlakjet.com//ilan/yenidogan-merkezde-kiralik-1-kat-21-daire-17110896/,,,Boş,Yok,,
81,17110845,04 Nisan 2025,04 Nisan 2025,Konut,Kiralık,Daire,85 m²,90 m²,2+1,5-10,3.Kat,6,Merkezi Doğalgaz,Boş,50 TL,Yabancıdan,Hayır,13000 TL,1,,Var,,,,,,Genel Fiyat,,,13.000TL, Esenyurt - Talatpaşa Mahallesi,https://www.emlakjet.com//ilan/talatpasa-da-tertemiz-daire-hastaneye-cok-yakinnn-17110845/,,,,,,
82,17110789,04 Nisan 2025,04 Nisan 2025,Konut,Kiralık,Daire,85 m²,90 m²,2+1,16-20,3.Kat,5,Kombi Doğalgaz,Boş,0 TL,Kooperatiften Tapu,Hayır,15000 TL,1,,,,,,,,Genel Fiyat,,,15.000TL, Sultangazi - Uğur Mumcu Mahallesi,https://www.emlakjet.com//ilan/baykal-ins-ugurmumcu-mah-kiralik-daire-17110789/,,,,,,
83,17110657,04 Nisan 2025,04 Nisan 2025,Konut,Kiralık,Daire,72 m²,84 m²,1.5+1,5-10,24.Kat,30,Merkezi (Pay Ölçer),Boş,,Kat Mülkiyeti,Evet,,1,,,,,,,,Genel Fiyat,,,40.000TL, Ataşehir - Küçükbakkalköy Mahallesi,https://www.emlakjet.com//ilan/nova-atasehir-brandium-kdv-avantajli-buyuk-tip-1-51-daire-17110657/,,,Boş,Yok,,
84,17110642,04 Nisan 2025,04 Nisan 2025,Konut,Kiralık,Daire,80 m²,92 m²,2+1,0 (Yeni),4.Kat,5,Kombi Doğalgaz,Boş,,Kat İrtifakı,Hayır,,2,,,,,,,,Genel Fiyat,,,24.000TL, Çekmeköy - Aydınlar Mahallesi,https://www.emlakjet.com//ilan/cekmekoy-aydinlar-mah-ara-kat-asansorlu-balkonlu-17110642/,,,Boş,Yok,,
85,17110640,04 Nisan 2025,04 Nisan 2025,Konut,Kiralık,Daire,50 m²,60 m²,1+1,0 (Yeni),Bahçe Katı,5,Kombi Doğalgaz,Boş,,Kat İrtifakı,Hayır,,1,,,,,,,,Genel Fiyat,,,15.000TL, Çekmeköy - Aydınlar Mahallesi,https://www.emlakjet.com//ilan/muhtesem-konumda-sifir-binada-acik-otoparkli-11-17110640/,,,Boş,Yok,,
86,17110566,04 Nisan 2025,04 Nisan 2025,Konut,Kiralık,Daire,70 m²,100 m²,2+1,0 (Yeni),5.Kat,5,Kombi Doğalgaz,Boş,250 TL,Kat Mülkiyeti,Hayır,30000 TL,Yok,,,,,,,,Genel Fiyat,5986,9,28.000TL, Tuzla - İçmeler Mahallesi,https://www.emlakjet.com//ilan/kiralik-daire-tuzla-icmler-mahallesi-17110566/,,,,,,
87,17110558,04 Nisan 2025,04 Nisan 2025,Konut,Kiralık,Daire,90 m²,100 m²,2+1,3,1.Kat,6,Kombi Doğalgaz,Mülk Sahibi Oturuyor,,Kat Mülkiyeti,Hayır,14000 TL,1,,Var,2,,,1,,Genel Fiyat,,4408,14.000TL, Küçükçekmece - Cennet Mahallesi,https://www.emlakjet.com//ilan/cennet-mah-metrobusun-dibinde-full-esyali-bayan-yanina-bayan-ev-arkadasi-17110558/,İkinci El,,Eşyalı,,,
88,17110555,04 Nisan 2025,04 Nisan 2025,Konut,Kiralık,Daire,100 m²,110 m²,2.5+1,5-10,Yüksek Giriş,4,Kombi Doğalgaz,Boş,,Kat İrtifakı,Hayır,21000 TL,1,,Yok,,,,,,Genel Fiyat,23,10,21.000TL, Sancaktepe - Yenidoğan Mahallesi,https://www.emlakjet.com//ilan/sancaktepe-yenidogan-cadde-uzeri-kiralik-ters-dubleks-17110555/,,,,,,
89,17110485,04 Nisan 2025,04 Nisan 2025,Konut,Kiralık,Daire,73 m²,95 m²,2+1,0 (Yeni),8.Kat,12,Merkezi (Pay Ölçer),Boş,5000 TL,Bilinmiyor,Hayır,,1,,,,,,,,Genel Fiyat,,,75.000TL, Kadıköy - Göztepe Mahallesi,https://www.emlakjet.com//ilan/tanzimat-sokakta-0-binada-21-sitr-konseptli-kiralik-daire-17110485/,Sıfır,Betonarme,,Yok,,
90,17110469,04 Nisan 2025,04 Nisan 2025,Konut,Kiralık,Daire,80 m²,85 m²,2+1,5-10,Kot 2 (-2).Kat,5,Merkezi Doğalgaz,Boş,,Kat Mülkiyeti,Hayır,,1,,,,,,,,Genel Fiyat,1033,35,17.500TL, Esenyurt - Piri Reis Mahallesi,https://www.emlakjet.com//ilan/piri-reis-mahallesinde-21-kiralik-apartman-dairesi-17110469/,,,,,,
91,17110408,04 Nisan 2025,04 Nisan 2025,Konut,Kiralık,Daire,100 m²,115 m²,3+1,4,1.Kat,4,Kombi Doğalgaz,Boş,0 TL,Tapu Kaydı Yok,Hayır,25000 TL,1,,Var,2,Kapalı Balkon,,,,Genel Fiyat,,,25.000TL, Sultangazi - İsmetpaşa Mahallesi,https://www.emlakjet.com//ilan/balci-gayrimenkulden-31-luks-aciklamayi-okuyunuz-17110408/,,,,,,
92,17110407,04 Nisan 2025,04 Nisan 2025,Konut,Kiralık,Daire,95 m²,110 m²,2+1,11-15,2.Kat,3,Kombi Doğalgaz,Boş,200 TL,Kat Mülkiyeti,Hayır,15000 TL,1,,Var,1,,,1,,Genel Fiyat,2102,38,15.000TL, Esenyurt - Yunus Emre Mahallesi,https://www.emlakjet.com//ilan/mandira-caddesine-yakin-yunus-emre-mah-kiralik-21-arakat-daire-17110407/,İkinci El,Betonarme,Boş,Yok,Evet,
93,17110325,04 Nisan 2025,04 Nisan 2025,Konut,Kiralık,Daire,50 m²,55 m²,1+1,3,5.Kat,5,Kombi Doğalgaz,Boş,250 TL,Kat Mülkiyeti,Hayır,50000 TL,1,,Var,1,Açık Teras,,1,,Genel Fiyat,241,23,42.000TL, Üsküdar - Mimar Sinan Mahallesi,https://www.emlakjet.com//ilan/as-emlaktan-11yeni-binada-deniz-manzarali-full-esyali-lux-daire-17110325/,İkinci El,Betonarme,Eşyalı,Yok,Evet,
94,17110318,04 Nisan 2025,04 Nisan 2025,Konut,Kiralık,Daire,76 m²,95 m²,2+1,0 (Yeni),9.Kat,11,Kombi Doğalgaz,Boş,,Bilinmiyor,Hayır,,1,,,,,,,,Genel Fiyat,7303,2,30.000TL, Tuzla - Yayla Mahallesi,https://www.emlakjet.com//ilan/tuzla-sehiyaz-sitesinde-kiralik-daire-17110318/,,,,,,
95,17110253,04 Nisan 2025,04 Nisan 2025,Konut,Kiralık,Daire,85 m²,90 m²,2+1,5-10,3.Kat,4,Kombi Doğalgaz,Boş,250 TL,Kat Mülkiyeti,Hayır,60000 TL,1,,Var,1,Açık Balkon,,1,,Genel Fiyat,15477,14,30.000TL, Maltepe - Fındıklı Mahallesi,https://www.emlakjet.com//ilan/findikli-mah-cinar-cad-21-esyali-luks-kiralik-daire-17110253/,,,Eşyalı,,Evet,
96,17110211,04 Nisan 2025,04 Nisan 2025,Konut,Kiralık,Daire,100 m²,110 m²,2+1,21 Ve Üzeri,Yüksek Giriş,3,Kombi Doğalgaz,Boş,,Hisseli Tapu,Hayır,,1,,,,,,,,Genel Fiyat,15425,3,20.000TL, Maltepe - Zümrütevler Mahallesi,https://www.emlakjet.com//ilan/maltepe-emek-cad-uzerinde-21-duz-giris-100-m2-ferah-daire-17110211/,,,,,,
97,17110206,04 Nisan 2025,04 Nisan 2025,Konut,Kiralık,Daire,70 m²,80 m²,2+1,0 (Yeni),3.Kat,4,Kombi Doğalgaz,Boş,,Kat İrtifakı,Hayır,,1,,,,,,,,Genel Fiyat,,8600,26.000TL, Ümraniye - Madenler Mahallesi,https://www.emlakjet.com//ilan/umraniye-madenler-de-super-konumlu-kiralik-sifir-arakat-akkaya-dan-17110206/,,,,,,
98,17110157,04 Nisan 2025,04 Nisan 2025,Konut,Kiralık,Daire,130 m²,150 m²,3+1,21 Ve Üzeri,4.Kat,5,Kombi Doğalgaz,Kiracı Oturuyor,,Kat Mülkiyeti,Hayır,,1,,,,,,,,Genel Fiyat,533,7,50.000TL, Üsküdar - Sultantepe Mahallesi,https://www.emlakjet.com//ilan/uskudar-icadiye-sultantepe-mukemmel-lokasyonda-150-m2-31-17110157/,,,,,,
99,17110151,04 Nisan 2025,04 Nisan 2025,Konut,Kiralık,Daire,120 m²,130 m²,3+1,16-20,1.Kat,5,Kombi Doğalgaz,Boş,0 TL,Kooperatiften Tapu,Hayır,18000 TL,1,,Var,,,,,,Genel Fiyat,,,18.000TL, Sultangazi - Cebeci Mahallesi,https://www.emlakjet.com//ilan/baykal-ins-cebeci-mah-kiralik-daire-17110151/,,,,,,
100,17110151,04 Nisan 2025,04 Nisan 2025,Konut,Kiralık,Daire,120 m²,130 m²,3+1,16-20,1.Kat,5,Kombi Doğalgaz,Boş,0 TL,Kooperatiften Tapu,Hayır,18000 TL,1,,Var,,,,,,Genel Fiyat,,,18.000TL, Sultangazi - Cebeci Mahallesi,https://www.emlakjet.com//ilan/baykal-ins-cebeci-mah-kiralik-daire-17110151/,,,,,,
101,17110075,04 Nisan 2025,04 Nisan 2025,Konut,Kiralık,Daire,100 m²,140 m²,2+1,5-10,Yüksek Giriş,3,Kombi Doğalgaz,Boş,,Kat İrtifakı,Hayır,,2,,,,,,,,Genel Fiyat,,,15.000TL, Arnavutköy - Haraççı Mahallesi,https://www.emlakjet.com//ilan/haracci-merkez-mahallesi-nde-oturuma-hazir-kiralik-17110075/,,,Boş,Yok,,
102,17110049,04 Nisan 2025,04 Nisan 2025,Konut,Kiralık,Daire,90 m²,100 m²,2+1,16-20,Yüksek Giriş,5,Kombi Doğalgaz,Boş,0 TL,Kooperatiften Tapu,Hayır,16000 TL,1,,,,,,,,Genel Fiyat,,,16.000TL, Sultangazi - Esentepe Mahallesi,https://www.emlakjet.com//ilan/baykal-ins-esentepe-mah-kiralik-yuksek-giris-17110049/,,,,,,
103,17109529,04 Nisan 2025,04 Nisan 2025,Konut,Kiralık,Daire,75 m²,80 m²,2+1,11-15,Bahçe Katı,5,Kombi Doğalgaz,Boş,,Kooperatiften Tapu,Hayır,20000 TL,1,5 m²,Var,1,Açık Teras,15 m²,1,5 m²,Genel Fiyat,,,20.000TL, Ümraniye - Armağanevler Mahallesi,https://www.emlakjet.com//ilan/umraniye-armaganevler-cakmak-bolgesi-17109529/,İkinci El,Betonarme,Boş,Yok,Hayır,13 m²
104,17109528,04 Nisan 2025,04 Nisan 2025,Konut,Kiralık,Daire,65 m²,70 m²,1+1,21 Ve Üzeri,2.Kat,6,Kombi Doğalgaz,Boş,,Hisseli Tapu,Hayır,,1,,,,,,,,Genel Fiyat,,,16.000TL, Güngören - Gençosman Mahallesi,https://www.emlakjet.com//ilan/gencosman-mh-kiralik-11-daire-metro-ya-ve-bagcilar-hast-yakin-17109528/,,,Boş,Yok,,
105,17109422,04 Nisan 2025,04 Nisan 2025,Konut,Kiralık,Daire,90 m²,95 m²,2+1,16-20,2.Kat,5,Kombi Doğalgaz,Boş,,Tapu Kaydı Yok,Hayır,2 TL,1,,Var,1,Kapalı Balkon,,1,,Genel Fiyat,,,25.000TL, Beyoğlu - Kadımehmet Efendi Mahallesi,https://www.emlakjet.com//ilan/beyoglu-kadimehmet-rixos-hotel-halic-porta-yakin-dogalgazli-21-daire-90m2-17109422/,İkinci El,Betonarme,Boş,Yok,,
106,17109317,04 Nisan 2025,04 Nisan 2025,Konut,Kiralık,Daire,60 m²,80 m²,2+1,3,1.Kat,13,Yerden Isıtma,Boş,,Kat Mülkiyeti,Hayır,,1,,,,,,,,Genel Fiyat,,2636,32.500TL, Ataşehir - İnönü Mahallesi,https://www.emlakjet.com//ilan/inonu-mah-selection-proje-de-21-kiralik-daire-17109317/,,,,,,
107,17109198,04 Nisan 2025,04 Nisan 2025,Konut,Kiralık,Daire,55 m²,70 m²,1+1,5-10,2.Kat,6,Kombi Doğalgaz,Boş,,Kat Mülkiyeti,Hayır,,1,,,,,,,,Genel Fiyat,384,2,20.000TL, Esenyurt - Mehmet Akif Ersoy Mahallesi,https://www.emlakjet.com//ilan/atlas-grup-dan-11-kiralik-ofis-daire-17109198/,,,,,,
108,17108940,04 Nisan 2025,04 Nisan 2025,Konut,Kiralık,Daire,70 m²,85 m²,2+1,21 Ve Üzeri,Kot 3 (-3).Kat,5,Kombi Doğalgaz,Boş,,Kat İrtifakı,Evet,,1,,,,,,,,Genel Fiyat,,2484,20.000TL, Ataşehir - İnönü Mahallesi,https://www.emlakjet.com//ilan/erbilay-gayrimenkul-den-ozlem-sitesinde-21-kiralik-daire-17108940/,,,,,,
109,17108929,04 Nisan 2025,04 Nisan 2025,Konut,Kiralık,Daire,60 m²,65 m²,1+1,0 (Yeni),5.Kat,5,Kombi Doğalgaz,Boş,,Kat İrtifakı,Hayır,,1,,,,,,,,Genel Fiyat,,,30.000TL, Üsküdar - Valide,https://www.emlakjet.com//ilan/deluxe-26-dan-sifir-binada-asansorlu-terasli-11-60-m2-daire-17108929/,,,Boş,Yok,,
110,17108909,04 Nisan 2025,04 Nisan 2025,Konut,Kiralık,Daire,75 m²,85 m²,2+1,2,1.Kat,4,Kombi Doğalgaz,Boş,,Bilinmiyor,Hayır,,1,,,,,,,,Genel Fiyat,,,18.000TL, Arnavutköy - Anadolu Mahallesi,https://www.emlakjet.com//ilan/has-evim-yapidan-arnavutkoy-merkeze-yakin-kiralik-85-mt-21-daire-metro-yakin-17108909/,İkinci El,Betonarme,,Yok,,
111,17108728,04 Nisan 2025,04 Nisan 2025,Konut,Kiralık,Daire,105 m²,110 m²,3+1,21 Ve Üzeri,3.Kat,5,Kombi Doğalgaz,Boş,,Kat İrtifakı,Hayır,,1,,,,,,,,Genel Fiyat,,,28.000TL, Ümraniye - Atakent Mahallesi,https://www.emlakjet.com//ilan/dogustan-atakent-mahallesinde-kiralik-daire-110-m-31-28-000-17108728/,,,Boş,Yok,,
112,17108714,04 Nisan 2025,04 Nisan 2025,Konut,Kiralık,Daire,110 m²,140 m²,2.5+1,4,8.Kat,9,Merkezi (Pay Ölçer),Boş,,Kat İrtifakı,Evet,,2,,,,,,,,Genel Fiyat,,,34.000TL, Pendik - Yayalar Mahallesi,https://www.emlakjet.com//ilan/dialog-loca-dan-deniz-manzarali-metronun-yaninda-2-51-kiralik-17108714/,,,Boş,Yok,,
113,17108585,04 Nisan 2025,04 Nisan 2025,Konut,Kiralık,Daire,40 m²,50 m²,1+1,5-10,Yüksek Giriş,5,Kombi Doğalgaz,Boş,,Kat Mülkiyeti,Hayır,,1,,,,,,,,Genel Fiyat,6572,17,18.500TL, Kağıthane - Harmantepe Mahallesi,https://www.emlakjet.com//ilan/yilmazturk-den-full-esyali-11-kiralik-temiz-daire-17108585/,,,,,,
114,17108369,04 Nisan 2025,04 Nisan 2025,Konut,Kiralık,Daire,95 m²,100 m²,2+1,5-10,1.Kat,3,Kombi Doğalgaz,Boş,,Yabancıdan,Hayır,,1,,Var,,,,,,Genel Fiyat,,,21.500TL, Beylikdüzü - Kavaklı Mahallesi,https://www.emlakjet.com//ilan/kavakli-merkezde-kiralik-21-daire-17108369/,,,Boş,,,
115,17108341,04 Nisan 2025,04 Nisan 2025,Konut,Kiralık,Daire,130 m²,140 m²,3+1,4,4.Kat,5,Merkezi (Pay Ölçer),Boş,,Kat Mülkiyeti,Evet,,2,,,,,,,,Genel Fiyat,,,30.000TL, Esenyurt - Zafer Mahallesi,https://www.emlakjet.com//ilan/radius-residence-31-esyali-lux-kiralik-daire-17108341/,,,Eşyalı,Yok,,
116,17108338,04 Nisan 2025,04 Nisan 2025,Konut,Kiralık,Daire,60 m²,70 m²,1+1,3,15.Kat,27,Kombi Doğalgaz,Boş,,Kat İrtifakı,Evet,,1,,,,,,,,Genel Fiyat,,,18.000TL, Esenyurt - Orhan Gazi Mahallesi,https://www.emlakjet.com//ilan/semt-bahcekent-sitesinde-11-70m2-masrafsiz-kiralik-daire-17108338/,,,Boş,Yok,,
117,17108324,04 Nisan 2025,04 Nisan 2025,Konut,Kiralık,Daire,140 m²,160 m²,3+1,5-10,4.Kat,4,Kombi Doğalgaz,Boş,,Kat İrtifakı,Evet,,2,,,,,,,,Genel Fiyat,,,18.000TL, Arnavutköy - Fatih Mahallesi,https://www.emlakjet.com//ilan/arnavutkoy-tasoluk-site-ici-temiz-31-dublex-daire-17108324/,,,Boş,Yok,,
118,17108321,04 Nisan 2025,04 Nisan 2025,Konut,Kiralık,Daire,140 m²,160 m²,4+1,5-10,4.Kat,4,Kombi Doğalgaz,Boş,,Kat İrtifakı,Evet,,2,,,,,,,,Genel Fiyat,,,19.000TL, Arnavutköy - Fatih Mahallesi,https://www.emlakjet.com//ilan/arn-tasolukta-ana-cadde-uzerinde-site-ici-41-dublex-17108321/,,,Boş,Yok,,
119,17108316,04 Nisan 2025,04 Nisan 2025,Konut,Kiralık,Daire,40 m²,50 m²,1+1,0 (Yeni),Bahçe Katı,5,Kombi Doğalgaz,Boş,,Kat Mülkiyeti,Hayır,,1,,,,,,,,Genel Fiyat,,,15.000TL, Bahçelievler - Zafer Mahallesi,https://www.emlakjet.com//ilan/demirkol-insaat-yenibosnada-11-50-m2-kiralik-daire-17108316/,,,Boş,Yok,,
120,17108304,04 Nisan 2025,04 Nisan 2025,Konut,Kiralık,Daire,110 m²,120 m²,2+1,16-20,3.Kat,4,Kombi Doğalgaz,Boş,,Kooperatiften Tapu,Hayır,,1,,,,,,,,Genel Fiyat,,,20.000TL, Sultangazi - Sultançiftliği Mahallesi,https://www.emlakjet.com//ilan/kiralik-esyali-daire-17108304/,,,,Yok,,
121,17108295,04 Nisan 2025,04 Nisan 2025,Konut,Kiralık,Daire,50 m²,55 m²,1+1,0 (Yeni),2.Kat,4,Kombi Doğalgaz,Boş,500 TL,Kat Mülkiyeti,Hayır,32000 TL,1,,Yok,,,,1,,Genel Fiyat,179,46,32.000TL, Üsküdar - Valide,https://www.emlakjet.com//ilan/as-emlak-tan-11-sifir-baglarbasi-caddeye-metroya-yakin-daire-17108295/,Sıfır,Betonarme,Boş,Yok,Evet,
122,17108265,04 Nisan 2025,04 Nisan 2025,Konut,Kiralık,Daire,105 m²,125 m²,3+1,0 (Yeni),4.Kat,5,Kombi Doğalgaz,Boş,,Kat İrtifakı,Hayır,,1,,,,,,,,Genel Fiyat,,,35.000TL, Kartal - Hürriyet Mahallesi,https://www.emlakjet.com//ilan/ultra-lux-cokkullanisli-17108265/,,,Boş,Yok,,
123,17108262,04 Nisan 2025,04 Nisan 2025,Konut,Kiralık,Daire,75 m²,90 m²,2+1,11-15,Yüksek Giriş,5,Kombi Doğalgaz,Boş,,Kat Mülkiyeti,Hayır,,1,,,,,,,,Genel Fiyat,,,18.000TL, Kartal - Hürriyet Mahallesi,https://www.emlakjet.com//ilan/remlaks-tan-kiralik-metroya-15-dakika-21-daire-17108262/,,,Boş,Yok,,
124,17108229,04 Nisan 2025,04 Nisan 2025,Konut,Kiralık,Daire,75 m²,85 m²,2+1,21 Ve Üzeri,4.Kat,4,Sobalı,Boş,,Müstakil Tapulu,Hayır,,1,,,,,,,,Genel Fiyat,,,20.000TL, Ataşehir - Mustafa Kemal Mahallesi,https://www.emlakjet.com//ilan/merkezi-konumda-esyali-onu-acik-kiralik-21-daire-17108229/,,,Eşyalı,Yok,,
125,17108213,04 Nisan 2025,04 Nisan 2025,Konut,Kiralık,Daire,110 m²,125 m²,3+1,21 Ve Üzeri,Düz Giriş (Zemin),3,Kombi Doğalgaz,Boş,,Hisseli Tapu,Hayır,,1,,,,,,,,Genel Fiyat,,,18.000TL, Ataşehir - Barbaros Mahallesi,https://www.emlakjet.com//ilan/atasehir-barbaros-mahallesinde-kiralik-31-daire-17108213/,,,Boş,Yok,,
126,17108189,04 Nisan 2025,04 Nisan 2025,Konut,Kiralık,Daire,85 m²,90 m²,2+1,5-10,4.Kat,25,Merkezi (Pay Ölçer),Boş,,Kat Mülkiyeti,Evet,25000 TL,2,,Var,1,Fransız Balkon,,1,,Genel Fiyat,498,4,26.000TL, Esenyurt - Güzelyurt Mahallesi,https://www.emlakjet.com//ilan/esenyurt-guzelyurt-haramidere-mahallesi-21-full-esyali-kiralik-daire-delta-deluxe-sitesinde-17108189/,İkinci El,Betonarme,Eşyalı,Yok,Hayır,
127,17108140,04 Nisan 2025,04 Nisan 2025,Konut,Kiralık,Daire,170 m²,200 m²,5+1,4,Çatı Dubleks,4,Kombi Doğalgaz,Boş,,Kat Mülkiyeti,Hayır,,3,,,,,,,,Genel Fiyat,414,5,72.000TL, Bakırköy - Zuhuratbaba Mahallesi,https://www.emlakjet.com//ilan/marcity-den-bakirkoy-zuhuratbaba-da-4-yillik-binada-51-dublex-17108140/,,,,,,
128,17108067,04 Nisan 2025,04 Nisan 2025,Konut,Kiralık,Daire,80 m²,95 m²,2+1,5-10,4.Kat,6,Merkezi Doğalgaz,Boş,600 TL,Kat Mülkiyeti,Hayır,45000 TL,1,,,,,,,,Genel Fiyat,15609,4,45.000TL, Maltepe - Aydınevler Mahallesi,https://www.emlakjet.com//ilan/cevik-ten-maltepe-aydinevler-de-esyali-kiralik-21-daire-17108067/,,,,,,
129,17108059,04 Nisan 2025,04 Nisan 2025,Konut,Kiralık,Daire,135 m²,156 m²,3+1,16-20,5.Kat,6,Kombi Doğalgaz,Boş,,Kat Mülkiyeti,Hayır,,1,,,,,,,,Genel Fiyat,398,2,25.000TL, Başakşehir - Bahçeşehir 2. Kısım Mahallesi,https://www.emlakjet.com//ilan/polat-emlak-dan-bahcesehir-2-kisim-31-kiralik-daire-17108059/,,,,,,
130,17107919,04 Nisan 2025,04 Nisan 2025,Konut,Kiralık,Daire,130 m²,150 m²,3+1,21 Ve Üzeri,1.Kat,5,Kombi Doğalgaz,Boş,,Bilinmiyor,Hayır,,2,,,,,,,,Genel Fiyat,,,24.500TL, Bahçelievler - Hürriyet Mahallesi,https://www.emlakjet.com//ilan/bahcelievler-hurriyet-kiralik-temiz-bakimli-boyali-31-daire-17107919/,,,,Yok,,
131,17107847,04 Nisan 2025,04 Nisan 2025,Konut,Kiralık,Daire,48 m²,52 m²,Stüdyo,5-10,9.Kat,15,Merkezi Doğalgaz,Boş,,Kat Mülkiyeti,Hayır,,1,,,,,,,,Genel Fiyat,1060,9,13.000TL, Esenyurt - Barbaros Hayrettin Paşa Mahallesi,https://www.emlakjet.com//ilan/turkbuku-residence-da-ulasima-10-dk-10-9-kat-kiralik-daire-17107847/,,,,,,
132,17107824,04 Nisan 2025,04 Nisan 2025,Konut,Kiralık,Daire,90 m²,95 m²,3+1,16-20,2.Kat,3,Kombi Doğalgaz,Boş,,Kooperatiften Tapu,Hayır,,2,,,,,,,,Genel Fiyat,,,20.000TL, Ümraniye - Huzur Mahallesi,https://www.emlakjet.com//ilan/metroya-yurume-5-dk-harika-31-ferah-daire-17107824/,,,Boş,Yok,,
133,17107822,04 Nisan 2025,04 Nisan 2025,Konut,Kiralık,Daire,55 m²,60 m²,1+1,4,Bahçe Katı,4,Kombi Doğalgaz,Boş,,Kat Mülkiyeti,Hayır,,1,,,,,,,,Genel Fiyat,,,18.500TL, Ümraniye - Huzur Mahallesi,https://www.emlakjet.com//ilan/huzur-mah-esyali-kiralik-11-daire-17107822/,,,Eşyalı,Yok,,
134,17107773,04 Nisan 2025,04 Nisan 2025,Konut,Kiralık,Daire,85 m²,95 m²,2+1,21 Ve Üzeri,5.Kat,5,Kombi Doğalgaz,Boş,,Kat İrtifakı,Hayır,,1,,,,,,,,Genel Fiyat,,,20.000TL, Avcılar - Gümüşpala Mahallesi,https://www.emlakjet.com//ilan/akademi-emlak-tan-21-kiralik-metrobus-sokagin-da-ici-yapili-17107773/,,,Boş,Yok,,
135,17107651,04 Nisan 2025,04 Nisan 2025,Konut,Kiralık,Daire,60 m²,70 m²,2+1,0 (Yeni),2.Kat,6,Kombi Doğalgaz,Boş,,Kat Mülkiyeti,Hayır,,1,,,,,,,,Genel Fiyat,15347,25,37.000TL, Maltepe - İdealtepe Mahallesi,https://www.emlakjet.com//ilan/idealtepede-kiralik-21-sifir-daire-17107651/,,,,,,
136,17107616,04 Nisan 2025,04 Nisan 2025,Konut,Kiralık,Daire,120 m²,140 m²,3+1,21 Ve Üzeri,3.Kat,5,Kombi Doğalgaz,Boş,300 TL,Bilinmiyor,Hayır,,1,,,,,,,,Genel Fiyat,,,35.000TL, Kartal - Orhantepe Mahallesi,https://www.emlakjet.com//ilan/dragos-sahilde-kiralik-31daire-17107616/,İkinci El,Betonarme,,Yok,,
137,17107592,04 Nisan 2025,04 Nisan 2025,Konut,Kiralık,Daire,65 m²,70 m²,1+1,5-10,Kot 1 (-1).Kat,4,Kombi Doğalgaz,Boş,,Kat Mülkiyeti,Hayır,,1,,,,,,,,Genel Fiyat,,,17.000TL, Arnavutköy - İslambey Mahallesi,https://www.emlakjet.com//ilan/homeland-den-full-sifir-esyali-havalimani-15-dk-ferah-daire-11-17107592/,,,Eşyalı,Yok,,
138,17107590,04 Nisan 2025,04 Nisan 2025,Konut,Kiralık,Daire,110 m²,120 m²,4+1,0 (Yeni),3.Kat,3,Kombi Doğalgaz,Boş,,Kat Mülkiyeti,Hayır,,2,,,,,,,,Genel Fiyat,,,35.000TL, Şişli - Mecidiyeköy Mahallesi,https://www.emlakjet.com//ilan/homeland-den-yeni-binada-full-gunes-alan-ferah-daire-41-dublex-17107590/,,,Boş,Yok,,
139,17107541,04 Nisan 2025,04 Nisan 2025,Konut,Kiralık,Daire,140 m²,160 m²,3+1,21 Ve Üzeri,1.Kat,5,Kombi Doğalgaz,Boş,,Kat Mülkiyeti,Hayır,,2,,,,,,,,Genel Fiyat,,,25.000TL, Büyükçekmece - Fatih Mahallesi,https://www.emlakjet.com//ilan/b-cekmece-fatih-mah-140m2-arakat-kiralik-daire-17107541/,,,Boş,Yok,,
140,17107534,04 Nisan 2025,04 Nisan 2025,Konut,Kiralık,Daire,79 m²,96 m²,1+1,0 (Yeni),2.Kat,7,Merkezi Doğalgaz,Boş,,Bilinmiyor,Hayır,,2,,,,,,,,Genel Fiyat,,,225.000TL, Beşiktaş - Nisbetiye Mahallesi,https://www.emlakjet.com//ilan/etiler-yeni-proje-de-kiralik-11-17107534/,,,,Yok,,
141,17107533,04 Nisan 2025,04 Nisan 2025,Konut,Kiralık,Daire,70 m²,80 m²,1+1,21 Ve Üzeri,1.Kat,3,Kombi Doğalgaz,Boş,,Hisseli Tapu,Hayır,,1,,,,,,,,Genel Fiyat,,,18.000TL, Ataşehir - Mustafa Kemal Mahallesi,https://www.emlakjet.com//ilan/atasehir-de-cadde-uzerinde-kiralik-11-ara-kat-daire-17107533/,,,Boş,Yok,,
142,17107527,04 Nisan 2025,04 Nisan 2025,Konut,Kiralık,Daire,50 m²,75 m²,1+1,5-10,1.Kat,8,Merkezi (Pay Ölçer),Boş,,Kat Mülkiyeti,Evet,,1,,,,,,,,Genel Fiyat,,,25.000TL, Tuzla - Aydıntepe Mahallesi,https://www.emlakjet.com//ilan/evora-istanbul-tuzla-ful-esyali-kiralik-11-17107527/,,,Eşyalı,Yok,,
143,17107463,04 Nisan 2025,04 Nisan 2025,Konut,Kiralık,Daire,106 m²,125 m²,3+1,21 Ve Üzeri,2.Kat,3,Kombi Doğalgaz,Boş,,Kat Mülkiyeti,Hayır,,1,,,,,,,,Genel Fiyat,,,39.000TL, Üsküdar - Altunizade Mahallesi,https://www.emlakjet.com//ilan/altunizade-de-merkezi-konumda-bos-31-kiralik-daire-17107463/,,,Boş,Yok,,
144,17107428,04 Nisan 2025,04 Nisan 2025,Konut,Kiralık,Daire,110 m²,125 m²,3+1,0 (Yeni),1.Kat,5,Kombi Doğalgaz,Boş,,Kat Mülkiyeti,Hayır,,2,,,,,,,,Genel Fiyat,,,38.000TL, Tuzla - Yayla Mahallesi,https://www.emlakjet.com//ilan/t-r-gayrimenkul-den-aileye-kiralik-sifir-31-daire-17107428/,,,Boş,Yok,,
145,17107414,04 Nisan 2025,04 Nisan 2025,Konut,Kiralık,Daire,65 m²,88 m²,2+1,0 (Yeni),4.Kat,4,Kombi Doğalgaz,Boş,,Kat İrtifakı,Hayır,,1,,,,,,,,Genel Fiyat,,,27.500TL, Ümraniye - Madenler Mahallesi,https://www.emlakjet.com//ilan/cekmekoy-metro-duragi-dibinde-kiralik-iskanli-sifir-21-daire-17107414/,,,Boş,Yok,,
146,17107412,04 Nisan 2025,04 Nisan 2025,Konut,Kiralık,Daire,75 m²,85 m²,2+1,11-15,1.Kat,5,Kombi Doğalgaz,Boş,,Kat İrtifakı,Hayır,,1,,,,,,,,Genel Fiyat,,,28.000TL, Ümraniye - Mehmet Akif Mahallesi,https://www.emlakjet.com//ilan/mehmet-akif-te-kiralik-temiz-21-daire-17107412/,,,Boş,Yok,,
147,17107390,04 Nisan 2025,04 Nisan 2025,Konut,Kiralık,Daire,80 m²,95 m²,2+1,21 Ve Üzeri,1.Kat,4,Kombi Doğalgaz,Boş,250 TL,Bilinmiyor,Hayır,,1,,,,,,,,Genel Fiyat,,,38.000TL, Şişli - İnönü Mahallesi,https://www.emlakjet.com//ilan/sisli-fransiz-kolejine-yakin-esyali-21-ara-kat-17107390/,,,Eşyalı,Yok,,
148,17107331,04 Nisan 2025,04 Nisan 2025,Konut,Kiralık,Daire,125 m²,130 m²,3+0,21 Ve Üzeri,4.Kat,5,Kombi Doğalgaz,Boş,150 TL,Bilinmiyor,Hayır,,2,,,,,,,,Genel Fiyat,,,35.000TL, Kağıthane - Sultan Selim Mahallesi,https://www.emlakjet.com//ilan/garanti-gayrimenkul-den-ana-cadde-ustunde-genis-daire-17107331/,İkinci El,Betonarme,,Yok,,
149,17107327,04 Nisan 2025,04 Nisan 2025,Konut,Kiralık,Daire,90 m²,95 m²,2+1,21 Ve Üzeri,1.Kat,5,Kombi Doğalgaz,Boş,,Kat İrtifakı,Hayır,,1,,,,,,,,Genel Fiyat,,,18.000TL, Sultangazi - Gazi Mahallesi,https://www.emlakjet.com//ilan/arzu-emlak-tan-gazi-mah-kiralik-21-90m2-balkonlu-ara-kat-daire-17107327/,,,Boş,Yok,,
150,17107268,04 Nisan 2025,04 Nisan 2025,Konut,Kiralık,Daire,85 m²,95 m²,2+1,4,3.Kat,5,Kombi Doğalgaz,Boş,150 TL,Bilinmiyor,Hayır,,1,,,,,,,,Genel Fiyat,,,14.000TL, Esenyurt - Selahaddin Eyyubi Mahallesi,https://www.emlakjet.com//ilan/selahaddin-eyyubi-mah-kiralik-21-balkonlu-daire-17107268/,İkinci El,Betonarme,,Yok,,
151,17107267,04 Nisan 2025,04 Nisan 2025,Konut,Kiralık,Daire,50 m²,84 m²,1+1,5-10,2.Kat,9,Merkezi (Pay Ölçer),Boş,,Kat Mülkiyeti,Evet,,1,,,,,,,,Genel Fiyat,,,25.000TL, Tuzla - Aydıntepe Mahallesi,https://www.emlakjet.com//ilan/era-yildizlar-evora-istanbul-tuzla-e-parsel-kat-bahce-84-m2-11-17107267/,,,Boş,Yok,,
152,17107176,04 Nisan 2025,04 Nisan 2025,Konut,Kiralık,Daire,75 m²,90 m²,3+1,11-15,Yüksek Giriş,3,Kombi Doğalgaz,Boş,,Kat Mülkiyeti,Hayır,,1,,,,,,,,Genel Fiyat,,,29.000TL, Ataşehir - Örnek Mahallesi,https://www.emlakjet.com//ilan/bos-hemen-tasin-31-aileye-bekara-ogrenciye-kiralik-daire-17107176/,,,Boş,Yok,,
153,17107118,04 Nisan 2025,04 Nisan 2025,Konut,Kiralık,Daire,80 m²,106 m²,2+1,11-15,3.Kat,14,Merkezi (Pay Ölçer),Boş,,Kat Mülkiyeti,Evet,,2,,,,,,,,Genel Fiyat,,,28.000TL, Pendik - Çamçeşme Mahallesi,https://www.emlakjet.com//ilan/pendik-ataman-karina-sitesi-21-kiralik-daire-17107118/,,,Boş,Yok,,
154,17107097,04 Nisan 2025,04 Nisan 2025,Konut,Kiralık,Daire,80 m²,90 m²,2+1,21 Ve Üzeri,2.Kat,4,Merkezi Doğalgaz,Boş,,Kat Mülkiyeti,Hayır,,1,,,,,,,,Genel Fiyat,,,21.500TL, Pendik - Doğu Mahallesi,https://www.emlakjet.com//ilan/erogul-gayrimenkul-den-ici-yapili-temiz-21-daire-17107097/,,,Boş,Yok,,
155,17107095,04 Nisan 2025,04 Nisan 2025,Konut,Kiralık,Daire,80 m²,95 m²,2+1,21 Ve Üzeri,3.Kat,5,Kombi Doğalgaz,Boş,,Kat Mülkiyeti,Hayır,,1,,,,,,,,Genel Fiyat,,,18.500TL, Fatih - İskenderpaşa Mahallesi,https://www.emlakjet.com//ilan/aksaray-metro-yaninda-yeni-boyali-ara-kat-daire-17107095/,,,Boş,Yok,,
156,17107086,04 Nisan 2025,04 Nisan 2025,Konut,Kiralık,Daire,70 m²,85 m²,2.5+1,3,2.Kat,3,Kombi Doğalgaz,Boş,,Kat Mülkiyeti,Hayır,,1,,,,,,,,Genel Fiyat,,,28.000TL, Eyüpsultan - Emniyettepe Mahallesi,https://www.emlakjet.com//ilan/eyup-emniyettepe-halic-bilgi-uni-metro-tramvay-yani-esyali-21-17107086/,,,Eşyalı,Yok,,
157,17107084,04 Nisan 2025,04 Nisan 2025,Konut,Kiralık,Daire,65 m²,75 m²,2+1,11-15,Kot 2 (-2).Kat,5,Kombi Doğalgaz,Boş,,Kat Mülkiyeti,Hayır,,1,,,,,,,,Genel Fiyat,,,18.500TL, Eyüpsultan - Esentepe Mahallesi,https://www.emlakjet.com//ilan/feyz-ev-den-bezmialem-hastane-arkasi-mukemmel-konum-21-esyali-17107084/,,,Eşyalı,Yok,,
158,17107047,04 Nisan 2025,04 Nisan 2025,Konut,Kiralık,Daire,80 m²,90 m²,2+1,1,3.Kat,4,Kombi Doğalgaz,Boş,,Kat Mülkiyeti,Hayır,,1,,,,,,,,Genel Fiyat,,,30.000TL, Avcılar - Ambarlı Mahallesi,https://www.emlakjet.com//ilan/ozan-dan-avcilar-sitelerde-yeni-bina-da-21-daire-17107047/,,,Boş,Yok,,
159,17107046,04 Nisan 2025,04 Nisan 2025,Konut,Kiralık,Daire,55 m²,65 m²,2+1,21 Ve Üzeri,2.Kat,3,Kombi Doğalgaz,Boş,,Kat Mülkiyeti,Hayır,,1,,,,,,,,Genel Fiyat,,,22.500TL, Fatih - Cerrahpaşa Mahallesi,https://www.emlakjet.com//ilan/ozan-dan-cerrahpasa-hastanesi-karsisinda-ara-kat-esyali-daire-17107046/,,,Eşyalı,Yok,,
160,17107037,04 Nisan 2025,04 Nisan 2025,Konut,Kiralık,Daire,67 m²,98 m²,2+1,5-10,4.Kat,7,Merkezi (Pay Ölçer),Mülk Sahibi Oturuyor,,Kat Mülkiyeti,Evet,,2,,,,,,,,Genel Fiyat,,,37.500TL, Pendik - Çamlık Mahallesi,https://www.emlakjet.com//ilan/dnz-kurtkoy-de-ebv-banyolu-kiralik-21-daire-17107037/,,,Boş,Yok,,
161,17107013,04 Nisan 2025,04 Nisan 2025,Konut,Kiralık,Daire,110 m²,120 m²,3+1,11-15,Kot 1 (-1).Kat,7,Kombi Doğalgaz,Boş,,Kat Mülkiyeti,Evet,,1,,,,,,,,Genel Fiyat,,,30.000TL, Arnavutköy - Mustafa Kemal Paşa Mahallesi,https://www.emlakjet.com//ilan/kiralik-31-esyali-daire-kiptas-konutlarinda-17107013/,,,Eşyalı,Yok,,
162,17106904,04 Nisan 2025,04 Nisan 2025,Konut,Kiralık,Daire,50 m²,72 m²,1+1,3,4.Kat,27,Merkezi (Pay Ölçer),Boş,,Kat Mülkiyeti,Evet,,1,,,,,,,,Genel Fiyat,,,36.000TL, Kartal - Orhantepe Mahallesi,https://www.emlakjet.com//ilan/prava-kartal-kiralik-esyali-11-rezidans-17106904/,,,Eşyalı,Yok,,
163,17106848,04 Nisan 2025,04 Nisan 2025,Konut,Kiralık,Daire,90 m²,110 m²,2+1,16-20,2.Kat,3,Kombi Doğalgaz,Boş,,Kat Mülkiyeti,Hayır,,1,,,,,,,,Genel Fiyat,,,28.000TL, Çekmeköy - Merkez Mahallesi,https://www.emlakjet.com//ilan/cekmekoy-esyali-kiralik-daire-21-murat-altun-g-y-o-17106848/,,,Eşyalı,Yok,,
164,17106834,04 Nisan 2025,04 Nisan 2025,Konut,Kiralık,Daire,70 m²,85 m²,2+1,16-20,Düz Giriş (Zemin),3,Kombi Doğalgaz,Boş,,Kat Mülkiyeti,Evet,,1,,,,,,,,Genel Fiyat,,,17.000TL, Kartal - Hürriyet Mahallesi,https://www.emlakjet.com//ilan/kartal-hurriyet-mahallesinde-site-icerisinde-21-kiralik-daire-17106834/,,,Boş,Yok,,
165,17106786,04 Nisan 2025,04 Nisan 2025,Konut,Kiralık,Daire,128 m²,150 m²,3.5+1,5-10,10.Kat,11,Merkezi (Pay Ölçer),Boş,,Kat Mülkiyeti,Evet,,2,,,,,,,,Genel Fiyat,,,44.000TL, Sultanbeyli - Adil Mahallesi,https://www.emlakjet.com//ilan/liva-satis-ofisi-remax-prof-sezai-topkaya-kiralik-3-51-gol-m-17106786/,,,Boş,Yok,,
166,17106774,04 Nisan 2025,04 Nisan 2025,Konut,Kiralık,Daire,84 m²,90 m²,2+1,5-10,2.Kat,4,Kombi Doğalgaz,Boş,,Kat Mülkiyeti,Hayır,,2,,,,,,,,Genel Fiyat,,,19.500TL, Sancaktepe - Merve Mahallesi,https://www.emlakjet.com//ilan/yenidogan-da-otobus-peronlarina-yakin-genis-ferah-21-daire-17106774/,,,Boş,Yok,,
167,17106683,04 Nisan 2025,04 Nisan 2025,Konut,Kiralık,Daire,35 m²,45 m²,1+1,21 Ve Üzeri,2.Kat,3,Kombi Doğalgaz,Boş,,Arsa Tapulu,Hayır,,1,,,,,,,,Genel Fiyat,,,23.500TL, Ataşehir - İnönü Mahallesi,https://www.emlakjet.com//ilan/yeditepe-yani-11-full-esyali-arakat-faturalar-dahil-17106683/,,,Eşyalı,Yok,,
168,17106584,04 Nisan 2025,04 Nisan 2025,Konut,Kiralık,Daire,90 m²,100 m²,2+1,16-20,Bahçe Katı,5,Kombi Doğalgaz,Boş,,Kat İrtifakı,Hayır,,1,,,,,,,,Genel Fiyat,,,19.500TL, Ümraniye - Çakmak Mahallesi,https://www.emlakjet.com//ilan/ikbal-caddesi-nde-2-1-bahce-kati-17106584/,,,,Yok,,
169,17106556,04 Nisan 2025,04 Nisan 2025,Konut,Kiralık,Daire,43 m²,76 m²,1+1,0 (Yeni),7.Kat,8,Merkezi (Pay Ölçer),Boş,,Kat Mülkiyeti,Evet,,1,,,,,,,,Genel Fiyat,,,50.000TL, Sarıyer - Ayazağa Mahallesi,https://www.emlakjet.com//ilan/vadistanbul-investvadi-orman-manzarali-yuksek-kat-kiralik-11-17106556/,,,Boş,Yok,,
170,17106400,04 Nisan 2025,04 Nisan 2025,Konut,Kiralık,Daire,70 m²,85 m²,2+1,1,3.Kat,5,Kombi Doğalgaz,Kiracı Oturuyor,,Kat Mülkiyeti,Hayır,,1,,,,,,,,Genel Fiyat,,,13.000TL, Beylikdüzü - Yakuplu Mahallesi,https://www.emlakjet.com//ilan/kadin-ev-arkadasi-ilanidir-17106400/,,,Eşyalı,Yok,,
171,17106386,04 Nisan 2025,04 Nisan 2025,Konut,Kiralık,Daire,35 m²,45 m²,1+1,5-10,Yüksek Giriş,4,Kombi Doğalgaz,Boş,,Kat Mülkiyeti,Hayır,,1,,,,,,,,Genel Fiyat,,,22.000TL, Ataşehir - İçerenköy Mahallesi,https://www.emlakjet.com//ilan/icerenkoy-mahallesi-merkezi-konum-esyali-11-daire-17106386/,,,Eşyalı,Yok,,
172,17106363,04 Nisan 2025,04 Nisan 2025,Konut,Kiralık,Daire,80 m²,90 m²,3+1,16-20,2.Kat,5,Kombi Doğalgaz,Boş,,Kat Mülkiyeti,Hayır,,1,,,,,,,,Genel Fiyat,,,18.000TL, Esenyurt - Turgut Özal Mahallesi,https://www.emlakjet.com//ilan/kiralik-daire-17106363/,,,Boş,Yok,,
173,17106237,04 Nisan 2025,04 Nisan 2025,Konut,Kiralık,Daire,60 m²,68 m²,2+1,5-10,7.Kat,9,Merkezi (Pay Ölçer),Kiracı Oturuyor,,Tapu Kaydı Yok,Evet,,1,,,,,,,,Genel Fiyat,,,25.000TL, Başakşehir - Kayabaşı Mahallesi,https://www.emlakjet.com//ilan/kayasehir-toki-11-bolge-de-esyali-21-daire-17106237/,,,Eşyalı,Yok,,
174,17106217,04 Nisan 2025,04 Nisan 2025,Konut,Kiralık,Daire,70 m²,85 m²,2+1,21 Ve Üzeri,1.Kat,7,Kombi Doğalgaz,Boş,,Hisseli Tapu,Hayır,,1,,,,,,,,Genel Fiyat,,,20.000TL, Sarıyer - Ayazağa Mahallesi,https://www.emlakjet.com//ilan/ayazaga-yesiltepe-mevkii-kiralik-17106217/,,,Boş,Yok,,
175,17106162,04 Nisan 2025,04 Nisan 2025,Konut,Kiralık,Daire,75 m²,80 m²,1.5+1,21 Ve Üzeri,3.Kat,4,Kombi Doğalgaz,Boş,,Hisseli Tapu,Hayır,,1,,,,,,,,Genel Fiyat,,,13.000TL, Esenler - Tuna Mahallesi,https://www.emlakjet.com//ilan/filiz-emlaktan-esenler-tuna-mah-11-80m2-kiralik-daire-17106162/,,,,Yok,,
176,17106161,04 Nisan 2025,04 Nisan 2025,Konut,Kiralık,Daire,75 m²,80 m²,1+1,21 Ve Üzeri,Yüksek Giriş,4,Doğalgaz Sobalı,Boş,,Kat Mülkiyeti,Hayır,,1,,,,,,,,Genel Fiyat,,,13.000TL, Bağcılar - Çınar Mahallesi,https://www.emlakjet.com//ilan/filiz-emlaktan-bagcilar-cinar-mah-11-75m2-kiralik-daire-17106161/,,,Boş,Yok,,
177,17106159,04 Nisan 2025,04 Nisan 2025,Konut,Kiralık,Daire,80 m²,85 m²,2+1,21 Ve Üzeri,1.Kat,5,Kombi Doğalgaz,Boş,,Arsa Tapulu,Hayır,,1,,,,,,,,Genel Fiyat,,,13.000TL, Esenler - Tuna Mahallesi,https://www.emlakjet.com//ilan/tuna-mah-de-21-80-m2-1-kat-kiralik-17106159/,,,Boş,Yok,,
178,17106156,04 Nisan 2025,04 Nisan 2025,Konut,Kiralık,Daire,110 m²,122 m²,3+1,5-10,6.Kat,7,Merkezi (Pay Ölçer),Boş,,Kat Mülkiyeti,Evet,,1,,,,,,,,Genel Fiyat,,,37.000TL, Başakşehir - Kayabaşı Mahallesi,https://www.emlakjet.com//ilan/toki-19-bolge-botanik-park-evleri-31-kiralik-daire-17106156/,,,Boş,Yok,,
179,17106154,04 Nisan 2025,04 Nisan 2025,Konut,Kiralık,Daire,90 m²,115 m²,2+1,4,1.Kat,19,Merkezi (Pay Ölçer),Boş,,Kat Mülkiyeti,Evet,,2,,,,,,,,Genel Fiyat,,,51.000TL, Başakşehir - Kayabaşı Mahallesi,https://www.emlakjet.com//ilan/nidapark-zumrut-sitesi-metro-yani-terasli-21-esyali-kiralik-17106154/,,,Eşyalı,Yok,,
180,17105974,03 Nisan 2025,04 Nisan 2025,Konut,Kiralık,Daire,120 m²,140 m²,2+1,21 Ve Üzeri,2.Kat,3,Kombi Doğalgaz,Boş,,Kat İrtifakı,Hayır,,1,,,,,,,,Genel Fiyat,,,25.000TL, Ümraniye - İnkılap Mahallesi,https://www.emlakjet.com//ilan/merkezi-konumda-120-m2-net-21-17105974/,,,Boş,Yok,,
181,17105954,03 Nisan 2025,04 Nisan 2025,Konut,Kiralık,Daire,140 m²,150 m²,3+1,21 Ve Üzeri,2.Kat,3,Kombi Doğalgaz,Boş,,Arsa Tapulu,Hayır,,1,,,,,,,,Genel Fiyat,,,25.000TL, Sultangazi - 50. Yıl Mahallesi,https://www.emlakjet.com//ilan/boran-insaat-tan-50-yil-mah-31-kiralik-ara-kat-daire-17105954/,,,Boş,Yok,,
182,17105886,03 Nisan 2025,04 Nisan 2025,Konut,Kiralık,Daire,35 m²,45 m²,Stüdyo,5-10,2.Kat,6,Merkezi (Pay Ölçer),Boş,,Kat Mülkiyeti,Evet,,1,,,,,,,,Genel Fiyat,,,17.000TL, Pendik - Çamlık Mahallesi,https://www.emlakjet.com//ilan/parkverde-sitesinde-harika-esyali-studyo-daire-17105886/,,,Eşyalı,Yok,,
183,17105865,03 Nisan 2025,03 Nisan 2025,Konut,Kiralık,Daire,100 m²,120 m²,4+1,21 Ve Üzeri,3.Kat,3,Kombi Doğalgaz,Boş,,Kat Mülkiyeti,Hayır,,2,,,,,,,,Genel Fiyat,46,60,50.000TL, Kadıköy - Osmanağa Mahallesi,https://www.emlakjet.com//ilan/osmanaga-da-bogayani-isyeri-veya-konuta-uygun-41-kiralik-daire-17105865/,,,,,,
184,17105741,03 Nisan 2025,03 Nisan 2025,Konut,Kiralık,Daire,95 m²,100 m²,2+1,21 Ve Üzeri,4.Kat,4,Kombi Doğalgaz,Mülk Sahibi Oturuyor,250 TL,Kat Mülkiyeti,Hayır,60000 TL,1,,Var,1,Kapalı Balkon,,1,,Genel Fiyat,8701,15,30.000TL, Kağıthane - Emniyet Evleri Mahallesi,https://www.emlakjet.com//ilan/emniyetevleri-4-levent-metroya-2-dakika-mesafede-21-daire-17105741/,İkinci El,,Boş,Yok,,
185,17105740,03 Nisan 2025,04 Nisan 2025,Konut,Kiralık,Daire,70 m²,80 m²,2+1,21 Ve Üzeri,1.Kat,4,Kombi Doğalgaz,Boş,,Kat Mülkiyeti,Hayır,18000 TL,1,,Yok,,,,1,,Genel Fiyat,1600,64,18.000TL, Fatih - Hırka,https://www.emlakjet.com//ilan/fark-emlak-tan-temiz-arakat-kiralik-daire-17105740/,İkinci El,Betonarme,Boş,,,
186,17105710,03 Nisan 2025,03 Nisan 2025,Konut,Kiralık,Daire,110 m²,130 m²,3+1,21 Ve Üzeri,8.Kat,9,Kombi Doğalgaz,Boş,2000 TL,Kat İrtifakı,Evet,50000 TL,1,6 m²,Var,1,Kapalı Balkon,6 m²,2,6 m²,Genel Fiyat,16607,1,47.500TL, Maltepe - Altayçeşme Mahallesi,https://www.emlakjet.com//ilan/yasamkent-sitesi-2-etap-kombili-otoparkli-metroya-2-dakika-31-17105710/,İkinci El,Betonarme,Boş,Yok,Hayır,30 m²
187,17105698,03 Nisan 2025,03 Nisan 2025,Konut,Kiralık,Daire,85 m²,90 m²,2+1,5-10,Bahçe Katı,4,Kombi Doğalgaz,Boş,,Yabancıdan,Evet,,1,,Yok,,,,,,Birim Fiyat,,,18.000TL, Beylikdüzü - Sahil Mahallesi,https://www.emlakjet.com//ilan/kavakli-sahil-bolgesi-bolgesinde-site-icinde-kiralik-21-giris-kat-17105698/,,,Boş,,,
188,17105547,03 Nisan 2025,03 Nisan 2025,Konut,Kiralık,Daire,115 m²,120 m²,3+1,21 Ve Üzeri,2.Kat,3,Kombi Doğalgaz,Boş,,Tapu Kaydı Yok,Hayır,25000 TL,1,,Var,2,,,1,,Genel Fiyat,,,25.000TL, Sarıyer - Pınar Mahallesi,https://www.emlakjet.com//ilan/aileye-talebeye-kiralik-31-daire-17105547/,İkinci El,Betonarme,,,Hayır,
189,17105518,03 Nisan 2025,03 Nisan 2025,Konut,Kiralık,Daire,70 m²,80 m²,2+1,0 (Yeni),2.Kat,3,Kombi Doğalgaz,Boş,,Kat İrtifakı,Hayır,,1,,,,,,,,Genel Fiyat,,,21.500TL, Beylikdüzü - Yakuplu Mahallesi,https://www.emlakjet.com//ilan/beylikduzu-yakupluda-21-80-m2-yeni-binada-sifir-kiralik-daire-17105518/,Sıfır,,Boş,Yok,,
190,17105515,03 Nisan 2025,04 Nisan 2025,Konut,Kiralık,Daire,130 m²,149 m²,4+1,5-10,6.Kat,15,Kombi Doğalgaz,Kiracı Oturuyor,,Kat Mülkiyeti,Evet,,2,,,,,,,,Genel Fiyat,,,70.000TL, Gaziosmanpaşa - Karayolları Mahallesi,https://www.emlakjet.com//ilan/avrupa-konutlari-tem-onu-acik-149m-kiralik-41-daire-17105515/,,,Boş,Yok,,
191,17105436,03 Nisan 2025,04 Nisan 2025,Konut,Kiralık,Daire,85 m²,94 m²,2+1,11-15,2.Kat,3,Kombi Doğalgaz,Boş,,Kat Mülkiyeti,Evet,,1,,,,,,,,Genel Fiyat,,,20.000TL, Arnavutköy - Mehmet Akif Ersoy Mahallesi,https://www.emlakjet.com//ilan/arnavutkoy-tasoluk-toki-balkonlu-kombili-21-kiralik-17105436/,,,Boş,Yok,,
192,17105415,03 Nisan 2025,04 Nisan 2025,Konut,Kiralık,Daire,85 m²,100 m²,2+1,21 Ve Üzeri,1.Kat,2,Klimalı,Boş,,Kat Mülkiyeti,Hayır,,1,,,,,,,,Genel Fiyat,12434,63,20.000TL, Kartal - Yakacık Çarşı Mahallesi,https://www.emlakjet.com//ilan/kiralik-21-esyali-daire-17105415/,,,,,,
193,17105360,03 Nisan 2025,03 Nisan 2025,Konut,Kiralık,Daire,155 m²,165 m²,3+1,21 Ve Üzeri,Bahçe Katı,2,Kombi Doğalgaz,Kiracı Oturuyor,,Kat Mülkiyeti,Evet,,2,,Var,,,,,,Genel Fiyat,297,52,65.000TL, Bakırköy - Şenlikköy Mahallesi,https://www.emlakjet.com//ilan/secret-house-dan-full-esyali-31-bahce-kati-17105360/,,,,,,
194,17105312,03 Nisan 2025,03 Nisan 2025,Konut,Kiralık,Daire,75 m²,85 m²,2+1,21 Ve Üzeri,5.Kat,5,Kombi Doğalgaz,Boş,100 TL,Müstakil Tapulu,Hayır,30000 TL,1,,Var,1,,,,,Birim Fiyat,1499,3,23.000TL, Fatih - Mevlanakapı Mahallesi,https://www.emlakjet.com//ilan/sahibinden-esyali-21-17105312/,İkinci El,Betonarme,Eşyalı,,Evet,
195,17105226,03 Nisan 2025,04 Nisan 2025,Konut,Kiralık,Daire,48 m²,55 m²,Stüdyo,5-10,14.Kat,15,Merkezi Doğalgaz,Boş,,Kat Mülkiyeti,Evet,,1,,,,,,,,Genel Fiyat,,,15.000TL, Esenyurt - Barbaros Hayrettin Paşa Mahallesi,https://www.emlakjet.com//ilan/siteici-metrobuse-10-dk-temiz-esyali-eksiksiz-10-kiralik-daire-17105226/,,,Eşyalı,Yok,,
196,17105180,03 Nisan 2025,03 Nisan 2025,Konut,Kiralık,Daire,100 m²,110 m²,3+1,21 Ve Üzeri,1.Kat,5,Kombi Doğalgaz,Boş,,Tapu Kaydı Yok,Hayır,,1,,,,,,,,Genel Fiyat,,,25.000TL, Fatih - Hırka,https://www.emlakjet.com//ilan/arslan-emlak-fevzi-pasa-cd-bir-arka-sokagi-31-17105180/,,,,,,
197,17105144,03 Nisan 2025,03 Nisan 2025,Konut,Kiralık,Daire,105 m²,115 m²,3+1,21 Ve Üzeri,1.Kat,5,Kombi Doğalgaz,Boş,,Hisseli Tapu,Hayır,,1,,,,,,,,Genel Fiyat,,,18.000TL, Esenler - Menderes Mahallesi,https://www.emlakjet.com//ilan/ergenler-emlaktan-esenler-menderesde-kiralik-31-daire-17105144/,,,Boş,Yok,,
198,17105143,03 Nisan 2025,03 Nisan 2025,Konut,Kiralık,Daire,90 m²,100 m²,1+1,21 Ve Üzeri,Düz Giriş (Zemin),1,Kombi Doğalgaz,Boş,,Hisseli Tapu,Hayır,,1,,,,,,,,Genel Fiyat,,,12.000TL, Esenler - Havaalanı Mahallesi,https://www.emlakjet.com//ilan/ergenler-emlaktan-atisalani-mah-11-kiralik-daire-17105143/,,,Boş,Yok,,
199,17105142,03 Nisan 2025,03 Nisan 2025,Konut,Kiralık,Daire,55 m²,60 m²,1+1,21 Ve Üzeri,Bahçe Katı,3,Kombi Doğalgaz,Boş,,Hisseli Tapu,Hayır,,1,,,,,,,,Genel Fiyat,,,11.250TL, Esenler - Oruçreis Mahallesi,https://www.emlakjet.com//ilan/ergenler-emlak-dan-orucreis-de-bekara-uygun-kiralik-daire-17105142/,,,Boş,Yok,,
200,17104886,03 Nisan 2025,03 Nisan 2025,Konut,Kiralık,Daire,130 m²,135 m²,3+1,21 Ve Üzeri,2.Kat,5,Kombi Doğalgaz,Boş,100 TL,Tapu Kaydı Yok,Hayır,23000 TL,1,8 m²,Var,1,Kapalı Balkon,10 m²,2,5 m²,Birim Fiyat,63,213,23.000TL, Bahçelievler - Hürriyet Mahallesi,https://www.emlakjet.com//ilan/pakemlakdan-bekara-yabanciya-aileye-uygun-metrobusun-dibi-17104886/,İkinci El,Betonarme,Boş,Yok,Evet,34 m²
201,17104875,03 Nisan 2025,03 Nisan 2025,Konut,Kiralık,Daire,90 m²,95 m²,3+1,21 Ve Üzeri,Bahçe Katı,6,Kombi Doğalgaz,Boş,,Hisseli Tapu,Hayır,,1,,,,,,,,Genel Fiyat,1376,1,17.000TL, Bahçelievler - Siyavuşpaşa Mahallesi,https://www.emlakjet.com//ilan/bahcelievler-kiralik-31-95m2-kose-b-kati-daire-17104875/,,,,,,
202,17104859,03 Nisan 2025,04 Nisan 2025,Konut,Kiralık,Daire,90 m²,100 m²,2+1,16-20,Kot 1 (-1).Kat,5,Kombi Doğalgaz,Boş,,Kooperatiften Tapu,Hayır,12000 TL,1,,Var,,,,,,Genel Fiyat,,,12.000TL, Gaziosmanpaşa - Yeni Mahalle Mahallesi,https://www.emlakjet.com//ilan/toyap-tan-gaziosmanpasa-yenimahalle-de-21-100-m2-temiz-kiralik-bahce-kati-17104859/,,,,,,
203,17104721,03 Nisan 2025,03 Nisan 2025,Konut,Kiralık,Daire,85 m²,86 m²,2+1,16-20,1.Kat,5,Kombi Doğalgaz,Boş,250 TL,Kat İrtifakı,Hayır,20000 TL,1,,,,,,,,Genel Fiyat,null,21381,20.000TL, Bayrampaşa - Altıntepsi Mahallesi,https://www.emlakjet.com//ilan/es-emlaktan-altintepsi-gul-insaat-rezidans-yaninda-kiralik-daire-17104721/,,,,,,
204,17104636,03 Nisan 2025,03 Nisan 2025,Konut,Kiralık,Daire,120 m²,125 m²,2+1,21 Ve Üzeri,2.Kat,4,Kombi Doğalgaz,Boş,0 TL,Kooperatiften Tapu,Hayır,22000 TL,1,4 m²,Var,1,Açık Balkon,6 m²,2,6 m²,Genel Fiyat,,,22.000TL, Ümraniye - Armağanevler Mahallesi,https://www.emlakjet.com//ilan/umraniye-armaganevler-cakmak-alemdag-caddesi-uzerinde-cakmak-metro-karsisi-17104636/,İkinci El,Betonarme,Boş,Yok,Hayır,
205,17104547,03 Nisan 2025,04 Nisan 2025,Konut,Kiralık,Daire,75 m²,90 m²,2+1,21 Ve Üzeri,3.Kat,5,Kombi Doğalgaz,Boş,,Kat İrtifakı,Hayır,,1,,,,,,,,Genel Fiyat,15161,242,35.000TL, Maltepe - Küçükyalı Mahallesi,https://www.emlakjet.com//ilan/kucukyalida-e-5-ve-metroya-cok-yakin-full-esyali-75m-net-21-17104547/,,,Eşyalı,,,
206,17104541,03 Nisan 2025,04 Nisan 2025,Konut,Kiralık,Daire,55 m²,72 m²,1+1,0 (Yeni),2.Kat,8,Merkezi (Pay Ölçer),Boş,3720 TL,Kat Mülkiyeti,Hayır,100000 TL,1,,Var,1,,,1,,Genel Fiyat,2435,17,50.000TL, Ümraniye - Finanskent Mahallesi,https://www.emlakjet.com//ilan/sinpas-finans-sehir-esyali-11-balkonlu-kiralik-genis-daire-17104541/,Sıfır,Betonarme,Eşyalı,Yok,Evet,
207,17104314,03 Nisan 2025,03 Nisan 2025,Konut,Kiralık,Daire,65 m²,70 m²,2+1,4,4.Kat,6,Kombi Doğalgaz,Boş,120 TL,Kat Mülkiyeti,Hayır,15000 TL,1,,Yok,,,,1,,Genel Fiyat,1612,59,12.500TL, Esenyurt - Namık Kemal Mahallesi,https://www.emlakjet.com//ilan/kiralik-daire-17104314/,İkinci El,Betonarme,Boş,,,
208,17104252,03 Nisan 2025,03 Nisan 2025,Konut,Kiralık,Daire,39 m²,45 m²,1+1,21 Ve Üzeri,3.Kat,3,Kombi Doğalgaz,Boş,20 TL,Kat Mülkiyeti,Hayır,15000 TL,1,4 m²,Var,1,Açık Balkon,1 m²,1,,Genel Fiyat,1366,5,25.000TL, Beyoğlu - Yenişehir Mahallesi,https://www.emlakjet.com//ilan/kurtulus-ta-11-45-m2-17104252/,,,Boş,,,
209,17104190,03 Nisan 2025,03 Nisan 2025,Konut,Kiralık,Daire,85 m²,90 m²,2+1,21 Ve Üzeri,3.Kat,5,Kombi Doğalgaz,Boş,,Tapu Kaydı Yok,Hayır,17000 TL,1,,,,,,,,Genel Fiyat,,,17.000TL, Esenler - Kazım Karabekir Mahallesi,https://www.emlakjet.com//ilan/avrupa-emlak-tan-esenler-kazim-karabekir-mah-90-m-21-3-kat-kombili-kiralik-daire-17104190/,,,,,,
210,17103877,03 Nisan 2025,03 Nisan 2025,Konut,Kiralık,Daire,80 m²,85 m²,1+1,16-20,Yüksek Giriş,2,Kombi Doğalgaz,Boş,,Yabancıdan,Hayır,,1,,Yok,,,,,,Genel Fiyat,,,12.000TL, Beylikdüzü - Kavaklı Mahallesi,https://www.emlakjet.com//ilan/kavakli-da-cok-genis-11-yuksek-giris-daire-17103877/,,,Boş,,,
211,17103695,03 Nisan 2025,03 Nisan 2025,Konut,Kiralık,Daire,100 m²,120 m²,2+1,21 Ve Üzeri,3.Kat,4,Kombi Doğalgaz,Boş,,Hisseli Tapu,Hayır,,1,,,,,,,,Genel Fiyat,6985,34,25.000TL, Kağıthane - Merkez Mahallesi,https://www.emlakjet.com//ilan/kagithane-merkez-kiralik-21-esyali-daire-17103695/,,,,,,
212,17103568,03 Nisan 2025,03 Nisan 2025,Konut,Kiralık,Daire,200 m²,220 m²,3+1,21 Ve Üzeri,1.Kat,3,Kombi Doğalgaz,Boş,,Kat Mülkiyeti,Hayır,200000 TL,1,,Var,2,Açık Balkon,,1,,Genel Fiyat,508,11,140.000TL, Sarıyer - Tarabya Mahallesi,https://www.emlakjet.com//ilan/tarabya-da-manzarali-bahceli-31-kiralik-arakat-daire-17103568/,İkinci El,Betonarme,Boş,,,
213,17103538,03 Nisan 2025,03 Nisan 2025,Konut,Kiralık,Daire,45 m²,55 m²,1+1,5-10,4.Kat,6,Kombi Doğalgaz,Boş,,Kat Mülkiyeti,Hayır,,1,,,,,,,,Genel Fiyat,,,20.000TL, Ataşehir - İnönü Mahallesi,https://www.emlakjet.com//ilan/kayisdagi-yeditepe-universitesine-yakin-kiralik-esyali-11-daire-17103538/,,,Eşyalı,Yok,,
214,17103355,03 Nisan 2025,03 Nisan 2025,Konut,Kiralık,Daire,85 m²,90 m²,2+1,16-20,Yüksek Giriş,5,Kombi Doğalgaz,Boş,0 TL,Kooperatiften Tapu,Hayır,15000 TL,1,,Var,,,,,,Genel Fiyat,,,15.000TL, Sultangazi - Cebeci Mahallesi,https://www.emlakjet.com//ilan/baykal-ins-cebeci-mah-21-85m-yuksek-giris-kiralik-17103355/,,,,,,
215,17103295,03 Nisan 2025,03 Nisan 2025,Konut,Kiralık,Daire,80 m²,85 m²,2+1,21 Ve Üzeri,3.Kat,4,Kombi Doğalgaz,Boş,,Hisseli Tapu,Hayır,15000 TL,1,,,,,,,,Genel Fiyat,,6017,15.000TL, Bahçelievler - Soğanlı Mahallesi,https://www.emlakjet.com//ilan/ceylan-gayrimnkul-den-soganli-mah-ara-kat-80-m2-21-daire-17103295/,,,,,,
216,17103190,03 Nisan 2025,03 Nisan 2025,Konut,Kiralık,Daire,120 m²,130 m²,3+1,16-20,5.Kat,5,Kombi Doğalgaz,Kiracı Oturuyor,,Kat Mülkiyeti,Hayır,,2,,Var,,,,,,Genel Fiyat,,3905,40.000TL, Bahçelievler - Şirinevler Mahallesi,https://www.emlakjet.com//ilan/goldhouse-dan-sirinevler-de-kiralik-31-daire-17103190/,İkinci El,Betonarme,Boş,,,
217,17103024,03 Nisan 2025,03 Nisan 2025,Konut,Kiralık,Daire,70 m²,80 m²,1+1,5-10,5.Kat,18,Merkezi Doğalgaz,Boş,2500 TL,Kat Mülkiyeti,Evet,20000 TL,1,,Var,1,Açık Balkon,,1,,Birim Fiyat,322,8,20.000TL, Esenyurt - Piri Reis Mahallesi,https://www.emlakjet.com//ilan/11-kiralik-daire-17103024/,,,Eşyalı,,,
218,17102996,03 Nisan 2025,03 Nisan 2025,Konut,Kiralık,Daire,70 m²,75 m²,2+1,21 Ve Üzeri,1.Kat,7,Kombi Doğalgaz,Boş,,Kat Mülkiyeti,Hayır,,1,,,,,,,,Genel Fiyat,9152,11,18.250TL, Şişli - Gülbahar Mahallesi,https://www.emlakjet.com//ilan/son-durak-arkasi-kiralik-21-daire-17102996/,,,,,,
219,17102955,03 Nisan 2025,03 Nisan 2025,Konut,Kiralık,Daire,110 m²,115 m²,3+1,5-10,Çatı Katı,4,Kombi Doğalgaz,Boş,10 TL,Kooperatiften Tapu,Hayır,20000 TL,1,,,,,,,,Genel Fiyat,,,20.000TL, Sultangazi - Cebeci Mahallesi,https://www.emlakjet.com//ilan/cebeci-mah-31-110m2-cati-kat-kira20-000-asansorlu-17102955/,,,,,,
220,17102820,03 Nisan 2025,03 Nisan 2025,Konut,Kiralık,Daire,140 m²,150 m²,3+1,21 Ve Üzeri,Kot 4 (-4).Kat,8,Kombi Doğalgaz,Boş,,Kat Mülkiyeti,Hayır,,1,,,,,,,,Genel Fiyat,416,1,80.000TL, Şişli - Fulya Mahallesi,https://www.emlakjet.com//ilan/sisli-mecidiyekoy-meydanda-konuta-ofise-uygun-sifirlanmis-daire-17102820/,,,,,,
221,17102778,03 Nisan 2025,04 Nisan 2025,Konut,Kiralık,Daire,70 m²,85 m²,2+1,2,1.Kat,4,Kombi Doğalgaz,Boş,,Kat Mülkiyeti,Hayır,18000 TL,1,,Var,,,,2,,Genel Fiyat,null,22283,18.000TL, Arnavutköy - Anadolu Mahallesi,https://www.emlakjet.com//ilan/has-evim-yapidan-anadolu-mh-kiralik-merkeze-yakin-21-85-mt-metroya-yakin-kiralik-daire-17102778/,İkinci El,Betonarme,Boş,,,
222,17102713,03 Nisan 2025,03 Nisan 2025,Konut,Kiralık,Daire,70 m²,75 m²,2+1,11-15,Bahçe Katı,4,Kombi Doğalgaz,Boş,,Kat Mülkiyeti,Hayır,13000 TL,1,,,,,,,,Genel Fiyat,369,5,13.000TL, Bahçelievler - Zafer Mahallesi,https://www.emlakjet.com//ilan/tutar-dan-habesi-bilal-cami-yakini-21-amerikan-mutfak-kiralik-17102713/,,,,,,
223,17102605,03 Nisan 2025,03 Nisan 2025,Konut,Kiralık,Daire,80 m²,90 m²,2+1,21 Ve Üzeri,5.Kat,5,Kombi Doğalgaz,Boş,,Hisseli Tapu,Hayır,,1,,,,,,,,Genel Fiyat,,933,10.000TL, Bahçelievler - Yenibosna Merkez Mahallesi,https://www.emlakjet.com//ilan/yildiz-emlakdan-mevlana-cami-yakini-90m2-kiralik-teras-kat-17102605/,,,,,,
224,17102595,03 Nisan 2025,03 Nisan 2025,Konut,Kiralık,Daire,85 m²,90 m²,2+1,5-10,1.Kat,6,Merkezi Doğalgaz,Boş,50 TL,Yabancıdan,Hayır,15000 TL,1,,Var,,,,,,Genel Fiyat,,,15.000TL, Esenyurt - Talatpaşa Mahallesi,https://www.emlakjet.com//ilan/hastaneye-cook-yakinn-17102595/,,,,,,
225,17102552,03 Nisan 2025,03 Nisan 2025,Konut,Kiralık,Daire,75 m²,85 m²,2+1,5-10,2.Kat,4,Kombi Doğalgaz,Boş,,Kat Mülkiyeti,Hayır,,1,,,,,,,,Genel Fiyat,68,54,20.400TL, Sancaktepe - Yenidoğan Mahallesi,https://www.emlakjet.com//ilan/sancaktepe-merkezi-konumda-ferah-21-memur-icin-kiralik-daire-17102552/,,,,,,
226,17102541,03 Nisan 2025,03 Nisan 2025,Konut,Kiralık,Daire,110 m²,115 m²,3+1,5-10,Çatı Katı,5,Kombi Doğalgaz,Boş,,Kooperatiften Tapu,Hayır,20000 TL,1,,Var,,,,,,Genel Fiyat,,,20.000TL, Sultangazi - Cebeci Mahallesi,https://www.emlakjet.com//ilan/cebeci-de-tranwayin-dibinde-31-asansorlu-yeni-binaada-17102541/,,,,,,
227,17102431,03 Nisan 2025,03 Nisan 2025,Konut,Kiralık,Daire,110 m²,120 m²,3+1,21 Ve Üzeri,3.Kat,5,Kombi Doğalgaz,Boş,,Kat İrtifakı,Hayır,,1,,,,,,,,Genel Fiyat,,,25.000TL, Güngören - Haznedar Mahallesi,https://www.emlakjet.com//ilan/cesit-emlak-haznedar-kinali-cad-buyuk-park-yakini-31-kiralik-17102431/,,,Boş,Yok,,
228,17102424,03 Nisan 2025,03 Nisan 2025,Konut,Kiralık,Daire,85 m²,90 m²,2+1,5-10,Yüksek Giriş,5,Kombi Doğalgaz,Boş,,Kat Mülkiyeti,Hayır,,1,,,,,,,,Genel Fiyat,,,13.000TL, Esenyurt - Pınar Mahallesi,https://www.emlakjet.com//ilan/demirol-dan-ahmet-arif-caddesine-yakin-kiralik-21-daire-17102424/,,,Boş,Yok,,
229,17102351,03 Nisan 2025,03 Nisan 2025,Konut,Kiralık,Daire,110 m²,128 m²,3+1,21 Ve Üzeri,3.Kat,5,Kombi Doğalgaz,Boş,,Kat Mülkiyeti,Hayır,,1,,,,,,,,Genel Fiyat,,1555,33.000TL, Bahçelievler - Siyavuşpaşa Mahallesi,https://www.emlakjet.com//ilan/basokur-dan-siyavuspasa-camlik-caddesi-uzeri-asansorlu-31-daire-17102351/,,,,,,
230,17102189,03 Nisan 2025,03 Nisan 2025,Konut,Kiralık,Daire,70 m²,75 m²,2+1,21 Ve Üzeri,Düz Giriş (Zemin),3,Kombi Doğalgaz,Boş,,Hisseli Tapu,Hayır,,1,,Var,1,,,1,,Genel Fiyat,9545,18,23.000TL, Kağıthane - Çeliktepe Mahallesi,https://www.emlakjet.com//ilan/4-levent-metroya-8-dk-21-kiralik-daire-artum-dan-17102189/,İkinci El,Betonarme,Boş,Yok,Hayır,
231,17101509,03 Nisan 2025,03 Nisan 2025,Konut,Kiralık,Daire,52 m²,70 m²,1+1,4,3.Kat,11,Merkezi Doğalgaz,Boş,,Kat Mülkiyeti,Hayır,,1,,,,,,,,Genel Fiyat,,,42.000TL, Kağıthane - Merkez Mahallesi,https://www.emlakjet.com//ilan/seba-suites-vadi-metro-17101509/,,,Eşyalı,Yok,,
232,17101484,03 Nisan 2025,03 Nisan 2025,Konut,Kiralık,Daire,80 m²,90 m²,2+1,0 (Yeni),8.Kat,10,Merkezi Doğalgaz,Boş,,Kat İrtifakı,Evet,,1,,,,,,,,Genel Fiyat,,,37.500TL, Sancaktepe - Veysel Karani Mahallesi,https://www.emlakjet.com//ilan/heradan-siltas-comfortta-21-sifir-kiralik-daire-17101484/,,,Boş,Yok,,
233,17101432,03 Nisan 2025,03 Nisan 2025,Konut,Kiralık,Daire,78 m²,90 m²,2+1,21 Ve Üzeri,2.Kat,4,Kombi Doğalgaz,Boş,250 TL,Bilinmiyor,Hayır,,1,,,,,,,,Genel Fiyat,,,30.000TL, Şişli - Ergenekon Mahallesi,https://www.emlakjet.com//ilan/sisli-harbiyede-tabela-degeri-yuksek-home-ofise-uygun-21-ara-kat-17101432/,İkinci El,Yığma,,Yok,,
234,17101310,03 Nisan 2025,04 Nisan 2025,Konut,Kiralık,Daire,78 m²,90 m²,2+1,21 Ve Üzeri,2.Kat,3,Kombi Doğalgaz,Boş,0 TL,Kat Mülkiyeti,Hayır,19500 TL,1,,Var,1,Açık Balkon,,,,Genel Fiyat,2390,27,19.500TL, Fatih - Aksaray Mahallesi,https://www.emlakjet.com//ilan/21-deniz-manzarali-daire-17101310/,İkinci El,Kagir,Boş,Yok,Hayır,
235,17101246,03 Nisan 2025,03 Nisan 2025,Konut,Kiralık,Daire,60 m²,65 m²,1+1,5-10,Yüksek Giriş,10,Kombi Doğalgaz,Kiracı Oturuyor,,Kat İrtifakı,Evet,,1,,,,,,,,Genel Fiyat,,,30.000TL, Ataşehir - Esatpaşa Mahallesi,https://www.emlakjet.com//ilan/atasehir-esatpasa-mahallesinde-11-esyali-daire-17101246/,,,Eşyalı,Yok,,
236,17101208,03 Nisan 2025,03 Nisan 2025,Konut,Kiralık,Daire,65 m²,75 m²,1+1,21 Ve Üzeri,Düz Giriş (Zemin),5,Isıtma Yok,Kiracı Oturuyor,,Tapu Kaydı Yok,Hayır,10000 TL,1,,,,,,,,Genel Fiyat,,,10.000TL, Bahçelievler - Hürriyet Mahallesi,https://www.emlakjet.com//ilan/hurriyet-mah-11-mustakilgieisli-kiralik-daire-17101208/,,,,,,
237,17101193,03 Nisan 2025,03 Nisan 2025,Konut,Kiralık,Daire,125 m²,135 m²,3+1,11-15,Bahçe Katı,3,Kombi Doğalgaz,Boş,,Kat Mülkiyeti,Hayır,,1,,,,,,,,Genel Fiyat,,,20.000TL, Beylikdüzü - Yakuplu Mahallesi,https://www.emlakjet.com//ilan/garipogullarin-dan-31-kiralik-daire-yakupluda-17101193/,,,Boş,Yok,,
238,17101154,03 Nisan 2025,03 Nisan 2025,Konut,Kiralık,Daire,85 m²,105 m²,2+1,11-15,8.Kat,14,Merkezi (Pay Ölçer),Boş,,Kat Mülkiyeti,Evet,,1,,,,,,,,Genel Fiyat,,,32.000TL, Başakşehir - Bahçeşehir 1. Kısım Mahallesi,https://www.emlakjet.com//ilan/bahcesehir-uphill-court-sitesi-tadilatli-21-kiralik-daire-17101154/,,,Boş,Yok,,
239,17101114,03 Nisan 2025,03 Nisan 2025,Konut,Kiralık,Daire,75 m²,80 m²,2+1,21 Ve Üzeri,3.Kat,4,Kombi Doğalgaz,Boş,,Kat İrtifakı,Hayır,,1,,,,,,,,Genel Fiyat,,,16.000TL, Avcılar - Denizköşkler Mahallesi,https://www.emlakjet.com//ilan/sukrubey-metrobuse-2dk-mesafede-21-yeni-boyali-17101114/,,,Boş,Yok,,
240,17101113,03 Nisan 2025,03 Nisan 2025,Konut,Kiralık,Daire,90 m²,110 m²,3+1,21 Ve Üzeri,2.Kat,4,Kombi Doğalgaz,Boş,,Kat Mülkiyeti,Hayır,,1,,,,,,,,Genel Fiyat,,,15.000TL, Avcılar - Denizköşkler Mahallesi,https://www.emlakjet.com//ilan/kiralik-31-daire-17101113/,,,Boş,Yok,,
241,17101110,03 Nisan 2025,03 Nisan 2025,Konut,Kiralık,Daire,100 m²,130 m²,2+1,5-10,Yüksek Giriş,4,Kombi Doğalgaz,Boş,,Kat Mülkiyeti,Hayır,,2,,,,,,,,Genel Fiyat,,,18.000TL, Sancaktepe - Fatih Mahallesi,https://www.emlakjet.com//ilan/kacmazdan-yuksek-girisli-tertemiz-aydinlik-21-kiralik-dairemiz-17101110/,,,Boş,Yok,,
242,17101085,02 Nisan 2025,03 Nisan 2025,Konut,Kiralık,Daire,115 m²,120 m²,2+1,21 Ve Üzeri,3.Kat,5,Kombi Doğalgaz,Boş,,Tapu Kaydı Yok,Hayır,45000 TL,1,,,,,,,,Genel Fiyat,,,28.000TL, Bahçelievler - Şirinevler Mahallesi,https://www.emlakjet.com//ilan/sirinevler-mah-21-full-esyali-3-kat-kiralik-daire-asansor-vardir-17101085/,,,,,,
243,17101017,02 Nisan 2025,02 Nisan 2025,Konut,Kiralık,Daire,100 m²,110 m²,2+1,21 Ve Üzeri,2.Kat,6,Kombi Doğalgaz,Boş,200 TL,Kat Mülkiyeti,Hayır,25000 TL,1,,Var,1,Kapalı Balkon,,,,Genel Fiyat,808,556,25.000TL, Güngören - Abdurrahman Nafiz Gürman Mahallesi,https://www.emlakjet.com//ilan/sahibinden-merterdekombiliboyali-kiralik-daire-17101017/,,,Boş,,,
244,17101011,02 Nisan 2025,02 Nisan 2025,Konut,Kiralık,Daire,105 m²,120 m²,3+1,3,4.Kat,7,Kombi Doğalgaz,Boş,2500 TL,Kat Mülkiyeti,Evet,50000 TL,2,4 m²,Var,2,Açık Balkon,4 m²,1,,Genel Fiyat,,24334,50.000TL, Bayrampaşa - İsmet Paşa Mahallesi,https://www.emlakjet.com//ilan/kiptas-konutlari-31-kapali-mutfak-105m2-daire-17101011/,,,Boş,Yok,,
245,17100948,02 Nisan 2025,03 Nisan 2025,Konut,Kiralık,Daire,60 m²,70 m²,2+1,16-20,Bahçe Katı,4,Kombi Doğalgaz,Kiracı Oturuyor,,Kat İrtifakı,Hayır,,1,,,,,,,,Genel Fiyat,,,18.500TL, Ataşehir - Kayışdağı Mahallesi,https://www.emlakjet.com//ilan/onem-gayrimenkul-den-21-temiz-bahce-kati-daire-17100948/,,,Boş,Yok,,
246,17100943,02 Nisan 2025,02 Nisan 2025,Konut,Kiralık,Daire,130 m²,145 m²,3+1,21 Ve Üzeri,7.Kat,10,Kombi Doğalgaz,Boş,,Kat İrtifakı,Hayır,,1,,,,,,,,Genel Fiyat,,,36.000TL, Kadıköy - Dumlupınar Mahallesi,https://www.emlakjet.com//ilan/onemden-ssk-yani-31-ara-kat-genis-daire-17100943/,,,Boş,Yok,,
247,17100843,02 Nisan 2025,02 Nisan 2025,Konut,Kiralık,Daire,250 m²,300 m²,3+1,5-10,Çatı Katı,2,Kombi Doğalgaz,Boş,,Kat Mülkiyeti,Hayır,,3,,,,,,,,Genel Fiyat,,,95.000TL, Sarıyer - Zekeriyaköy Mahallesi,https://www.emlakjet.com//ilan/zekeriyakoy-de-kiralik-cati-dublex-17100843/,,,Boş,Yok,,
248,17100604,02 Nisan 2025,02 Nisan 2025,Konut,Kiralık,Daire,50 m²,60 m²,1+1,21 Ve Üzeri,Çatı Katı,5,Kombi Doğalgaz,Boş,150 TL,Bilinmiyor,Hayır,,1,,,,,,,,Genel Fiyat,,,50.000TL, Beyoğlu - Ömer Avni Mahallesi,https://www.emlakjet.com//ilan/taksimde-bogaz-manzarali-esyali-taksim-sea-view-furnished-apart-17100604/,İkinci El,Betonarme,Eşyalı,Yok,,
249,17100603,02 Nisan 2025,02 Nisan 2025,Konut,Kiralık,Daire,80 m²,108 m²,3+1,21 Ve Üzeri,3.Kat,3,Merkezi Doğalgaz,Boş,700 TL,Bilinmiyor,Hayır,,1,,,,,,,,Genel Fiyat,,,52.000TL, Beşiktaş - Nisbetiye Mahallesi,https://www.emlakjet.com//ilan/levent-nispetiye-mahallesi-temiz-kismi-bogaz-manzarali-31-daire-17100603/,İkinci El,Betonarme,,Yok,,
250,17100595,02 Nisan 2025,02 Nisan 2025,Konut,Kiralık,Daire,85 m²,129 m²,2+1,0 (Yeni),2.Kat,4,Kombi Doğalgaz,Boş,,Kat İrtifakı,Hayır,,2,,,,,,,,Genel Fiyat,,,31.000TL, Beylikdüzü - Sahil Mahallesi,https://www.emlakjet.com//ilan/beylikduzu-yakuplu-palm-marin-sitesinde-kiralik-21-genis-daire-17100595/,Sıfır,,Boş,Yok,,
251,17100513,02 Nisan 2025,04 Nisan 2025,Konut,Kiralık,Daire,110 m²,115 m²,3+1,5-10,5.Kat,15,Kombi Doğalgaz,Boş,,Kat Mülkiyeti,Evet,35000 TL,1,,Var,2,,,3,,Genel Fiyat,,,35.000TL, Bağcılar - Göztepe Mahallesi,https://www.emlakjet.com//ilan/goztepede-sitede-kiralik-31-daire-17100513/,,,,,,
252,17100467,02 Nisan 2025,02 Nisan 2025,Konut,Kiralık,Daire,85 m²,109 m²,2+1,0 (Yeni),1.Kat,4,Kombi Doğalgaz,Boş,,Kat İrtifakı,Hayır,,2,,,,,,,,Genel Fiyat,,,30.000TL, Beylikdüzü - Sahil Mahallesi,https://www.emlakjet.com//ilan/beylikduzu-yakuplu-west-marin-palm-marin-de-2-banyolu-21-kiralik-daire-17100467/,Sıfır,,Boş,Yok,,
253,17100399,02 Nisan 2025,02 Nisan 2025,Konut,Kiralık,Daire,180 m²,200 m²,3+1,0 (Yeni),4.Kat,4,Kombi Doğalgaz,Boş,,Kat İrtifakı,Hayır,,2,,,,,,,,Genel Fiyat,,,45.000TL, Beylikdüzü - Sahil Mahallesi,https://www.emlakjet.com//ilan/beylikduzu-yakuplu-marina-west-marin-palm-marin-sitesinde-2-banyolu-31-200-m2-dublexkiralik-daire-17100399/,Sıfır,,Boş,Yok,,
254,17100397,02 Nisan 2025,03 Nisan 2025,Konut,Kiralık,Daire,105 m²,130 m²,3+1,21 Ve Üzeri,1.Kat,9,Kombi Doğalgaz,Boş,,Kat İrtifakı,Evet,,1,,Var,1,Açık Balkon,,1,,Genel Fiyat,2351,116,40.000TL, Maltepe - Yalı Mahallesi,https://www.emlakjet.com//ilan/maltepe-yali-mahallesi-dragos-sitesi-nde-31-genis-daire-acik-otopark-cift-asansor-merkezi-konum-17100397/,İkinci El,Betonarme,Boş,Yok,Evet,
255,17100235,02 Nisan 2025,02 Nisan 2025,Konut,Kiralık,Daire,38 m²,40 m²,1+1,16-20,Bahçe Katı,5,Klimalı,Boş,,Kat Mülkiyeti,Hayır,,1,,Var,,,,,,Genel Fiyat,9126,4,16.000TL, Şişli - Mecidiyeköy Mahallesi,https://www.emlakjet.com//ilan/mecidiyekoy-11-esyali-klimali-kiralik-daire-17100235/,,Betonarme,,,,
256,17100207,02 Nisan 2025,02 Nisan 2025,Konut,Kiralık,Daire,65 m²,70 m²,1+1,21 Ve Üzeri,1.Kat,4,Kombi Doğalgaz,Boş,,Hisseli Tapu,Evet,12000 TL,1,,Yok,,,,1,,Genel Fiyat,,17363,12.000TL, Bayrampaşa - Vatan Mahallesi,https://www.emlakjet.com//ilan/vatan-mah-kiralik-daire-17100207/,İkinci El,,,,,
257,17100048,02 Nisan 2025,04 Nisan 2025,Konut,Kiralık,Daire,120 m²,130 m²,3+1,16-20,1.Kat,4,Kombi Doğalgaz,Mülk Sahibi Oturuyor,,Kat İrtifakı,Hayır,,1,,,,,,,,Genel Fiyat,,8777,27.500TL, Bahçelievler - Zafer Mahallesi,https://www.emlakjet.com//ilan/yenibosna-mevlana-camisine-yakin-kiralik-130-m2-31-daire-17100048/,,,,,,
258,17099835,02 Nisan 2025,04 Nisan 2025,Konut,Kiralık,Daire,60 m²,75 m²,2+1,5-10,1.Kat,15,Merkezi (Pay Ölçer),Boş,3000 TL,Kat Mülkiyeti,Evet,52000 TL,1,5 m²,Var,1,Kapalı Balkon,6 m²,1,5 m²,Genel Fiyat,16611,18,52.000TL, Maltepe - Altayçeşme Mahallesi,https://www.emlakjet.com//ilan/altaycesme-rosa-maltepe-sitesinde-21-kiralik-daire-17099835/,İkinci El,,Boş,Yok,,22 m²
259,17099774,02 Nisan 2025,02 Nisan 2025,Konut,Kiralık,Daire,70 m²,183 m²,1+1,5-10,Yüksek Giriş,5,Kombi Doğalgaz,Boş,200 TL,Kat Mülkiyeti,Hayır,18000 TL,1,,Var,1,Açık Balkon,,1,,Genel Fiyat,15400,7,18.000TL, Maltepe - Zümrütevler Mahallesi,https://www.emlakjet.com//ilan/11-yuksek-giris-metroya-yakin-17099774/,,,,,,
260,17099726,02 Nisan 2025,04 Nisan 2025,Konut,Kiralık,Daire,29 m²,41 m²,Stüdyo,4,19.Kat,27,Merkezi (Pay Ölçer),Boş,6013 TL,Kat Mülkiyeti,Evet,50000 TL,1,,Yok,,,,1,,Genel Fiyat,10201,447,25.000TL, Kartal - Cevizli Mahallesi,https://www.emlakjet.com//ilan/adam-kule-maltepede-19-katta-esyali-kiralik-10-kat-halil-guler-17099726/,İkinci El,Betonarme,Eşyalı,Yok,Evet,
261,17099596,02 Nisan 2025,02 Nisan 2025,Konut,Kiralık,Daire,66 m²,75 m²,2+1,21 Ve Üzeri,7.Kat,13,Kombi Doğalgaz,Boş,,Kat İrtifakı,Hayır,,1,,,,,,,,Genel Fiyat,2090,1,29.000TL, Ataşehir - Küçükbakkalköy Mahallesi,https://www.emlakjet.com//ilan/atasehir-kucukbakkalkoy-de-21-kiralik-yenilenmis-arakat-daire-17099596/,,,,,,
262,17099569,02 Nisan 2025,02 Nisan 2025,Konut,Kiralık,Daire,75 m²,80 m²,1+1,1,Bahçe Katı,5,Kombi Doğalgaz,Boş,150 TL,Yabancıdan,Hayır,40000 TL,1,,Var,,,,,,Genel Fiyat,,,18.000TL, Avcılar - Gümüşpala Mahallesi,https://www.emlakjet.com//ilan/avcilar-yeni-binada-esyali-kiralik-17099569/,,,,,,
263,17099542,02 Nisan 2025,03 Nisan 2025,Konut,Kiralık,Daire,120 m²,125 m²,3+1,5-10,4.Kat,6,Kombi Doğalgaz,Boş,0 TL,Kat İrtifakı,Hayır,20000 TL,1,5 m²,Var,1,Açık Balkon,5 m²,1,5 m²,Genel Fiyat,7778,9,20.000TL, Pendik - Orhangazi Mahallesi,https://www.emlakjet.com//ilan/pendik-esenyali-da-kiralik-31-125m2-asansorlu-buyuk-izlasyon-montalamali-daire-17099542/,İkinci El,Betonarme,Boş,Yok,Hayır,25 m²
264,17099486,02 Nisan 2025,02 Nisan 2025,Konut,Kiralık,Daire,75 m²,90 m²,2+1,2,1.Kat,4,Kombi Doğalgaz,Boş,,Kat Mülkiyeti,Hayır,,1,,,,,,,,Genel Fiyat,,,32.000TL, Küçükçekmece - Halkalı Merkez Mahallesi,https://www.emlakjet.com//ilan/esem-emlaktan-sifir-esyali-asansorlu-otoparkli-balkonlu-17099486/,,,Eşyalı,Yok,,
265,17099444,02 Nisan 2025,03 Nisan 2025,Konut,Kiralık,Daire,90 m²,100 m²,2+1,4,1.Kat,4,Kombi Doğalgaz,Boş,,Kat Mülkiyeti,Hayır,40000 TL,1,,Var,,,,,,Genel Fiyat,303,4,18.000TL, Esenyurt - Akçaburgaz Mahallesi,https://www.emlakjet.com//ilan/sahibinden-kiralik-daire-17099444/,İkinci El,Betonarme,Boş,,,
266,17099427,02 Nisan 2025,02 Nisan 2025,Konut,Kiralık,Daire,75 m²,85 m²,2+1,21 Ve Üzeri,3.Kat,7,Kombi Doğalgaz,Boş,250 TL,Arsa Tapulu,Hayır,25500 TL,1,,Yok,,,,,,Genel Fiyat,9125,11,25.500TL, Şişli - Gülbahar Mahallesi,https://www.emlakjet.com//ilan/mecidiyekoy-gulbag-da-21-kiralik-daire-17099427/,,,,,,
267,17099298,02 Nisan 2025,02 Nisan 2025,Konut,Kiralık,Daire,70 m²,75 m²,1+1,21 Ve Üzeri,Müstakil,2,Sobalı,Boş,0 TL,Tapu Kaydı Yok,Hayır,15000 TL,1,,Var,1,Açık Balkon,,1,,Genel Fiyat,,,15.000TL, Sarıyer - Tarabya Mahallesi,https://www.emlakjet.com//ilan/tarabya-sahilde-11-sobali-daire-17099298/,İkinci El,Betonarme,Boş,,,
268,17099038,02 Nisan 2025,04 Nisan 2025,Konut,Kiralık,Daire,75 m²,80 m²,2+1,21 Ve Üzeri,3.Kat,4,Kombi Doğalgaz,Boş,150 TL,Kat Mülkiyeti,Hayır,27000 TL,1,,Var,1,Açık Balkon,,1,,Genel Fiyat,451,12,27.000TL, Üsküdar - Mimar Sinan Mahallesi,https://www.emlakjet.com//ilan/as-emlak-tan-21-uskudar-merkezde-hastane-arkasi-esyali-daire-17099038/,İkinci El,Betonarme,Eşyalı,Yok,Evet,
269,17099033,02 Nisan 2025,04 Nisan 2025,Konut,Kiralık,Daire,40 m²,45 m²,Stüdyo,16-20,Bahçe Katı,6,Isıtma Yok,Boş,,Hisseli Tapu,Hayır,7500 TL,1,15 m²,Yok,,,,1,10 m²,Genel Fiyat,137,5,7.500TL, Küçükçekmece - Atatürk Mahallesi,https://www.emlakjet.com//ilan/emir-emlak-dan-10-esyali-daire-bekara-ikitteli-ataturk-mah-de-17099033/,,,,,,15 m²
270,17098681,02 Nisan 2025,04 Nisan 2025,Konut,Kiralık,Daire,60 m²,65 m²,2+1,21 Ve Üzeri,3.Kat,4,Isıtma Yok,Boş,,Kat Mülkiyeti,Hayır,20000 TL,1,,Var,2,Açık Balkon,,,,Genel Fiyat,1543,11,20.000TL, Fatih - Hırka,https://www.emlakjet.com//ilan/hirka-i-serif-mah-21-60-m-3-kat-merkezi-lokasyonda-kiralik-daire-17098681/,,,Boş,,,
271,17098669,02 Nisan 2025,02 Nisan 2025,Konut,Kiralık,Daire,50 m²,55 m²,1+1,21 Ve Üzeri,Bahçe Katı,5,Kombi Doğalgaz,Boş,,Kat Mülkiyeti,Hayır,,1,,,,,,,,Genel Fiyat,908,24,8.500TL, Bağcılar - Yıldıztepe Mahallesi,https://www.emlakjet.com//ilan/yildiztepede-kiralik-11-bahce-kat-daire-kombili-17098669/,,,,,,
272,17098557,02 Nisan 2025,02 Nisan 2025,Konut,Kiralık,Daire,80 m²,85 m²,2+1,21 Ve Üzeri,3.Kat,3,Kombi Doğalgaz,Boş,100 TL,Kat Mülkiyeti,Hayır,16000 TL,1,,Var,,,,,,Genel Fiyat,1405,1,16.000TL, Fatih - Seyyid Ömer Mahallesi,https://www.emlakjet.com//ilan/kocamustafapasa-uzunyusuf-ta-21-kombili-kiralik-daire-17098557/,,,,,,
273,17098526,02 Nisan 2025,02 Nisan 2025,Konut,Kiralık,Daire,65 m²,70 m²,2+1,5-10,Çatı Dubleks,3,Kombi Doğalgaz,Boş,200 TL,Kat Mülkiyeti,Hayır,15000 TL,1,,Var,1,Açık Balkon,,1,,Genel Fiyat,null,5279,16.000TL, Avcılar - Cihangir Mahallesi,https://www.emlakjet.com//ilan/avcilarda-guzel-konumda-kiralik-21-on-cephe-bahceli-daire-17098526/,İkinci El,Betonarme,,Yok,Evet,
274,17098502,02 Nisan 2025,03 Nisan 2025,Konut,Kiralık,Daire,150 m²,177 m²,3+1,5-10,6.Kat,15,Merkezi (Pay Ölçer),Boş,,Kat Mülkiyeti,Hayır,,2,,,,,,2,,Genel Fiyat,,,63.000TL, Bağcılar - Kirazlı Mahallesi,https://www.emlakjet.com//ilan/gunesli-baglar-mahallesi-gunesli-park-gardenya-sitesi-kiralik-31-daire-17098502/,İkinci El,,Boş,Yok,,
275,17098496,02 Nisan 2025,02 Nisan 2025,Konut,Kiralık,Daire,65 m²,70 m²,1+1,21 Ve Üzeri,3.Kat,4,Kombi Doğalgaz,Boş,150 TL,Arsa Tapulu,Hayır,20000 TL,1,,,,,,,,Genel Fiyat,1709,21,20.000TL, Ataşehir - Kayışdağı Mahallesi,https://www.emlakjet.com//ilan/kayisdagi-merkezde-metroya-yakin-11-3-kat-70m2-balkonlu-17098496/,,,,,,
276,17098458,02 Nisan 2025,02 Nisan 2025,Konut,Kiralık,Daire,70 m²,75 m²,2+1,21 Ve Üzeri,1.Kat,4,Kombi Doğalgaz,Boş,,Hisseli Tapu,Hayır,14000 TL,1,,,,,,,,Genel Fiyat,,470,14.000TL, Bahçelievler - Zafer Mahallesi,https://www.emlakjet.com//ilan/tutar-emlakdan-muhammediye-cami-yakini-21-70-m2-1-kat-kiralik-17098458/,,,,,,
277,17098403,02 Nisan 2025,02 Nisan 2025,Konut,Kiralık,Daire,55 m²,60 m²,1+1,4,8.Kat,8,Kombi Doğalgaz,Boş,,Kat İrtifakı,Hayır,,1,,Yok,,,,1,,Genel Fiyat,6227,5,24.000TL, Kağıthane - Telsizler Mahallesi,https://www.emlakjet.com//ilan/tuncay-dan-kagithane-de-yeni-binada-cadde-uzerinde-11-esyali-17098403/,,,Eşyalı,,,
278,17098350,02 Nisan 2025,02 Nisan 2025,Konut,Kiralık,Daire,80 m²,85 m²,2+1,5-10,Yüksek Giriş,5,Merkezi Doğalgaz,Boş,,Kat İrtifakı,Hayır,,1,,Var,,,,,,Genel Fiyat,20139,13,18.000TL, Sultangazi - Cebeci Mahallesi,https://www.emlakjet.com//ilan/uc-kardesler-den-cebeci-mh-21-85m2-yuksek-giris-kati-kiralik-daire-17098350/,,,,,,
279,17098117,02 Nisan 2025,02 Nisan 2025,Konut,Kiralık,Daire,80 m²,90 m²,2+1,5-10,Yüksek Giriş,5,Kombi Doğalgaz,Boş,,Kat Mülkiyeti,Hayır,,1,,Yok,,,,,,Genel Fiyat,8637,13,25.000TL, Kağıthane - Seyrantepe Mahallesi,https://www.emlakjet.com//ilan/seyrantepe-metrosuna-yurume-mesafesinde-kiralik-daire-17098117/,,,,,,
280,17098106,02 Nisan 2025,02 Nisan 2025,Konut,Kiralık,Daire,60 m²,65 m²,1+1,21 Ve Üzeri,2.Kat,4,Doğalgaz Sobalı,Boş,,Kat İrtifakı,Hayır,,1,,,,,,,,Genel Fiyat,,,15.500TL, Bayrampaşa - Vatan Mahallesi,https://www.emlakjet.com//ilan/bayrampasa-vatan-mah-11-60m2-kiralik-temiz-daire-17098106/,,,Boş,Yok,,
281,17098088,02 Nisan 2025,02 Nisan 2025,Konut,Kiralık,Daire,75 m²,85 m²,2+1,21 Ve Üzeri,3.Kat,5,Kombi Doğalgaz,Boş,200 TL,Kat Mülkiyeti,Hayır,20000 TL,1,5 m²,Var,1,,4 m²,1,,Genel Fiyat,1352,9,20.000TL, Şişli - Eskişehir Mahallesi,https://www.emlakjet.com//ilan/sahibinden-kiralik-17098088/,İkinci El,Betonarme,Boş,,Evet,
282,17097744,02 Nisan 2025,02 Nisan 2025,Konut,Kiralık,Daire,80 m²,100 m²,2+1,5-10,2.Kat,3,Kombi Doğalgaz,Boş,,Kat İrtifakı,Hayır,,1,,,,,,,,Genel Fiyat,,,24.750TL, Çekmeköy - Mimar Sinan Mahallesi,https://www.emlakjet.com//ilan/cekmekoy-esyali-kiralik-daire-mimarsinan-mah-21-ara-kat-17097744/,,,Eşyalı,Yok,,
283,17097440,01 Nisan 2025,04 Nisan 2025,Konut,Kiralık,Daire,95 m²,100 m²,2+1,21 Ve Üzeri,5.Kat,5,Kombi Doğalgaz,Boş,,Hisseli Tapu,Hayır,14000 TL,1,,Var,,,,,,Genel Fiyat,,,14.000TL, Bağcılar - Yenimahalle Mahallesi,https://www.emlakjet.com//ilan/yenimahallede-kiralik-21-daire-17097440/,,,,,,
284,17097435,01 Nisan 2025,02 Nisan 2025,Konut,Kiralık,Daire,45 m²,55 m²,1+1,21 Ve Üzeri,3.Kat,5,Kombi Doğalgaz,Boş,,Arsa Tapulu,Hayır,,1,,,,,,,,Genel Fiyat,,,60.000TL, Şişli - Cumhuriyet Mahallesi,https://www.emlakjet.com//ilan/sisli-bomonti-de-otel-konseptli-esyali-ferah-11-kiralik-daire-17097435/,,,Eşyalı,Yok,,
285,17097410,01 Nisan 2025,01 Nisan 2025,Konut,Kiralık,Daire,85 m²,100 m²,2+1,4,9.Kat,14,Merkezi Doğalgaz,Mülk Sahibi Oturuyor,2000 TL,Kat Mülkiyeti,Evet,90000 TL,1,,,,,,,,Genel Fiyat,5141,10,45.000TL, Kağıthane - Şirintepe Mahallesi,https://www.emlakjet.com//ilan/sahibinden-4-levent-luks-kiralik-21-daire-17097410/,,,,,,
286,17097170,01 Nisan 2025,04 Nisan 2025,Konut,Kiralık,Daire,60 m²,65 m²,1+1,21 Ve Üzeri,4.Kat,5,Kombi Doğalgaz,Boş,,Tapu Kaydı Yok,Hayır,,1,,,,,,,,Genel Fiyat,,,18.000TL, Beyoğlu - Camiikebir Mahallesi,https://www.emlakjet.com//ilan/beyoglu-kasimpasa-camikebir-mah-11-dogalgazli-daire-17097170/,İkinci El,Betonarme,,Yok,,
287,17097062,01 Nisan 2025,02 Nisan 2025,Konut,Kiralık,Daire,100 m²,113 m²,2+2,21 Ve Üzeri,3.Kat,4,Kombi Doğalgaz,Boş,250 TL,Hisseli Tapu,Hayır,21500 TL,1,,Var,1,,,,,Genel Fiyat,3218,2,21.500TL, Gaziosmanpaşa - Kazım Karabekir Mahallesi,https://www.emlakjet.com//ilan/hesapli-temiz-113m2-17097062/,,,,,,
288,17097048,01 Nisan 2025,04 Nisan 2025,Konut,Kiralık,Daire,70 m²,75 m²,2+1,5-10,Yüksek Giriş,3,Kombi Doğalgaz,Boş,,Kat Mülkiyeti,Hayır,17000 TL,1,,,,,,,,Genel Fiyat,,,17.000TL, Bağcılar - Demirkapı Mahallesi,https://www.emlakjet.com//ilan/demirkapida-kiralik-21-daire-amerikan-mutfakli-17097048/,,,,,,
289,17096949,01 Nisan 2025,01 Nisan 2025,Konut,Kiralık,Daire,115 m²,120 m²,2+1,21 Ve Üzeri,5.Kat,6,Kombi Doğalgaz,Boş,,Tapu Kaydı Yok,Hayır,50000 TL,1,,,,,,,,Genel Fiyat,,,28.000TL, Bahçelievler - Hürriyet Mahallesi,https://www.emlakjet.com//ilan/mahmutbey-caddesi-uzerinde-fullesyali-21-5-kat-kiralik-daire-17096949/,,,,,,
290,17096647,01 Nisan 2025,01 Nisan 2025,Konut,Kiralık,Daire,65 m²,80 m²,2+1,4,3.Kat,5,Kombi Doğalgaz,Boş,250 TL,Kat Mülkiyeti,Hayır,,1,7 m²,Var,1,Açık Balkon,4 m²,1,7 m²,Genel Fiyat,185,14,25.000TL, Çekmeköy - Çatalmeşe Mahallesi,https://www.emlakjet.com//ilan/adres34-ten-catalmese-mahallesinde-esyali-kiralik-21-ara-kat-17096647/,İkinci El,Betonarme,Eşyalı,,Hayır,18 m²
291,17096539,01 Nisan 2025,04 Nisan 2025,Konut,Kiralık,Daire,60 m²,70 m²,1+1,21 Ve Üzeri,Yüksek Giriş,5,Kombi Doğalgaz,Boş,,Arsa Tapulu,Hayır,13000 TL,1,,Var,1,Açık Balkon,,2,,Genel Fiyat,429,19,13.000TL, Esenler - Turgut Reis Mahallesi,https://www.emlakjet.com//ilan/esenler-turgut-reiste-kiralik-daire-17096539/,,Betonarme,,,,
292,17096526,01 Nisan 2025,02 Nisan 2025,Konut,Kiralık,Daire,55 m²,60 m²,1+1,21 Ve Üzeri,Düz Giriş (Zemin),4,Kombi Doğalgaz,Boş,,Bilinmiyor,Hayır,,1,,,,,,,,Genel Fiyat,,,15.000TL, Kağıthane - Ortabayır Mahallesi,https://www.emlakjet.com//ilan/ortabayir-da-kiralik-11-daire-17096526/,İkinci El,Betonarme,,Yok,,
293,17096522,01 Nisan 2025,04 Nisan 2025,Konut,Kiralık,Daire,70 m²,85 m²,1+1,0 (Yeni),4.Kat,5,Kombi Doğalgaz,Boş,,Kat İrtifakı,Hayır,,1,,,,,,,,Genel Fiyat,9657,2,25.000TL, Kağıthane - Çeliktepe Mahallesi,https://www.emlakjet.com//ilan/kagithane-celiktepe-de-kiralik-11-luxs-daire-karada-yapi-yatirim-dan-17096522/,,,,,,
294,17096448,01 Nisan 2025,02 Nisan 2025,Konut,Kiralık,Daire,80 m²,90 m²,2+1,21 Ve Üzeri,3.Kat,5,Kombi Doğalgaz,Boş,150 TL,Bilinmiyor,Hayır,,1,,,,,,,,Genel Fiyat,,,23.000TL, Ataşehir - Esatpaşa Mahallesi,https://www.emlakjet.com//ilan/f-l-emlaktan-ornek-tip-merkezi-yakini-21-arakat-17096448/,İkinci El,Betonarme,,Yok,,
295,17096361,01 Nisan 2025,04 Nisan 2025,Konut,Kiralık,Daire,140 m²,160 m²,3+1,21 Ve Üzeri,4.Kat,9,Merkezi Doğalgaz,Boş,2000 TL,Kat Mülkiyeti,Hayır,75000 TL,1,7 m²,Var,,,3 m²,1,3 m²,Birim Fiyat,1014,232,60.000TL, Kadıköy - Merdivenköy Mahallesi,https://www.emlakjet.com//ilan/sahibinden-fahrettin-kerim-gokay-caddesi-uzeri-17096361/,İkinci El,Betonarme,Boş,Yok,,44 m²
296,17096324,01 Nisan 2025,04 Nisan 2025,Konut,Kiralık,Daire,70 m²,79 m²,2+1,21 Ve Üzeri,3.Kat,5,Kombi Doğalgaz,Boş,250 TL,Kat Mülkiyeti,Hayır,22500 TL,1,,Yok,,,,1,,Birim Fiyat,1146,10,22.500TL, Beyoğlu - Kadımehmet Efendi Mahallesi,https://www.emlakjet.com//ilan/sahibinden-tersane-istanbul-onunde-deniz-manzarali-kiralik-daire-17096324/,İkinci El,Betonarme,Boş,Yok,Evet,
297,17096189,01 Nisan 2025,02 Nisan 2025,Konut,Kiralık,Daire,90 m²,117 m²,2+1,11-15,12.Kat,13,Kombi Doğalgaz,Boş,,Kat Mülkiyeti,Evet,,1,,,,,,,,Genel Fiyat,,,51.000TL, Ümraniye - Saray Mahallesi,https://www.emlakjet.com//ilan/turyap-mahir-mamattan-kiralik-kapalimutfak-21-umraniye-dorapark-17096189/,,,Boş,Yok,,
298,17096022,01 Nisan 2025,04 Nisan 2025,Konut,Kiralık,Daire,86 m²,92 m²,2+1,2,4.Kat,7,Kombi Doğalgaz,Boş,,Kat Mülkiyeti,Hayır,15000 TL,1,,Var,1,Açık Balkon,,1,,Genel Fiyat,637,1,15.000TL, Silivri - Alipaşa Mahallesi,https://www.emlakjet.com//ilan/silivri-kiptas-4-21-acik-mutfak-mazarali-17096022/,İkinci El,,Boş,Yok,Hayır,
299,17095908,01 Nisan 2025,02 Nisan 2025,Konut,Kiralık,Daire,70 m²,80 m²,1+1,5-10,15.Kat,30,Kombi Doğalgaz,Boş,4250 TL,Tapu Kaydı Yok,Evet,45000 TL,1,,Var,,,,1,,Genel Fiyat,,,35.000TL, Avcılar - Üniversite Mahallesi,https://www.emlakjet.com//ilan/avcilar-luks-sitede-esyali-daire-17095908/,İkinci El,Betonarme,,,,
300,17095736,01 Nisan 2025,02 Nisan 2025,Konut,Kiralık,Daire,116 m²,130 m²,4+1,21 Ve Üzeri,4.Kat,6,Merkezi (Pay Ölçer),Boş,1600 TL,Bilinmiyor,Hayır,,2,,,,,,,,Genel Fiyat,,,72.000TL, Şişli - Teşvikiye Mahallesi,https://www.emlakjet.com//ilan/sezai-selek-sokak-ta-asansorlu-4-katta-130m2-bakimli-ferah-daire-17095736/,,,,Yok,,
301,17095586,01 Nisan 2025,04 Nisan 2025,Konut,Kiralık,Daire,55 m²,65 m²,2+1,1,Bahçe Katı,5,Kombi Doğalgaz,Boş,,Kat Mülkiyeti,Hayır,,1,,,,,,,,Genel Fiyat,,,18.000TL, Küçükçekmece - Yeni Mahalle Mahallesi,https://www.emlakjet.com//ilan/yenimahalle-de-kiralik-21-bahce-kati-daire-17095586/,,,Boş,Yok,,
302,17036822,18 Mart 2025,18 Mart 2025,Konut,Kiralık,Daire,100 m²,120 m²,3+1,21 Ve Üzeri,Kot 1 (-1).Kat,5,Kombi Doğalgaz,Boş,,Kat Mülkiyeti,Hayır,,1,,,,,,,,Genel Fiyat,,,47.000TL, Kadıköy - Koşuyolu Mahallesi,https://www.emlakjet.com//ilan/kosuyolu-ibrahimaga-da-marmaray-a-kapi-komsu-kiralik-31-daire-17036822/,,,,Yok,,
303,16971934,07 Mart 2025,07 Mart 2025,Konut,Kiralık,Daire,75 m²,85 m²,2+1,5-10,Çatı Katı,5,Kombi Doğalgaz,Boş,,Kat Mülkiyeti,Hayır,,1,,,,,,,,Genel Fiyat,,,13.500TL, Arnavutköy - Anadolu Mahallesi,https://www.emlakjet.com//ilan/realkent-den-kiralik-21-75m-cati-kati-16971934/,,,Boş,Yok,,
304,16967521,07 Mart 2025,07 Mart 2025,Konut,Kiralık,Daire,88 m²,105 m²,2+1,5-10,Düz Giriş (Zemin),4,Kombi Doğalgaz,Boş,250 TL,Bilinmiyor,Hayır,,1,,,,,,,,Genel Fiyat,,,18.000TL, Sancaktepe - Osmangazi Mahallesi,https://www.emlakjet.com//ilan/sancaktepe-samandira-osmangazi-mh-kiraik-ters-dubleks-16967521/,,Betonarme,,Yok,,
305,16925535,02 Mart 2025,03 Mart 2025,Konut,Kiralık,Daire,70 m²,75 m²,2+1,4,4.Kat,5,Kombi Doğalgaz,Boş,,Kat Mülkiyeti,Hayır,,1,,,,,,,,Genel Fiyat,,,19.999TL, Sancaktepe - İnönü Mahallesi,https://www.emlakjet.com//ilan/sancaktepe-inonu-mh-cok-sirin-daire-19999-tl-16925535/,,,Boş,Yok,,
306,16925177,02 Mart 2025,04 Mart 2025,Konut,Kiralık,Daire,80 m²,84 m²,2+1,21 Ve Üzeri,6.Kat,7,Merkezi (Pay Ölçer),Boş,,Kat Mülkiyeti,Evet,,1,,,,,,,,Genel Fiyat,,,26.000TL, Başakşehir - Başakşehir Mahallesi,https://www.emlakjet.com//ilan/basaksehir-1-etap-ta-esyali-21-kiralik-daire-16925177/,,,Eşyalı,Yok,,
307,16887073,23 Şubat 2025,24 Şubat 2025,Konut,Kiralık,Daire,45 m²,50 m²,1+1,5-10,13.Kat,27,Merkezi (Pay Ölçer),Boş,,Kat Mülkiyeti,Hayır,,1,,,,,,,,Genel Fiyat,,,13.000TL, Esenyurt - Yeşilkent Mahallesi,https://www.emlakjet.com//ilan/innovia-3-kiralik-11-esyali-sehir-cephe-daire-16887073/,,,Eşyalı,Yok,,
308,16849437,18 Şubat 2025,18 Şubat 2025,Konut,Kiralık,Daire,61 m²,80 m²,2+1,3,10.Kat,14,Kombi Doğalgaz,Boş,,Kat Mülkiyeti,Evet,,1,,,,,,,,Genel Fiyat,,,42.000TL, Ataşehir - İnönü Mahallesi,https://www.emlakjet.com//ilan/ful-esyli-2-oda1salon-inonu-mah-en-seckin-sit-7-24guvenlik-16849437/,,,Boş,Yok,,
309,17113820,05 Nisan 2025,05 Nisan 2025,Konut,Kiralık,Daire,65 m²,70 m²,2+1,11-15,Yüksek Giriş,4,Kombi Doğalgaz,Boş,,Kat Mülkiyeti,Hayır,,1,,,,,,,,Genel Fiyat,,,14.000TL, Avcılar - Gümüşpala Mahallesi,https://www.emlakjet.com//ilan/yeni-binada-kiralik-21-yuksek-giris-daire-17113820/,,,Boş,Yok,,
310,17113234,04 Nisan 2025,04 Nisan 2025,Konut,Kiralık,Daire,95 m²,105 m²,2+1,16-20,Düz Giriş (Zemin),3,Kombi Doğalgaz,Boş,,Arsa Tapulu,Hayır,,1,,,,,,,,Genel Fiyat,,,15.000TL, Sancaktepe - Mevlana Mahallesi,https://www.emlakjet.com//ilan/kiralik-21-giris-kat-95-m2-caddeye-cok-yakin-kacmaz-17113234/,,,Boş,Yok,,
311,17113217,04 Nisan 2025,04 Nisan 2025,Konut,Kiralık,Daire,90 m²,100 m²,2+1,5-10,2.Kat,4,Kombi Doğalgaz,Boş,,Kat Mülkiyeti,Hayır,,1,,,,,,,,Genel Fiyat,,,18.500TL, Sancaktepe - Abdurrahmangazi Mahallesi,https://www.emlakjet.com//ilan/sancaktepe-abdurrahmangazi-mah-21-genis-kullanisli-ara-kat-17113217/,,,Boş,Yok,,
312,17113215,04 Nisan 2025,04 Nisan 2025,Konut,Kiralık,Daire,80 m²,90 m²,2+1,5-10,2.Kat,5,Kombi Doğalgaz,Boş,,Kat Mülkiyeti,Hayır,,1,,,,,,,,Genel Fiyat,,,19.250TL, Sancaktepe - Osmangazi Mahallesi,https://www.emlakjet.com//ilan/sancaktepe-osmangazi-mahallesinde-21-kiralik-daire-17113215/,,,Boş,Yok,,
313,17113027,04 Nisan 2025,04 Nisan 2025,Konut,Kiralık,Daire,80 m²,90 m²,2+1,5-10,Yüksek Giriş,5,Kombi Doğalgaz,Boş,,Bilinmiyor,Hayır,,1,,,,,,,,Genel Fiyat,,,25.000TL, Kağıthane - Seyrantepe Mahallesi,https://www.emlakjet.com//ilan/seyrantepe-metrosuna-yurume-mesafesinde-17113027/,İkinci El,Betonarme,,Yok,,
314,17112849,04 Nisan 2025,04 Nisan 2025,Konut,Kiralık,Daire,130 m²,140 m²,3+1,16-20,3.Kat,5,Kombi Doğalgaz,Boş,,Kat Mülkiyeti,Hayır,,1,,,,,,,,Genel Fiyat,,,40.000TL, Üsküdar - Murat Reis Mahallesi,https://www.emlakjet.com//ilan/parlak-tan-metroya-5-dk-asansorlu-cift-cepheli-ara-kat-daire-17112849/,,,Boş,Yok,,
315,17112848,04 Nisan 2025,04 Nisan 2025,Konut,Kiralık,Daire,110 m²,120 m²,3+1,21 Ve Üzeri,5.Kat,6,Kombi Doğalgaz,Boş,,Kat Mülkiyeti,Hayır,,1,,,,,,,,Genel Fiyat,,,29.000TL, Üsküdar - Sultantepe Mahallesi,https://www.emlakjet.com//ilan/parlak-tan-marmaraya-max-5-dk-yurume-31-deniz-ve-sehir-manzara-17112848/,,,Boş,Yok,,
316,17112698,04 Nisan 2025,04 Nisan 2025,Konut,Kiralık,Daire,55 m²,65 m²,1+1,11-15,Bahçe Katı,4,Kombi Doğalgaz,Kiracı Oturuyor,,Kat İrtifakı,Hayır,,1,,,,,,,,Genel Fiyat,,,15.000TL, Bağcılar - Güneşli Mahallesi,https://www.emlakjet.com//ilan/bagcilar-gunesli-mah-kiralik-yari-bodrum-11-daire-55m2-17112698/,,,Boş,Yok,,
317,17112638,04 Nisan 2025,04 Nisan 2025,Konut,Kiralık,Daire,70 m²,84 m²,2+1,0 (Yeni),4.Kat,10,Merkezi (Pay Ölçer),Boş,,Kat İrtifakı,Evet,,1,,,,,,,,Genel Fiyat,,,29.000TL, Tuzla - Yayla Mahallesi,https://www.emlakjet.com//ilan/tuzla-sehriyaz-besevler-sitesi-arakat-21-kiralik-daire-17112638/,,,Boş,Yok,,
318,17112637,04 Nisan 2025,04 Nisan 2025,Konut,Kiralık,Daire,80 m²,101 m²,2+1,5-10,29.Kat,30,Merkezi (Pay Ölçer),Boş,,Kat Mülkiyeti,Evet,,2,,,,,,,,Genel Fiyat,,,45.000TL, Ataşehir - Küçükbakkalköy Mahallesi,https://www.emlakjet.com//ilan/novadan-atasehir-brandiumda-21-kiralik-ofis-konut-17112637/,,,Boş,Yok,,
319,17112086,04 Nisan 2025,04 Nisan 2025,Konut,Kiralık,Daire,110 m²,120 m²,2+1,11-15,8.Kat,10,Kombi Doğalgaz,Boş,,Kat Mülkiyeti,Evet,,1,,,,,,,,Genel Fiyat,,,21.000TL, Esenyurt - Cumhuriyet Mahallesi,https://www.emlakjet.com//ilan/cumhuriyette-metrobuse-yakin-21-kiralik-daire-17112086/,,,Boş,Yok,,
320,17111517,04 Nisan 2025,04 Nisan 2025,Konut,Kiralık,Daire,180 m²,190 m²,4+2,5-10,3.Kat,5,Kombi Doğalgaz,Boş,,Kat Mülkiyeti,Hayır,,2,,,,,,,,Genel Fiyat,,,25.000TL, Sultangazi - 75. Yıl Mahallesi,https://www.emlakjet.com//ilan/haksever-den-kiralik-dubleks-42-avmyani-terasli-ikiaileye-uygun-17111517/,,,Boş,Yok,,
321,17111440,04 Nisan 2025,04 Nisan 2025,Konut,Kiralık,Daire,70 m²,90 m²,2+1,21 Ve Üzeri,Yüksek Giriş,5,Kombi Doğalgaz,Boş,150 TL,Arsa Tapulu,Hayır,20500 TL,1,,Var,1,Açık Balkon,,1,,Genel Fiyat,10243,323,20.500TL, Kartal - Gümüşpınar Mahallesi,https://www.emlakjet.com//ilan/mertcan-dan-ataturk-cad-yurume-21-acik-balkonlu-firsat-kiralik-17111440/,İkinci El,Betonarme,Boş,Yok,Hayır,
322,17111309,04 Nisan 2025,04 Nisan 2025,Konut,Kiralık,Daire,55 m²,75 m²,1+1,11-15,10.Kat,17,Kombi Doğalgaz,Boş,3500 TL,Kat Mülkiyeti,Evet,64000 TL,1,,Yok,,,,1,,Genel Fiyat,10114,254,32.000TL, Kartal - Soğanlık Yeni Mahallesi,https://www.emlakjet.com//ilan/soganlik-yeni-mah-guvenlikli-havuzlu-site-ici-11-esyali-kiralik-17111309/,İkinci El,Betonarme,Boş,Yok,Hayır,
323,17110927,04 Nisan 2025,04 Nisan 2025,Konut,Kiralık,Daire,85 m²,100 m²,2+1,21 Ve Üzeri,1.Kat,4,Kombi Doğalgaz,Boş,,Kat Mülkiyeti,Hayır,,1,,,,,,,,Genel Fiyat,,,27.500TL, Bakırköy - Yenimahalle Mahallesi,https://www.emlakjet.com//ilan/yenimahalle-marmaray-cepheli-21-bakimli-daire-17110927/,,,Boş,Yok,,
324,17110909,04 Nisan 2025,04 Nisan 2025,Konut,Kiralık,Daire,95 m²,110 m²,2+1,5-10,2.Kat,30,Merkezi Doğalgaz,Boş,,Kat Mülkiyeti,Evet,,2,,,,,,,,Genel Fiyat,,,21.000TL, Esenyurt - Gökevler Mahallesi,https://www.emlakjet.com//ilan/kristalsehir-ihlas-evleri-beylikduzu-21-kiralik-daire-17110909/,,,Boş,Yok,,
325,17110895,04 Nisan 2025,04 Nisan 2025,Konut,Kiralık,Daire,100 m²,120 m²,2+1,21 Ve Üzeri,2.Kat,4,Kombi Doğalgaz,Boş,150 TL,Arsa Tapulu,Hayır,16500 TL,1,,Var,1,Açık Balkon,,1,,Genel Fiyat,11892,35,16.500TL, Kartal - Hürriyet Mahallesi,https://www.emlakjet.com//ilan/mertcan-dan-adnan-kahveci-metroya-yurume-21-balkonlu-17110895/,İkinci El,Betonarme,Boş,Yok,Hayır,
326,17110530,04 Nisan 2025,04 Nisan 2025,Konut,Kiralık,Daire,72 m²,92 m²,2+1,3,3.Kat,5,Kombi Doğalgaz,Boş,400 TL,Kat Mülkiyeti,Hayır,25500 TL,1,,Var,1,Açık Balkon,,1,,Genel Fiyat,11823,8,25.500TL, Kartal - Hürriyet Mahallesi,https://www.emlakjet.com//ilan/mertcan-dan-ozanlar-cad-arakat-21-balkonlu-luks-kiralik-17110530/,İkinci El,Betonarme,Boş,Yok,Hayır,
327,17110345,04 Nisan 2025,04 Nisan 2025,Konut,Kiralık,Daire,75 m²,90 m²,2+1,16-20,1.Kat,3,Kombi Doğalgaz,Boş,,Tapu Kaydı Yok,Evet,,1,,Yok,,,,,,Genel Fiyat,,,18.000TL, Pendik - Yenişehir Mahallesi,https://www.emlakjet.com//ilan/mertcan-dan-yenisehir-mahallesi-caddeye-yurume-ara-kat-21-daire-17110345/,İkinci El,Betonarme,,,Hayır,
328,17109974,04 Nisan 2025,04 Nisan 2025,Konut,Kiralık,Daire,140 m²,150 m²,3+1,11-15,3.Kat,5,Kombi Doğalgaz,Boş,0 TL,Kooperatiften Tapu,Hayır,26000 TL,1,,Var,,,,,,Genel Fiyat,,,26.000TL, Sultangazi - Cebeci Mahallesi,https://www.emlakjet.com//ilan/baykal-ins-cebeci-mah-kiralik-daire-31-140m-17109974/,,,,,,
329,17109927,04 Nisan 2025,04 Nisan 2025,Konut,Kiralık,Daire,90 m²,100 m²,2+1,21 Ve Üzeri,Bahçe Katı,5,Kombi Doğalgaz,Boş,0 TL,Kooperatiften Tapu,Hayır,15000 TL,1,,Var,,,,,,Genel Fiyat,,,15.000TL, Sultangazi - Cebeci Mahallesi,https://www.emlakjet.com//ilan/baykal-insaat-cebeci-mah-kiralik-bahce-kat-17109927/,,,,,,
330,17109823,04 Nisan 2025,04 Nisan 2025,Konut,Kiralık,Daire,135 m²,145 m²,3+1,21 Ve Üzeri,1.Kat,15,Kombi Doğalgaz,Boş,,Kat İrtifakı,Evet,,1,,,,,,,,Genel Fiyat,,,25.000TL, Esenyurt - Barbaros Hayrettin Paşa Mahallesi,https://www.emlakjet.com//ilan/cagdaskent-sitesinde-kiralik-metrobuse-yakin-31-17109823/,,,Boş,Yok,,
331,17109808,04 Nisan 2025,04 Nisan 2025,Konut,Kiralık,Daire,65 m²,85 m²,2+1,21 Ve Üzeri,8.Kat,9,Kombi Doğalgaz,Boş,250 TL,Kat İrtifakı,Evet,23500 TL,1,,Var,1,Açık Balkon,,1,,Genel Fiyat,10586,27,23.500TL, Kartal - Uğur Mumcu Mahallesi,https://www.emlakjet.com//ilan/mertcan-dan-ugurmumcu-mah-arakat-21-acik-balkonlu-firsat-kiralik-17109808/,İkinci El,Betonarme,Boş,Yok,Hayır,
332,17109662,04 Nisan 2025,04 Nisan 2025,Konut,Kiralık,Daire,115 m²,130 m²,3+1,16-20,2.Kat,4,Kombi Doğalgaz,Boş,,Tapu Kaydı Yok,Hayır,,1,,Var,,,,,,Genel Fiyat,,,20.000TL, Pendik - Güllü Bağlar Mahallesi,https://www.emlakjet.com//ilan/mertcan-dan-gullubaglar-mah-caddeye-3dk-2-balkonlu-ara-kat-31-17109662/,İkinci El,Betonarme,,,Hayır,
333,17109390,04 Nisan 2025,04 Nisan 2025,Konut,Kiralık,Daire,105 m²,125 m²,3+1,16-20,4.Kat,4,Kombi Doğalgaz,Boş,,Kat İrtifakı,Evet,26500 TL,1,105 m²,Var,1,Açık Balkon,,1,,Genel Fiyat,10618,1,26.500TL, Kartal - Uğur Mumcu Mahallesi,https://www.emlakjet.com//ilan/mertcan-dan-ugurmumcu-mah-site-icinde-31-ankastreli-kapali-balkonlu-17109390/,İkinci El,Betonarme,Boş,Yok,Hayır,
334,17108813,04 Nisan 2025,04 Nisan 2025,Konut,Kiralık,Daire,115 m²,130 m²,3+1,5-10,3.Kat,5,Kombi Doğalgaz,Boş,,Tapu Kaydı Yok,Hayır,,1,,Var,,,,,,Genel Fiyat,9083,10,27.500TL, Pendik - Şeyhli Mahallesi,https://www.emlakjet.com//ilan/mertcan-dan-ankara-caddesine-1dk-mesafeli-31-genis-ara-kat-17108813/,İkinci El,Betonarme,,Yok,Hayır,
335,17108393,04 Nisan 2025,04 Nisan 2025,Konut,Kiralık,Daire,90 m²,100 m²,3+1,16-20,3.Kat,3,Kombi Doğalgaz,Boş,,Kat İrtifakı,Hayır,,1,,,,,,,,Genel Fiyat,,,22.000TL, Maltepe - Fındıklı Mahallesi,https://www.emlakjet.com//ilan/ulasima-ve-marketlere-yakin-cift-balkonlu-genis-31-17108393/,,,Boş,Yok,,
336,17108387,04 Nisan 2025,04 Nisan 2025,Konut,Kiralık,Daire,65 m²,75 m²,2+1,5-10,Kot 1 (-1).Kat,4,Kombi Doğalgaz,Boş,,Kat Mülkiyeti,Hayır,,1,,,,,,,,Genel Fiyat,,,18.500TL, Maltepe - Fındıklı Mahallesi,https://www.emlakjet.com//ilan/findikli-da-hancioglu-cad-ve-ataturk-caddesine-yakin-21-17108387/,,,Boş,Yok,,
337,17108329,04 Nisan 2025,04 Nisan 2025,Konut,Kiralık,Daire,85 m²,90 m²,1+1,21 Ve Üzeri,6.Kat,6,Kombi Doğalgaz,Boş,,Kat Mülkiyeti,Hayır,,1,,,,,,,,Genel Fiyat,,,15.000TL, Avcılar - Merkez Mahallesi,https://www.emlakjet.com//ilan/merkez-de-90-m2-11-cift-terasli-asansorlu-kiralik-daire-17108329/,,,Boş,Yok,,
338,17108109,04 Nisan 2025,04 Nisan 2025,Konut,Kiralık,Daire,60 m²,70 m²,1+1,0 (Yeni),Bahçe Katı,4,Kombi Doğalgaz,Boş,,Kat Mülkiyeti,Hayır,10000 TL,1,,,,,,1,,Genel Fiyat,2568,7,10.000TL, Esenyurt - Pınar Mahallesi,https://www.emlakjet.com//ilan/devlet-hastanesi-karsisinda-11-bahceli-0-kiralik-daire-17108109/,Sıfır,Betonarme,Boş,Yok,Hayır,
339,17107612,04 Nisan 2025,04 Nisan 2025,Konut,Kiralık,Daire,120 m²,143 m²,3+1,11-15,2.Kat,7,Kombi Doğalgaz,Boş,,Kat Mülkiyeti,Evet,,1,,,,,,,,Genel Fiyat,,,35.000TL, Pendik - Kurtköy Mahallesi,https://www.emlakjet.com//ilan/pendik-yenisehir-apron-residence-kurtkoy-kiralik-31-daire-17107612/,,,Boş,Yok,,
340,17107588,04 Nisan 2025,04 Nisan 2025,Konut,Kiralık,Daire,50 m²,55 m²,1+1,5-10,Çatı Katı,3,Kombi Doğalgaz,Boş,,Hisseli Tapu,Hayır,,1,,,,,,,,Genel Fiyat,,,25.000TL, Şişli - Gülbahar Mahallesi,https://www.emlakjet.com//ilan/homeland-den-11-sifir-lux-esyali-ferah-yeni-binada-terasli-dair-17107588/,,,Eşyalı,Yok,,
341,17107585,04 Nisan 2025,04 Nisan 2025,Konut,Kiralık,Daire,70 m²,75 m²,1+1,5-10,Kot 2 (-2).Kat,4,Kombi Doğalgaz,Boş,,Kat Mülkiyeti,Hayır,,1,,,,,,,,Genel Fiyat,,,22.000TL, Kağıthane - Harmantepe Mahallesi,https://www.emlakjet.com//ilan/homeland-den-yeni-binada-full-gunes-alan-esyasiz-11-ayri-mutfak-17107585/,,,Boş,Yok,,
342,17107520,04 Nisan 2025,04 Nisan 2025,Konut,Kiralık,Daire,75 m²,85 m²,2+1,21 Ve Üzeri,Bahçe Katı,6,Doğalgaz Sobalı,Boş,,Arsa Tapulu,Hayır,,1,,,,,,,,Genel Fiyat,,,10.000TL, Gaziosmanpaşa - Karadeniz Mahallesi,https://www.emlakjet.com//ilan/safa-yapidan-yabanci-uygun-karadeniz-mahallesinde-17107520/,,,Boş,Yok,,
343,17107458,04 Nisan 2025,04 Nisan 2025,Konut,Kiralık,Daire,145 m²,180 m²,4+2,21 Ve Üzeri,4.Kat,4,Merkezi (Pay Ölçer),Boş,,Kat Mülkiyeti,Hayır,,2,,,,,,,,Genel Fiyat,,,85.000TL, Üsküdar - Acıbadem Mahallesi,https://www.emlakjet.com//ilan/acibadem-de-42-genis-terasli-asansorlu-kiralik-daire-17107458/,,,Boş,Yok,,
344,17107455,04 Nisan 2025,04 Nisan 2025,Konut,Kiralık,Daire,160 m²,220 m²,5+1,21 Ve Üzeri,4.Kat,4,Kombi Doğalgaz,Boş,,Kat Mülkiyeti,Hayır,,2,,,,,,,,Genel Fiyat,,,75.000TL, Kadıköy - Acıbadem Mahallesi,https://www.emlakjet.com//ilan/acibadem-sakinler-de-51-dubleks-kiralik-daire-17107455/,,,Boş,Yok,,
345,17106881,04 Nisan 2025,04 Nisan 2025,Konut,Kiralık,Daire,88 m²,95 m²,2+1,5-10,Düz Giriş (Zemin),5,Kombi Doğalgaz,Boş,,Kat Mülkiyeti,Hayır,,1,,,,,,,,Genel Fiyat,,,13.500TL, Esenyurt - Akevler Mahallesi,https://www.emlakjet.com//ilan/esenyurt-akevler-de-kiralik-21-daire-17106881/,,,Boş,Yok,,
346,17106828,04 Nisan 2025,04 Nisan 2025,Konut,Kiralık,Daire,50 m²,70 m²,1+1,0 (Yeni),9.Kat,9,Merkezi (Pay Ölçer),Boş,,Kat İrtifakı,Evet,,1,,,,,,,,Genel Fiyat,,,27.500TL, Pendik - Velibaba Mahallesi,https://www.emlakjet.com//ilan/pendik-te-ankara-caddesinde-11-sifir-kiralik-terasli-daire-17106828/,,,Boş,Yok,,
347,17106827,04 Nisan 2025,04 Nisan 2025,Konut,Kiralık,Daire,80 m²,90 m²,2+1,21 Ve Üzeri,1.Kat,2,Kombi Doğalgaz,Boş,,Arsa Tapulu,Hayır,,1,,,,,,,,Genel Fiyat,,,17.500TL, Pendik - Velibaba Mahallesi,https://www.emlakjet.com//ilan/pendik-te-esyali-velibaba-mahallesinde-21-kiralik-daire-17106827/,,,Eşyalı,Yok,,
348,17106825,04 Nisan 2025,04 Nisan 2025,Konut,Kiralık,Daire,110 m²,135 m²,3+1,21 Ve Üzeri,2.Kat,4,Kombi Doğalgaz,Boş,,Hisseli Tapu,Hayır,,1,,,,,,,,Genel Fiyat,,,20.000TL, Pendik - Fevzi Çakmak Mahallesi,https://www.emlakjet.com//ilan/kismi-esyali-bekara-aileye-yabanciya-uygun-31-kiralik-daire-17106825/,,,Eşyalı,Yok,,
349,17106824,04 Nisan 2025,04 Nisan 2025,Konut,Kiralık,Daire,75 m²,90 m²,2+1,11-15,Düz Giriş (Zemin),4,Kombi Doğalgaz,Boş,,Kat İrtifakı,Hayır,,1,,,,,,,,Genel Fiyat,,,25.000TL, Pendik - Dumlupınar Mahallesi,https://www.emlakjet.com//ilan/pendik-gozdaginda-metroya-yurume-700m-esyali-21-kiralik-daire-17106824/,,,Eşyalı,Yok,,
350,17106680,04 Nisan 2025,04 Nisan 2025,Konut,Kiralık,Daire,90 m²,100 m²,2+1,21 Ve Üzeri,2.Kat,2,Kombi Doğalgaz,Boş,,Kat İrtifakı,Hayır,,1,,,,,,,,Genel Fiyat,,,22.000TL, Ataşehir - Kayışdağı Mahallesi,https://www.emlakjet.com//ilan/yeditepe-universitesi-karsisi-21-90-m2-kose-yapili-balkonlu-17106680/,,,Boş,Yok,,
351,17106679,04 Nisan 2025,04 Nisan 2025,Konut,Kiralık,Daire,75 m²,80 m²,2+1,21 Ve Üzeri,Yüksek Giriş,5,Kombi Doğalgaz,Boş,,Kat Mülkiyeti,Hayır,,1,,,,,,,,Genel Fiyat,,,25.000TL, Üsküdar - Ahmediye Mahallesi,https://www.emlakjet.com//ilan/turan-dan-dogancilar-parkina-yakin-21-yuksek-giris-daire-17106679/,,,Boş,Yok,,
352,17106677,04 Nisan 2025,04 Nisan 2025,Konut,Kiralık,Daire,110 m²,130 m²,3+1,21 Ve Üzeri,Düz Giriş (Zemin),5,Kombi Doğalgaz,Boş,,Kat Mülkiyeti,Evet,,2,,,,,,,,Genel Fiyat,,,45.000TL, Ataşehir - Küçükbakkalköy Mahallesi,https://www.emlakjet.com//ilan/turan-dan-atasehir-or-ko-sitesinde-31-130-m2-cift-cepheli-daire-17106677/,,,Boş,Yok,,
353,17106459,04 Nisan 2025,04 Nisan 2025,Konut,Kiralık,Daire,60 m²,75 m²,1+1,5-10,Kot 1 (-1).Kat,7,Merkezi (Pay Ölçer),Boş,,Kat Mülkiyeti,Evet,,1,,,,,,,,Genel Fiyat,,,19.000TL, Başakşehir - Kayabaşı Mahallesi,https://www.emlakjet.com//ilan/piramit-emlak-tan-kayasehir-19-bolgede-kiralik-11-daire-17106459/,,,Boş,Yok,,
354,17106405,04 Nisan 2025,04 Nisan 2025,Konut,Kiralık,Daire,240 m²,260 m²,6+1,11-15,Düz Giriş (Zemin),6,Kombi Doğalgaz,Boş,,Kat Mülkiyeti,Evet,,2,,,,,,,,Genel Fiyat,,,35.000TL, Pendik - Dumlupınar Mahallesi,https://www.emlakjet.com//ilan/pendik-gozdag-konaklari-nda-61-kiralik-dubleks-daire-17106405/,,,Boş,Yok,,
355,17105141,03 Nisan 2025,03 Nisan 2025,Konut,Kiralık,Daire,80 m²,90 m²,2+1,5-10,Yüksek Giriş,4,Kombi Doğalgaz,Boş,,Kat Mülkiyeti,Hayır,,1,,,,,,,,Genel Fiyat,,,20.000TL, Bağcılar - Yavuz Selim Mahallesi,https://www.emlakjet.com//ilan/ergenler-emlak-bagcilar-yavuzselim-de-yeni-binada-yuksek-giris-17105141/,,,Boş,Yok,,
356,17105139,03 Nisan 2025,03 Nisan 2025,Konut,Kiralık,Daire,85 m²,95 m²,2+1,21 Ve Üzeri,Düz Giriş (Zemin),4,Doğalgaz Sobalı,Boş,,Hisseli Tapu,Hayır,,1,,,,,,,,Genel Fiyat,,,13.000TL, Esenler - Oruçreis Mahallesi,https://www.emlakjet.com//ilan/ergenler-emlaktan-esenler-orucreis-mahallesinde-kiralik-daire-17105139/,,,Boş,Yok,,
357,17105135,03 Nisan 2025,03 Nisan 2025,Konut,Kiralık,Daire,75 m²,80 m²,2+1,21 Ve Üzeri,3.Kat,5,Kombi Doğalgaz,Boş,,Hisseli Tapu,Hayır,,1,,,,,,,,Genel Fiyat,,,15.750TL, Bağcılar - 100. Yıl Mahallesi,https://www.emlakjet.com//ilan/ergenler-emlak-dan-42-evlerde-21-80-m2-masrafsiz-kiralik-daire-17105135/,,,Boş,Yok,,
358,17104394,03 Nisan 2025,03 Nisan 2025,Konut,Kiralık,Daire,67 m²,87 m²,2+1,21 Ve Üzeri,Yüksek Giriş,4,Kombi Doğalgaz,Boş,100 TL,Arsa Tapulu,Hayır,18500 TL,1,,Var,1,Açık Balkon,,1,,Genel Fiyat,11614,59,18.500TL, Kartal - Yakacık Yeni Mahallesi,https://www.emlakjet.com//ilan/mertcan-dan-persembe-pazarina-yakin-21-ici-temiz-kiralik-17104394/,İkinci El,Betonarme,Boş,Yok,Hayır,
359,17104133,03 Nisan 2025,05 Nisan 2025,Konut,Kiralık,Daire,11 m²,70 m²,1+1,11-15,Yüksek Giriş,4,Kombi Doğalgaz,Boş,,Kat İrtifakı,Hayır,,1,,,,,,,,Genel Fiyat,379,9,15.000TL, Bahçelievler - Zafer Mahallesi,https://www.emlakjet.com//ilan/serhat-emlak-11-yuksek-giris-daire-17104133/,,,,,,
360,17103951,03 Nisan 2025,05 Nisan 2025,Konut,Kiralık,Daire,1 m²,69 m²,1+1,11-15,Yüksek Giriş,4,Kombi Doğalgaz,Boş,,Kat İrtifakı,Hayır,,4,,,,,,,,Genel Fiyat,1473,12,15.000TL, Bahçelievler - Yenibosna Merkez Mahallesi,https://www.emlakjet.com//ilan/yenibosna-kiralik-11-yukske-giris-daire-serhat-emlak-17103951/,,,,,,
361,17103115,03 Nisan 2025,03 Nisan 2025,Konut,Kiralık,Daire,105 m²,120 m²,3+1,11-15,2.Kat,4,Kombi Doğalgaz,Boş,,Kat İrtifakı,Hayır,,1,,,,,,,,Genel Fiyat,,8237,30.000TL, Bahçelievler - Soğanlı Mahallesi,https://www.emlakjet.com//ilan/weal-world-den-soganli-meydan-yakini-12-yillik-31-2-kat-17103115/,,,,,,
362,17103039,03 Nisan 2025,03 Nisan 2025,Konut,Kiralık,Daire,100 m²,120 m²,3+0,21 Ve Üzeri,8.Kat,9,Kombi Doğalgaz,Boş,200 TL,Kat Mülkiyeti,Evet,27500 TL,1,,Var,1,Açık Balkon,,1,,Genel Fiyat,10567,2,27.500TL, Kartal - Uğur Mumcu Mahallesi,https://www.emlakjet.com//ilan/mertcan-dan-ugurmumcu-mah-site-icinde-arakat-31-balkonlu-17103039/,İkinci El,Betonarme,Boş,Yok,Hayır,
363,17103004,03 Nisan 2025,03 Nisan 2025,Konut,Kiralık,Daire,80 m²,100 m²,2+1,21 Ve Üzeri,3.Kat,4,Kombi Doğalgaz,Boş,150 TL,Arsa Tapulu,Hayır,20000 TL,1,,Var,1,Açık Balkon,,1,,Genel Fiyat,11892,2,20.000TL, Kartal - Hürriyet Mahallesi,https://www.emlakjet.com//ilan/mertcan-dan-metroya-yurume-mes-arakat-21-cift-balkonlu-17103004/,İkinci El,Betonarme,Boş,Yok,Hayır,
364,17102751,03 Nisan 2025,03 Nisan 2025,Konut,Kiralık,Daire,75 m²,95 m²,2+1,21 Ve Üzeri,1.Kat,3,Kombi Doğalgaz,Boş,,Arsa Tapulu,Hayır,20500 TL,1,,Var,1,Açık Balkon,,1,,Genel Fiyat,11103,2,20.500TL, Kartal - Karlıktepe Mahallesi,https://www.emlakjet.com//ilan/mertcan-dan-karliktepe-mah-marmaraya-yurume-arakat-21-balkonlu-17102751/,İkinci El,Betonarme,Boş,Yok,Hayır,
365,17102704,03 Nisan 2025,03 Nisan 2025,Konut,Kiralık,Daire,60 m²,75 m²,1+1,16-20,Düz Giriş (Zemin),3,Kombi Doğalgaz,Boş,,Tapu Kaydı Yok,Hayır,,1,,Yok,,,,,,Genel Fiyat,,,17.000TL, Pendik - Sülüntepe Mahallesi,https://www.emlakjet.com//ilan/mertcan-dan-suluntepe-mah-caddeye-yurume-mesafeli-11-daire-17102704/,İkinci El,Betonarme,,,Hayır,
366,17102702,03 Nisan 2025,03 Nisan 2025,Konut,Kiralık,Daire,70 m²,85 m²,2+1,16-20,1.Kat,2,Kombi Doğalgaz,Boş,,Tapu Kaydı Yok,Hayır,,1,,Yok,,,,,,Genel Fiyat,,,15.000TL, Pendik - Sülüntepe Mahallesi,https://www.emlakjet.com//ilan/mertcan-dan-suluntepe-mah-caddeye-1dk-mesafeli-ara-kat-21-daire-17102702/,İkinci El,Betonarme,,,Hayır,
367,17102701,03 Nisan 2025,03 Nisan 2025,Konut,Kiralık,Daire,70 m²,85 m²,2+1,16-20,1.Kat,3,Kombi Doğalgaz,Boş,,Tapu Kaydı Yok,Hayır,,1,,Var,,,,,,Genel Fiyat,,,15.000TL, Pendik - Sülüntepe Mahallesi,https://www.emlakjet.com//ilan/mertcan-dan-safa-cad-1dk-mesafeli-balkonlu-21-ara-kat-daire-17102701/,İkinci El,Betonarme,,,Hayır,
368,17102426,03 Nisan 2025,03 Nisan 2025,Konut,Kiralık,Daire,110 m²,120 m²,3+1,21 Ve Üzeri,4.Kat,5,Kombi Doğalgaz,Boş,,Kat Mülkiyeti,Hayır,,1,,,,,,,,Genel Fiyat,,,25.000TL, Güngören - Haznedar Mahallesi,https://www.emlakjet.com//ilan/cesit-emlak-haznedar-ilk-yuva-da-boyali-temiz-31-arakat-kiralik-17102426/,,,Boş,Yok,,
369,17102200,03 Nisan 2025,03 Nisan 2025,Konut,Kiralık,Daire,100 m²,120 m²,2+1,16-20,6.Kat,7,Kombi Doğalgaz,Boş,150 TL,Tapu Kaydı Yok,Evet,,1,,Var,1,Açık Balkon,,2,,Genel Fiyat,,,30.000TL, Kartal - Gümüşpınar Mahallesi,https://www.emlakjet.com//ilan/mertcan-dan-gumuspinar-mah-site-icinde-arakat-21-kiralik-17102200/,İkinci El,Betonarme,Boş,Yok,Hayır,
370,17101491,03 Nisan 2025,03 Nisan 2025,Konut,Kiralık,Daire,100 m²,110 m²,2+1,4,2.Kat,4,Kombi Doğalgaz,Boş,,Kat Mülkiyeti,Hayır,,2,,,,,,,,Genel Fiyat,,,25.000TL, Esenyurt - Namık Kemal Mahallesi,https://www.emlakjet.com//ilan/alban-dan-metrobus-dibinde-110m-yeni-binada-kiralik-21-17101491/,,,Boş,Yok,,
371,17101487,03 Nisan 2025,03 Nisan 2025,Konut,Kiralık,Daire,100 m²,115 m²,2+1,5-10,1.Kat,4,Kombi Doğalgaz,Boş,,Kat Mülkiyeti,Hayır,,1,,,,,,,,Genel Fiyat,,,15.000TL, Esenyurt - Talatpaşa Mahallesi,https://www.emlakjet.com//ilan/alban-dan-devlet-hastanesine-8dk-115m-kose-bina-kiralik-21-17101487/,,,Boş,Yok,,
372,17101148,03 Nisan 2025,03 Nisan 2025,Konut,Kiralık,Daire,29 m²,40 m²,Stüdyo,21 Ve Üzeri,1.Kat,2,Kombi Doğalgaz,Boş,,Kat Mülkiyeti,Hayır,,1,,,,,,,,Genel Fiyat,,,25.500TL, Üsküdar - Çengelköy Mahallesi,https://www.emlakjet.com//ilan/cengelkoy-sahilde-sifir-esyali-kacirilmayacak-10-daire-17101148/,,,Eşyalı,Yok,,
373,17101146,03 Nisan 2025,03 Nisan 2025,Konut,Kiralık,Daire,27 m²,40 m²,Stüdyo,21 Ve Üzeri,1.Kat,2,Kombi Doğalgaz,Boş,,Kat Mülkiyeti,Hayır,,1,,,,,,,,Genel Fiyat,,,26.500TL, Üsküdar - Çengelköy Mahallesi,https://www.emlakjet.com//ilan/sahile-yurume-mesafesinde-kacirilmayacak-sifir-esyali-10-daire-17101146/,,,Eşyalı,Yok,,
374,17101135,03 Nisan 2025,03 Nisan 2025,Konut,Kiralık,Daire,90 m²,105 m²,2+1,11-15,Bahçe Katı,4,Kombi Doğalgaz,Boş,,Kat İrtifakı,Evet,,1,,,,,,,,Genel Fiyat,,,55.000TL, Başakşehir - Bahçeşehir 1. Kısım Mahallesi,https://www.emlakjet.com//ilan/bahcesehir-estonsehir-3-mahalle-de-bos-bahceli-kiralik-daire-17101135/,,,Eşyalı,Yok,,
375,17100612,02 Nisan 2025,02 Nisan 2025,Konut,Kiralık,Daire,85 m²,129 m²,2+1,0 (Yeni),2.Kat,4,Kombi Doğalgaz,Boş,,Kat İrtifakı,Hayır,,2,,,,,,,,Genel Fiyat,,,31.500TL, Beylikdüzü - Sahil Mahallesi,https://www.emlakjet.com//ilan/beylikduzu-palm-marin-sitesi-deniz-manzarali-ara-kat-kiralik-21-daire-17100612/,Sıfır,,Boş,Yok,,
376,17099482,02 Nisan 2025,02 Nisan 2025,Konut,Kiralık,Daire,75 m²,90 m²,2+1,5-10,3.Kat,3,Kombi Doğalgaz,Boş,,Kat Mülkiyeti,Hayır,,1,,,,,,,,Genel Fiyat,,,32.500TL, Küçükçekmece - Halkalı Merkez Mahallesi,https://www.emlakjet.com//ilan/esem-emlaktan-halkali-kavaklida-full-yeni-esyali-balkonlu-17099482/,,,Eşyalı,Yok,,
377,17099294,02 Nisan 2025,02 Nisan 2025,Konut,Kiralık,Daire,115 m²,130 m²,3+1,16-20,Yüksek Giriş,5,Kombi Doğalgaz,Boş,,Kat Mülkiyeti,Hayır,,2,,,,,,,,Genel Fiyat,,6223,40.000TL, Bahçelievler - Siyavuşpaşa Mahallesi,https://www.emlakjet.com//ilan/b-evler-merkezde-2009-yapimi-binada-kiralik-31-k-otoparkli-17099294/,,,,,,
378,17097442,01 Nisan 2025,02 Nisan 2025,Konut,Kiralık,Daire,90 m²,100 m²,2+1,21 Ve Üzeri,2.Kat,5,Kombi Doğalgaz,Boş,,Bilinmiyor,Hayır,,1,,,,,,,,Genel Fiyat,,,20.500TL, Gaziosmanpaşa - Fevzi Çakmak Mahallesi,https://www.emlakjet.com//ilan/gaziosmanpasa-feyzicakmak-mahallesi-kiralik-daire-3-kat-21-100-m2-17097442/,İkinci El,Betonarme,,Yok,,
379,17097417,01 Nisan 2025,02 Nisan 2025,Konut,Kiralık,Daire,105 m²,120 m²,3+1,0 (Yeni),3.Kat,5,Kombi Doğalgaz,Boş,,Kat Mülkiyeti,Hayır,,1,,,,,,,,Genel Fiyat,,,23.000TL, Tuzla - Mimar Sinan Mahallesi,https://www.emlakjet.com//ilan/tuzla-mimar-sinan-da-sifir-bina-31-kiralik-daire-17097417/,,,Boş,Yok,,
380,17096445,01 Nisan 2025,02 Nisan 2025,Konut,Kiralık,Daire,50 m²,60 m²,1+1,21 Ve Üzeri,2.Kat,5,Kombi Doğalgaz,Boş,150 TL,Bilinmiyor,Hayır,,1,,,,,,,,Genel Fiyat,,,20.000TL, Üsküdar - Bulgurlu Mahallesi,https://www.emlakjet.com//ilan/f-l-emlaktan-bulgurlu-metroya-5-dakika-11-esyali-daire-17096445/,İkinci El,Betonarme,Eşyalı,Yok,,
381,17096444,01 Nisan 2025,02 Nisan 2025,Konut,Kiralık,Daire,60 m²,70 m²,2+1,11-15,Bahçe Katı,5,Kombi Doğalgaz,Boş,,Bilinmiyor,Hayır,,1,,,,,,,,Genel Fiyat,,,21.000TL, Ataşehir - Aşıkveysel Mahallesi,https://www.emlakjet.com//ilan/f-l-emlaktan-esatpasa-simsekler-yakini-21-bahce-kat-17096444/,İkinci El,Betonarme,,Yok,,
382,17096441,01 Nisan 2025,02 Nisan 2025,Konut,Kiralık,Daire,110 m²,115 m²,3+1,0 (Yeni),2.Kat,15,Kombi Doğalgaz,Boş,1500 TL,Bilinmiyor,Hayır,,2,,,,,,,,Genel Fiyat,,,55.000TL, Üsküdar - Bulgurlu Mahallesi,https://www.emlakjet.com//ilan/f-l-emlaktan-bulgurluya-komsu-siteler-bolgesinde-elit-sitede-31-sifir-17096441/,Sıfır,Betonarme,,Yok,,
383,17096437,01 Nisan 2025,02 Nisan 2025,Konut,Kiralık,Daire,70 m²,75 m²,2+1,21 Ve Üzeri,Yüksek Giriş,5,Merkezi Doğalgaz,Boş,450 TL,Bilinmiyor,Hayır,,1,,,,,,,,Genel Fiyat,,,25.000TL, Üsküdar - Bulgurlu Mahallesi,https://www.emlakjet.com//ilan/f-l-emlaktan-bulgurlu-metroda-elit-otoparkli-sitede-21-y-giris-17096437/,İkinci El,Betonarme,,Yok,,
384,17096436,01 Nisan 2025,02 Nisan 2025,Konut,Kiralık,Daire,115 m²,120 m²,3+1,16-20,6.Kat,6,Kombi Doğalgaz,Boş,500 TL,Bilinmiyor,Hayır,,1,,,,,,,,Genel Fiyat,,,50.000TL, Maltepe - Küçükyalı Mahallesi,https://www.emlakjet.com//ilan/f-l-emlaktan-maltepe-kucukyali-minibusyolu-ve-marmaray-dibinde-31-6-kat-17096436/,İkinci El,Betonarme,,Yok,,
385,17096435,01 Nisan 2025,02 Nisan 2025,Konut,Kiralık,Daire,85 m²,110 m²,2+1,16-20,Yüksek Giriş,5,Kombi Doğalgaz,Boş,250 TL,Bilinmiyor,Hayır,,1,,,,,,,,Genel Fiyat,,,28.000TL, Ümraniye - Namık Kemal Mahallesi,https://www.emlakjet.com//ilan/f-l-emlaktan-umraniye-carsida-esyali-y-giris-21-17096435/,İkinci El,Betonarme,Eşyalı,Yok,,
386,17096433,01 Nisan 2025,02 Nisan 2025,Konut,Kiralık,Daire,110 m²,125 m²,3+1,5-10,Düz Giriş (Zemin),3,Klimalı,Boş,300 TL,Bilinmiyor,Hayır,,2,,,,,,,,Genel Fiyat,,,35.000TL, Ataşehir - Esatpaşa Mahallesi,https://www.emlakjet.com//ilan/f-l-emlaktan-esatpasa-merkez-yakini-31-giris-kat-aile-ye-uygun-17096433/,İkinci El,Betonarme,,Yok,,
387,17096431,01 Nisan 2025,02 Nisan 2025,Konut,Kiralık,Daire,80 m²,85 m²,2+1,11-15,Düz Giriş (Zemin),4,Kombi Doğalgaz,Boş,250 TL,Bilinmiyor,Hayır,,1,,,,,,,,Genel Fiyat,,,19.000TL, Ümraniye - Esenevler Mahallesi,https://www.emlakjet.com//ilan/f-l-emlaktan-bulgurluya-komsu-esenevlerde-duz-giris-aileye-uygun-21-17096431/,İkinci El,Betonarme,,Yok,,
388,17096429,01 Nisan 2025,02 Nisan 2025,Konut,Kiralık,Daire,65 m²,70 m²,2+1,5-10,Yüksek Giriş,4,Kombi Doğalgaz,Boş,250 TL,Bilinmiyor,Hayır,,1,,,,,,,,Genel Fiyat,,,25.000TL, Ataşehir - Esatpaşa Mahallesi,https://www.emlakjet.com//ilan/f-l-emlaktan-esatpasa-simsekler-yakini-21-esyali-daire-yuksek-giris-17096429/,İkinci El,Betonarme,Eşyalı,Yok,,
389,17096424,01 Nisan 2025,02 Nisan 2025,Konut,Kiralık,Daire,80 m²,85 m²,2+1,11-15,1.Kat,4,Kombi Doğalgaz,Boş,350 TL,Bilinmiyor,Hayır,,1,,,,,,,,Genel Fiyat,,,36.000TL, Üsküdar - Cumhuriyet Mahallesi,https://www.emlakjet.com//ilan/f-l-emlaktan-emaar-avm-libadiyede-caddeye-2-bina-21-esyali-17096424/,İkinci El,Betonarme,Eşyalı,Yok,,
390,17095545,01 Nisan 2025,02 Nisan 2025,Konut,Kiralık,Daire,85 m²,95 m²,3+1,4,Düz Giriş (Zemin),5,Kombi Doğalgaz,Boş,,Kat Mülkiyeti,Hayır,,1,,,,,,,,Genel Fiyat,,,18.000TL, Sultanbeyli - Turgut Reis Mahallesi,https://www.emlakjet.com//ilan/sultanbeyli-turgut-reis-mahallesi-31-ters-dubleks-kiralik-daire-17095545/,,,Boş,Yok,,
391,17095526,01 Nisan 2025,02 Nisan 2025,Konut,Kiralık,Daire,60 m²,70 m²,2+1,0 (Yeni),Yüksek Giriş,5,Kombi Doğalgaz,Boş,250 TL,Bilinmiyor,Hayır,,1,,,,,,,,Genel Fiyat,,,19.500TL, Çekmeköy - Soğukpınar Mahallesi,https://www.emlakjet.com//ilan/cekmekoy-sogukpinar-mah-kiralik-21-70m2-yuksek-giris-daire-17095526/,Sıfır,Betonarme,,Yok,,
392,17095523,01 Nisan 2025,02 Nisan 2025,Konut,Kiralık,Daire,105 m²,120 m²,3+1,5-10,2.Kat,6,Kombi Doğalgaz,Boş,,Bilinmiyor,Hayır,,2,,,,,,,,Genel Fiyat,,,30.000TL, Çekmeköy - Güngören Mahallesi,https://www.emlakjet.com//ilan/cekmekoy-gungoren-mah-kiralik-31-120m2-arakat-daire-caddeye-yakin-17095523/,İkinci El,Betonarme,,Yok,,
393,17095517,01 Nisan 2025,02 Nisan 2025,Konut,Kiralık,Daire,60 m²,70 m²,2+1,5-10,2.Kat,5,Merkezi (Pay Ölçer),Boş,2100 TL,Bilinmiyor,Hayır,,1,,,,,,,,Genel Fiyat,,,26.500TL, Çekmeköy - Ekşioğlu Mahallesi,https://www.emlakjet.com//ilan/cekmekoy-eksioglu-mahallesi-kiralik-21-full-esyali-ara-kat-daire-17095517/,İkinci El,Betonarme,Eşyalı,Yok,,
394,17095436,01 Nisan 2025,02 Nisan 2025,Konut,Kiralık,Daire,65 m²,80 m²,2+1,21 Ve Üzeri,2.Kat,5,Kombi Doğalgaz,Boş,,Bilinmiyor,Hayır,,1,,,,,,,,Genel Fiyat,,,20.000TL, Eyüpsultan - Düğmeciler Mahallesi,https://www.emlakjet.com//ilan/eyupsultan-dugmeciler-mahallesinde-kiralik-daire-17095436/,İkinci El,,,Yok,,
395,17095115,31 Mart 2025,31 Mart 2025,Konut,Kiralık,Daire,123 m²,130 m²,2+1,11-15,3.Kat,5,Kombi Doğalgaz,Boş,400 TL,Kat İrtifakı,Hayır,50000 TL,1,,Var,2,"Fransız Balkon, Kapalı Balkon",9 m²,1,,Birim Fiyat,1136,3,25.000TL, Büyükçekmece - Pınartepe Mahallesi,https://www.emlakjet.com//ilan/21-dusuk-aidatli-cadde-merkezi-konum-5-kat-mustakil-binada-17095115/,İkinci El,Betonarme,Boş,,,
396,17095069,31 Mart 2025,02 Nisan 2025,Konut,Kiralık,Daire,125 m²,145 m²,3+1,21 Ve Üzeri,1.Kat,5,Kombi Doğalgaz,Boş,,Kat Mülkiyeti,Evet,,2,,,,,,,,Genel Fiyat,,,45.000TL, Kadıköy - Koşuyolu Mahallesi,https://www.emlakjet.com//ilan/kasuyolu-ornek-sitesinde-esyali-31-metro-marmaray-yurume-mesafe-17095069/,,,Eşyalı,Yok,,
397,17095018,31 Mart 2025,01 Nisan 2025,Konut,Kiralık,Daire,95 m²,110 m²,2+1,11-15,2.Kat,3,Kombi Doğalgaz,Boş,,Arsa Tapulu,Hayır,18500 TL,1,,Var,1,Kapalı Balkon,,2,,Genel Fiyat,7437,31,18.500TL, Sancaktepe - Akpınar Mahallesi,https://www.emlakjet.com//ilan/akpinar-mh-de-21-genis-110m2-arakat-daire-17095018/,Sıfır,Betonarme,Boş,Yok,Hayır,
398,17094970,31 Mart 2025,02 Nisan 2025,Konut,Kiralık,Daire,60 m²,70 m²,1+1,21 Ve Üzeri,Bahçe Katı,4,Kombi Doğalgaz,Boş,,Bilinmiyor,Hayır,,1,,,,,,,,Genel Fiyat,,,21.000TL, Fatih - Seyyid Ömer Mahallesi,https://www.emlakjet.com//ilan/murat-gayrimenkulden-full-esyali-yapili-bahceli-daire-17094970/,,,Eşyalı,Yok,,
399,17094969,31 Mart 2025,03 Nisan 2025,Konut,Kiralık,Daire,110 m²,120 m²,2+1,21 Ve Üzeri,Yüksek Giriş,6,Kombi Doğalgaz,Boş,100 TL,Hisseli Tapu,Hayır,17500 TL,1,,Var,,,,,,Genel Fiyat,309,19,17.500TL, Küçükçekmece - Atatürk Mahallesi,https://www.emlakjet.com//ilan/kiralik-21-yuksek-giris-ataturk-mah-17094969/,,,Boş,,,
400,17094936,31 Mart 2025,31 Mart 2025,Konut,Kiralık,Daire,240 m²,250 m²,3+1,21 Ve Üzeri,1.Kat,4,Kombi Doğalgaz,Boş,,Kat Mülkiyeti,Hayır,300000 TL,2,,,,,,3,,Genel Fiyat,,,150.000TL, Bakırköy - Şenlikköy Mahallesi,https://www.emlakjet.com//ilan/florya-caddasinde-luks-esyali-31-240m2-arakat-17094936/,İkinci El,,Eşyalı,Yok,,
401,17094822,31 Mart 2025,03 Nisan 2025,Konut,Kiralık,Daire,120 m²,140 m²,3+1,11-15,2.Kat,4,Kombi Doğalgaz,Boş,,Kat İrtifakı,Hayır,,1,,,,,,,,Genel Fiyat,,,22.000TL, Pendik - Ahmet Yesevi Mahallesi,https://www.emlakjet.com//ilan/hurriyet-caddesi-uzerinde-kiralik-31-120m2-net-17094822/,,,Boş,Yok,,
402,17094787,31 Mart 2025,02 Nisan 2025,Konut,Kiralık,Daire,100 m²,115 m²,3+1,11-15,1.Kat,13,Kombi Doğalgaz,Boş,2038 TL,Kat Mülkiyeti,Evet,26000 TL,1,,Var,1,,,2,,Genel Fiyat,197,17,26.000TL, Başakşehir - Güvercintepe Mahallesi,https://www.emlakjet.com//ilan/kayabasi-kiptas-knt-sehir-hastanesine-yakin-temiz-boyali-31-kiralik-daire-17094787/,,Betonarme,Boş,,Hayır,
403,17094642,31 Mart 2025,04 Nisan 2025,Konut,Kiralık,Daire,100 m²,120 m²,2+1,5-10,3.Kat,5,Kombi Doğalgaz,Boş,150 TL,Yabancıdan,Hayır,20000 TL,1,,Var,1,,,,,Genel Fiyat,,,20.000TL, Avcılar - Mustafa Kemal Paşa Mahallesi,https://www.emlakjet.com//ilan/avcilar-parsellerdeyildirimbeyazitcaddesinde-genis-ferah-daire-17094642/,İkinci El,Betonarme,,,,
404,17094595,31 Mart 2025,04 Nisan 2025,Konut,Kiralık,Daire,80 m²,85 m²,2+1,21 Ve Üzeri,Bahçe Katı,5,Kombi Doğalgaz,Boş,,Tapu Kaydı Yok,Hayır,15000 TL,1,,Var,,,,,,Genel Fiyat,,,14.500TL, Bahçelievler - Şirinevler Mahallesi,https://www.emlakjet.com//ilan/s-evler-merkezde-metrobuse-5dk-21-full-yapili-lux-bahcekat-aileye-bayana-uygun-17094595/,,,Boş,,,
405,17094573,31 Mart 2025,01 Nisan 2025,Konut,Kiralık,Daire,75 m²,80 m²,1.5+1,5-10,Düz Giriş (Zemin),3,Kombi Doğalgaz,Boş,0 TL,Yabancıdan,Hayır,35000 TL,1,,Yok,,,,1,,Genel Fiyat,,,35.000TL, Sarıyer - Sarıyer Merkez Mahallesi,https://www.emlakjet.com//ilan/sariyer-merkezde-1-51-esyali-kiralik-daire-17094573/,İkinci El,Betonarme,Eşyalı,,,
406,17094540,31 Mart 2025,04 Nisan 2025,Konut,Kiralık,Daire,90 m²,95 m²,2+1,21 Ve Üzeri,2.Kat,4,Kombi Doğalgaz,Kiracı Oturuyor,,Kat Mülkiyeti,Hayır,,1,,,,,,,,Genel Fiyat,279,114,35.000TL, Beşiktaş - Cihannüma Mahallesi,https://www.emlakjet.com//ilan/besiktas-barbaros-bulvarina-1-paralelde-esyali-daire-17094540/,İkinci El,Betonarme,,Yok,,
407,17094517,31 Mart 2025,02 Nisan 2025,Konut,Kiralık,Daire,100 m²,130 m²,3+1,4,3.Kat,4,Kombi Doğalgaz,Boş,,Kat İrtifakı,Hayır,,1,,,,,,,,Genel Fiyat,,,22.000TL, Arnavutköy - Arnavutköy Merkez Mahallesi,https://www.emlakjet.com//ilan/merkez-mahallesi-kiralik-31-dubleks-daire-17094517/,,,Boş,Yok,,
408,17094390,31 Mart 2025,31 Mart 2025,Konut,Kiralık,Daire,122 m²,140 m²,3+1,0 (Yeni),2.Kat,6,Kombi Doğalgaz,Boş,,Kat İrtifakı,Hayır,,2,,,,,,,,Genel Fiyat,10832,6,47.000TL, Pendik - Batı Mahallesi,https://www.emlakjet.com//ilan/pendik-uzmani-cemal-kinay-dan-bati-mah-kiralik-sifir-31-daire-17094390/,,,,,,
409,17094290,31 Mart 2025,31 Mart 2025,Konut,Kiralık,Daire,92 m²,112 m²,2+1,3,Yüksek Giriş,8,Kombi Doğalgaz,Boş,3000 TL,Kat İrtifakı,Evet,60000 TL,1,,Var,1,Açık Balkon,,,,Genel Fiyat,498,1,30.000TL, Büyükçekmece - Güzelce Mahallesi,https://www.emlakjet.com//ilan/bizimevler-guzelce-de-kiralik-daire-17094290/,,,,,,
410,17094177,31 Mart 2025,31 Mart 2025,Konut,Kiralık,Daire,110 m²,120 m²,3+1,21 Ve Üzeri,1.Kat,5,Kombi Doğalgaz,Boş,,Kat Mülkiyeti,Hayır,32000 TL,1,15 m²,Var,2,Açık Balkon,15 m²,2,4 m²,Genel Fiyat,846,30,32.000TL, Fatih - Aksaray Mahallesi,https://www.emlakjet.com//ilan/aksaray-da-3-1-isyeri-ev-ve-ofise-uygun-daire-17094177/,İkinci El,Betonarme,Boş,,,30 m²
411,17094164,31 Mart 2025,03 Nisan 2025,Konut,Kiralık,Daire,120 m²,140 m²,3+1,5-10,Düz Giriş (Zemin),20,Kombi Doğalgaz,Boş,2700 TL,Yabancıdan,Evet,20000 TL,2,2 m²,Yok,,,,2,,Genel Fiyat,,,16.500TL, Esenyurt - İncirtepe Mahallesi,https://www.emlakjet.com//ilan/esenyurt-n-city-de-ici-full-yapili-genis-ferah-daire-17094164/,İkinci El,Betonarme,Boş,,,
412,17094150,31 Mart 2025,31 Mart 2025,Konut,Kiralık,Daire,95 m²,110 m²,2+1,1,15.Kat,20,Kombi Doğalgaz,Boş,4500 TL,Yabancıdan,Evet,35000 TL,2,2 m²,Var,1,Açık Balkon,3 m²,1,1 m²,Genel Fiyat,,,23.000TL, Esenyurt - Yeşilkent Mahallesi,https://www.emlakjet.com//ilan/beylilduzu-evimyuksekdag-sitesinde-sifir-daire-17094150/,,Betonarme,Boş,,Evet,25 m²
413,17094118,31 Mart 2025,03 Nisan 2025,Konut,Kiralık,Daire,70 m²,80 m²,1+1,21 Ve Üzeri,2.Kat,5,Doğalgaz Sobalı,Boş,150 TL,Yabancıdan,Hayır,14000 TL,1,3 m²,Var,1,,1 m²,1,,Birim Fiyat,,,14.000TL, Avcılar - Denizköşkler Mahallesi,https://www.emlakjet.com//ilan/avcilar-metrobuse-yakin-kiralik-esyali-daire-17094118/,İkinci El,Betonarme,Eşyalı,,Evet,15 m²
414,17093821,31 Mart 2025,02 Nisan 2025,Konut,Kiralık,Daire,100 m²,110 m²,2+1,21 Ve Üzeri,4.Kat,5,Kombi Doğalgaz,Boş,,Bilinmiyor,Hayır,,1,,,,,,,,Genel Fiyat,,,15.000TL, Avcılar - Gümüşpala Mahallesi,https://www.emlakjet.com//ilan/avcilar-adres-gayrimenkul-kiralik-21-gumuspala-17093821/,İkinci El,Betonarme,,Yok,,
415,17093749,31 Mart 2025,02 Nisan 2025,Konut,Kiralık,Daire,120 m²,135 m²,2+1,16-20,Yüksek Giriş,4,Kombi Doğalgaz,Boş,,Kat Mülkiyeti,Hayır,,1,,,,,,,,Genel Fiyat,,,42.500TL, Maltepe - Küçükyalı Mahallesi,https://www.emlakjet.com//ilan/maltepe-kucukyalida-kiralik-21-esyali-17093749/,,,Eşyalı,Yok,,
416,17093728,31 Mart 2025,02 Nisan 2025,Konut,Kiralık,Daire,80 m²,95 m²,2+1,5-10,2.Kat,4,Kombi Doğalgaz,Boş,,Tapu Kaydı Yok,Hayır,,1,,,,,,,,Genel Fiyat,,,20.000TL, Sancaktepe - Yenidoğan Mahallesi,https://www.emlakjet.com//ilan/sancaktepe-yenidogan-mahallesi-17093728/,,,Boş,Yok,,
417,17093496,30 Mart 2025,04 Nisan 2025,Konut,Kiralık,Daire,120 m²,130 m²,2+1,16-20,1.Kat,3,Kombi Doğalgaz,Boş,0 TL,Kooperatiften Tapu,Hayır,25000 TL,1,6 m²,Var,2,Açık Balkon,5 m²,1,5 m²,Genel Fiyat,,,25.000TL, Ümraniye - Tepeüstü Mahallesi,https://www.emlakjet.com//ilan/umraniye-tepeustu-ihlamurkuyu-metro-500-metre-yurume-mesafesi-tavukcuyolu-caddesi-altinsehir-metro-17093496/,İkinci El,Betonarme,Boş,Yok,Hayır,35 m²
418,17093482,30 Mart 2025,02 Nisan 2025,Konut,Kiralık,Daire,110 m²,120 m²,3+1,21 Ve Üzeri,4.Kat,4,Kombi Doğalgaz,Boş,,Bilinmiyor,Hayır,,1,,,,,,,,Genel Fiyat,,,21.000TL, Bağcılar - Demirkapı Mahallesi,https://www.emlakjet.com//ilan/bagcilar-demirkapi-mah-kiralik-31-daire-17093482/,İkinci El,,,Yok,,
419,17093437,30 Mart 2025,02 Nisan 2025,Konut,Kiralık,Daire,102 m²,122 m²,2+1,5-10,13.Kat,23,Merkezi (Pay Ölçer),Boş,,Kat Mülkiyeti,Evet,,2,,,,,,,,Genel Fiyat,,,65.000TL, Küçükçekmece - Atakent Mahallesi,https://www.emlakjet.com//ilan/e-c-tema-istanbul-1-de-kiralik-21-122-m2-esyali-daire-17093437/,,,Eşyalı,Yok,,
420,17093311,30 Mart 2025,02 Nisan 2025,Konut,Kiralık,Daire,40 m²,55 m²,1+1,3,5.Kat,7,Yerden Isıtma,Boş,,Kat Mülkiyeti,Evet,,1,,,,,,,,Genel Fiyat,,,25.000TL, Pendik - Harmandere Mahallesi,https://www.emlakjet.com//ilan/sky-acarlar-sitesi-kullanisli-11-bos-kiralik-daire-17093311/,,,Boş,Yok,,
421,17093295,30 Mart 2025,04 Nisan 2025,Konut,Kiralık,Daire,77 m²,85 m²,2+1,5-10,Yüksek Giriş,3,Kombi Doğalgaz,Boş,350 TL,Kat Mülkiyeti,Hayır,18500 TL,1,5 m²,Yok,,,,1,3 m²,Genel Fiyat,528,24,18.500TL, Sancaktepe - Meclis Mahallesi,https://www.emlakjet.com//ilan/sancaktepe-metro-yakini-10-yillik-85m2-ters-dubleks-kiralik-21-17093295/,İkinci El,Betonarme,Boş,Var,Hayır,21 m²
422,17093271,30 Mart 2025,30 Mart 2025,Konut,Kiralık,Daire,140 m²,150 m²,4+1,5-10,4.Kat,4,Kombi Doğalgaz,Boş,,Kat Mülkiyeti,Hayır,,2,,,,,,,,Genel Fiyat,,,40.000TL, Eyüpsultan - Alibeyköy Mahallesi,https://www.emlakjet.com//ilan/alibeykoy-merkezde-4-1-dublex-daire-17093271/,,,Boş,Yok,,
423,17093228,30 Mart 2025,04 Nisan 2025,Konut,Kiralık,Daire,50 m²,60 m²,1+1,16-20,2.Kat,4,Kombi Doğalgaz,Boş,,Tapu Kaydı Yok,Hayır,,1,,,,,,,,Genel Fiyat,,,18.000TL, Beyoğlu - Kocatepe Mahallesi,https://www.emlakjet.com//ilan/beyoglu-taksim-bulbul-mah-11-dogalgazli-17093228/,Sıfır,Betonarme,Eşyalı,Yok,,
424,17093226,30 Mart 2025,04 Nisan 2025,Konut,Kiralık,Daire,75 m²,80 m²,2+1,21 Ve Üzeri,2.Kat,5,Kombi Doğalgaz,Boş,,Tapu Kaydı Yok,Hayır,,1,,,,,,,,Genel Fiyat,,,19.000TL, Beyoğlu - Kadımehmet Efendi Mahallesi,https://www.emlakjet.com//ilan/beyoglu-kadimehmet-mah-21-daire-17093226/,İkinci El,Betonarme,,Yok,,
425,17093226,30 Mart 2025,04 Nisan 2025,Konut,Kiralık,Daire,75 m²,80 m²,2+1,21 Ve Üzeri,2.Kat,5,Kombi Doğalgaz,Boş,,Tapu Kaydı Yok,Hayır,,1,,,,,,,,Genel Fiyat,,,19.000TL, Beyoğlu - Kadımehmet Efendi Mahallesi,https://www.emlakjet.com//ilan/beyoglu-kadimehmet-mah-21-daire-17093226/,İkinci El,Betonarme,,Yok,,
426,17093209,30 Mart 2025,02 Nisan 2025,Konut,Kiralık,Daire,75 m²,100 m²,2+1,21 Ve Üzeri,Düz Giriş (Zemin),5,Kombi Doğalgaz,Boş,250 TL,Bilinmiyor,Hayır,,1,,,,,,,,Genel Fiyat,,,28.000TL, Kartal - Kordonboyu Mahallesi,https://www.emlakjet.com//ilan/kordonboyu-sahilde-marmaraya-4-dakika-21-kiralik-daire-17093209/,İkinci El,,,Yok,,
427,17093194,30 Mart 2025,04 Nisan 2025,Konut,Kiralık,Daire,70 m²,75 m²,1+1,21 Ve Üzeri,Yüksek Giriş,5,Kombi Doğalgaz,Boş,,Tapu Kaydı Yok,Hayır,,1,,Var,,,,,,Genel Fiyat,,,20.000TL, Bahçelievler - Şirinevler Mahallesi,https://www.emlakjet.com//ilan/s-evler-merkezde-metrobuse-7dk-11-17093194/,,,Eşyalı,,,
428,17093053,30 Mart 2025,02 Nisan 2025,Konut,Kiralık,Daire,50 m²,60 m²,1+1,1,12.Kat,20,Kombi Doğalgaz,Boş,,Bilinmiyor,Hayır,,1,,,,,,,,Genel Fiyat,,,15.000TL, Esenyurt - Yeşilkent Mahallesi,https://www.emlakjet.com//ilan/site-icinde-balkonlu-kullanisli-11-kiralik-daire-17093053/,Sıfır,Betonarme,,Yok,,
429,17093051,30 Mart 2025,03 Nisan 2025,Konut,Kiralık,Daire,80 m²,90 m²,2+1,4,Bahçe Katı,4,Kombi Doğalgaz,Boş,,Bilinmiyor,Hayır,,1,,,,,,,,Genel Fiyat,,,15.000TL, Esenyurt - Mehterçeşme Mahallesi,https://www.emlakjet.com//ilan/metrobuse-yakin-site-icinde-21-kiralik-daire-17093051/,İkinci El,Betonarme,,Yok,,
430,17092790,30 Mart 2025,02 Nisan 2025,Konut,Kiralık,Daire,45 m²,69 m²,1+1,0 (Yeni),3.Kat,5,Merkezi (Pay Ölçer),Boş,,Kat İrtifakı,Hayır,,1,,,,,,,,Genel Fiyat,,,51.000TL, Kadıköy - Acıbadem Mahallesi,https://www.emlakjet.com//ilan/sur-yapi-excellence-11-sifir-kiralik-residence-daire-17092790/,,,Boş,Yok,,
431,17092479,30 Mart 2025,02 Nisan 2025,Konut,Kiralık,Daire,120 m²,145 m²,3+1,21 Ve Üzeri,1.Kat,10,Kombi Doğalgaz,Boş,,Kat İrtifakı,Hayır,,1,,,,,,,,Genel Fiyat,,,38.000TL, Ataşehir - Yenişehir Mahallesi,https://www.emlakjet.com//ilan/atasehir-yenisehir-mh-ara-kat-cok-temiz-ferah-katta-tek-31-17092479/,,,Boş,Yok,,
432,17092363,30 Mart 2025,30 Mart 2025,Konut,Kiralık,Daire,65 m²,80 m²,2+1,0 (Yeni),1.Kat,6,Yerden Isıtma,Boş,,Kat Mülkiyeti,Evet,,1,,,,,,,,Genel Fiyat,,,40.000TL, Üsküdar - Küçüksu Mahallesi,https://www.emlakjet.com//ilan/cengelkoy-hasbahce-evlerinde-21-daire-80-m2-amerikan-mutfak-17092363/,,,Boş,Yok,,
433,17092264,30 Mart 2025,03 Nisan 2025,Konut,Kiralık,Daire,80 m²,92 m²,2+1,0 (Yeni),5.Kat,7,Kombi Doğalgaz,Boş,,Arsa Tapulu,Hayır,,1,,,,,,,,Genel Fiyat,,,25.500TL, Pendik - Şeyhli Mahallesi,https://www.emlakjet.com//ilan/ankara-cad-seyhli-cami-yani-metro-yakini-sifir-genis-21-kiralik-17092264/,,,Boş,Yok,,
434,17092253,30 Mart 2025,02 Nisan 2025,Konut,Kiralık,Daire,60 m²,75 m²,2+1,11-15,7.Kat,13,Merkezi (Pay Ölçer),Boş,,Kat Mülkiyeti,Evet,,1,,,,,,,,Genel Fiyat,,,15.000TL, Arnavutköy - Ömerli Mahallesi,https://www.emlakjet.com//ilan/cb-star-dan-omerli-hadimkoy-kiptas-21-kiralik-daire-17092253/,,,,Yok,,
435,17092081,30 Mart 2025,03 Nisan 2025,Konut,Kiralık,Daire,95 m²,105 m²,2+1,16-20,2.Kat,4,Kombi Doğalgaz,Boş,,Kat İrtifakı,Hayır,,1,,,,,,,,Genel Fiyat,,,17.000TL, Sultangazi - Esentepe Mahallesi,https://www.emlakjet.com//ilan/yoldas-insaat-tan-kiralik-105-m2-2-kat-genis-daire-17092081/,,,Boş,Yok,,
436,17092044,30 Mart 2025,02 Nisan 2025,Konut,Kiralık,Daire,110 m²,120 m²,3+1,21 Ve Üzeri,2.Kat,5,Kombi Doğalgaz,Boş,,Kat İrtifakı,Evet,,1,,,,,,,,Genel Fiyat,,,25.000TL, Bahçelievler - Yenibosna Merkez Mahallesi,https://www.emlakjet.com//ilan/bahcelievler-yenibosna-merkez-mah-kiralik-31-daire-17092044/,,,Boş,Yok,,
437,17092001,30 Mart 2025,02 Nisan 2025,Konut,Kiralık,Daire,34 m²,40 m²,Stüdyo,5-10,5.Kat,12,Merkezi (Pay Ölçer),Boş,,Kat Mülkiyeti,Evet,,1,,,,,,,,Genel Fiyat,,,18.000TL, Küçükçekmece - Tevfik Bey Mahallesi,https://www.emlakjet.com//ilan/next-house-dan-toya-moda-da-10-40m2-kiralik-daire-17092001/,,,Boş,Yok,,
438,17091934,30 Mart 2025,02 Nisan 2025,Konut,Kiralık,Daire,100 m²,110 m²,2+1,5-10,Kot 2 (-2).Kat,5,Kombi Doğalgaz,Boş,200 TL,Kat Mülkiyeti,Hayır,15750 TL,1,,Yok,,,,,,Genel Fiyat,922,21,15.750TL, Eyüpsultan - Rami Yeni Mahallesi,https://www.emlakjet.com//ilan/sahibinden-21-genis-daire-lutfen-ilani-detayli-okuyunuz-17091934/,,,,,,
439,17091917,30 Mart 2025,03 Nisan 2025,Konut,Kiralık,Daire,90 m²,100 m²,2+1,21 Ve Üzeri,Düz Giriş (Zemin),1,Kombi Doğalgaz,Boş,,Tapu Kaydı Yok,Hayır,,1,,,,,,,,Genel Fiyat,,,18.000TL, Maltepe - Gülensu Mahallesi,https://www.emlakjet.com//ilan/maltepe-gulensu-da-full-esyali-21-cadde-uzeri-17091917/,,,Eşyalı,Yok,,
440,17091891,30 Mart 2025,02 Nisan 2025,Konut,Kiralık,Daire,50 m²,70 m²,1+1,0 (Yeni),28.Kat,30,Merkezi (Pay Ölçer),Boş,,Kat Mülkiyeti,Evet,,2,,,,,,,,Genel Fiyat,,,50.000TL, Ümraniye - Yamanevler Mahallesi,https://www.emlakjet.com//ilan/avrupa-residence-yaman-evler-de-11-kiralik-daire-17091891/,,,Boş,Yok,,
441,17091890,30 Mart 2025,02 Nisan 2025,Konut,Kiralık,Daire,90 m²,100 m²,2+1,0 (Yeni),7.Kat,30,Merkezi (Pay Ölçer),Boş,,Kat Mülkiyeti,Evet,,2,,,,,,,,Genel Fiyat,,,70.000TL, Ümraniye - Yamanevler Mahallesi,https://www.emlakjet.com//ilan/avrupa-residence-yaman-evler-de-21-kiralik-17091890/,,,Boş,Yok,,
442,17091886,30 Mart 2025,02 Nisan 2025,Konut,Kiralık,Daire,65 m²,70 m²,2+1,5-10,Düz Giriş (Zemin),5,Kombi Doğalgaz,Boş,,Kat İrtifakı,Hayır,,1,,,,,,,,Genel Fiyat,,,29.000TL, Ümraniye - Ihlamurkuyu Mahallesi,https://www.emlakjet.com//ilan/metro-ve-avm-lere-yurumu-sadece-besdakika-esyali-daire-17091886/,,,Eşyalı,Yok,,
443,17091832,30 Mart 2025,02 Nisan 2025,Konut,Kiralık,Daire,140 m²,178 m²,3+1,21 Ve Üzeri,5.Kat,9,Merkezi (Pay Ölçer),Boş,,Kat Mülkiyeti,Hayır,,3,,,,,,,,Genel Fiyat,,,65.000TL, Kadıköy - Suadiye Mahallesi,https://www.emlakjet.com//ilan/poyraz-dan-tek-yetkili-bagdat-caddesine-yurume-mesafesinde-31-17091832/,,,Boş,Yok,,
444,17091774,30 Mart 2025,02 Nisan 2025,Konut,Kiralık,Daire,170 m²,180 m²,4+1,5-10,5.Kat,5,Kombi Doğalgaz,Boş,,Kat Mülkiyeti,Hayır,,1,,,,,,,,Genel Fiyat,,,36.000TL, Gaziosmanpaşa - Yıldıztabya Mahallesi,https://www.emlakjet.com//ilan/seref-emlak-yildiztabya-dubleks-kiralik-daire-36-000-tl-17091774/,,,Boş,Yok,,
445,17091712,29 Mart 2025,30 Mart 2025,Konut,Kiralık,Daire,80 m²,90 m²,2+1,4,3.Kat,4,Kombi Doğalgaz,Mülk Sahibi Oturuyor,,Kat İrtifakı,Hayır,,1,,,,,,,,Genel Fiyat,,,40.000TL, Maltepe - Küçükyalı Mahallesi,https://www.emlakjet.com//ilan/ibar-dan-kucukyali-da-kiralik-esyali-21-daire-yeni-17091712/,,,,Yok,,
446,17091705,29 Mart 2025,29 Mart 2025,Konut,Kiralık,Daire,80 m²,90 m²,2+1,21 Ve Üzeri,1.Kat,4,Kombi Doğalgaz,Boş,,Kat İrtifakı,Hayır,,1,,,,,,,,Genel Fiyat,,3062,25.000TL, Ümraniye - Yukarı Dudullu Mahallesi,https://www.emlakjet.com//ilan/umraniye-kiralik-daire-kiralik-ofis-17091705/,,,,,,
447,17091684,29 Mart 2025,02 Nisan 2025,Konut,Kiralık,Daire,90 m²,110 m²,2+1,4,3.Kat,5,Merkezi (Pay Ölçer),Boş,,Kat Mülkiyeti,Evet,,1,,,,,,,,Genel Fiyat,,,50.000TL, Pendik - Şeyhli Mahallesi,https://www.emlakjet.com//ilan/pendik-metroya-yurume-mesafesi-kiralik-esyali-21-daire-17091684/,,,Eşyalı,Yok,,
448,17091682,29 Mart 2025,02 Nisan 2025,Konut,Kiralık,Daire,45 m²,67 m²,1+1,5-10,3.Kat,12,Yerden Isıtma,Boş,,Kat Mülkiyeti,Evet,,1,,,,,,,,Genel Fiyat,,,25.000TL, Sancaktepe - Abdurrahmangazi Mahallesi,https://www.emlakjet.com//ilan/sancaktepe-evre-gedizler1-de-havuz-manzarali-kiralik-11-daire-17091682/,,,Boş,Yok,,
449,17091675,29 Mart 2025,03 Nisan 2025,Konut,Kiralık,Daire,90 m²,95 m²,2+1,16-20,2.Kat,4,Kombi Doğalgaz,Boş,150 TL,Kat Mülkiyeti,Hayır,25000 TL,1,,Var,1,Kapalı Balkon,,1,,Genel Fiyat,235,9,25.000TL, Eyüpsultan - Rami Cuma Mahallesi,https://www.emlakjet.com//ilan/rami-cuma-mah-95-m2-ferah-2-kat-deprem-sonrasi-binada-kiralik-daire-17091675/,İkinci El,Betonarme,Boş,Yok,Hayır,
450,17091578,29 Mart 2025,02 Nisan 2025,Konut,Kiralık,Daire,75 m²,80 m²,2+1,21 Ve Üzeri,2.Kat,2,Kombi Doğalgaz,Boş,,Kooperatiften Tapu,Hayır,,1,,,,,,,,Genel Fiyat,,,21.000TL, Beykoz - İncirköy Mahallesi,https://www.emlakjet.com//ilan/beykoz-full-esyali-kapali-ve-acik-balkonlu-21-kiralik-daire-17091578/,,,Eşyalı,Yok,,
451,17091449,29 Mart 2025,04 Nisan 2025,Konut,Kiralık,Daire,130 m²,150 m²,3+1,11-15,5.Kat,10,Kombi Doğalgaz,Boş,,Yabancıdan,Evet,,1,,,,,,,,Genel Fiyat,,,27.000TL, Beylikdüzü - Marmara Mahallesi,https://www.emlakjet.com//ilan/beylikduzu-marmara-mahallesinde-kiralik-31-guney-cephe-daire-17091449/,,,,,,
452,17091327,29 Mart 2025,02 Nisan 2025,Konut,Kiralık,Daire,50 m²,55 m²,1+1,5-10,Yüksek Giriş,5,Kombi Doğalgaz,Boş,,Kat Mülkiyeti,Hayır,,1,,,,,,,,Genel Fiyat,,,14.000TL, Eyüpsultan - Esentepe Mahallesi,https://www.emlakjet.com//ilan/esentepe-mah-11-55-m2-y-giris-kiralik-daire-17091327/,,,Boş,Yok,,
453,17091270,29 Mart 2025,01 Nisan 2025,Konut,Kiralık,Daire,80 m²,90 m²,2+1,5-10,Bahçe Dublex,4,Kombi Doğalgaz,Boş,300 TL,Kat Mülkiyeti,Hayır,20000 TL,1,,Yok,,,,1,,Genel Fiyat,500,28,17.000TL, Sancaktepe - Atatürk Mahallesi,https://www.emlakjet.com//ilan/sancaktepe-kiralik-21-90m-tersdubleks-17091270/,İkinci El,Betonarme,,,,
454,17091254,29 Mart 2025,05 Nisan 2025,Konut,Kiralık,Daire,70 m²,80 m²,2+1,5-10,3.Kat,5,Kombi Doğalgaz,Boş,,Kat Mülkiyeti,Hayır,17500 TL,1,,Var,1,,,,,Genel Fiyat,594,2,17.500TL, Küçükçekmece - Söğütlü Çeşme Mahallesi,https://www.emlakjet.com//ilan/ari-emlak-tan-kiralik-80m2-daire-17091254/,İkinci El,,,,,
455,17091180,29 Mart 2025,02 Nisan 2025,Konut,Kiralık,Daire,70 m²,80 m²,2+1,0 (Yeni),5.Kat,9,Kombi Doğalgaz,Boş,,Kat İrtifakı,Evet,,1,,,,,,,,Genel Fiyat,,,31.000TL, Tuzla - Yayla Mahallesi,https://www.emlakjet.com//ilan/tuzla-devlet-hastanesine-yakin-site-icerisinde-kiralik-21-daire-17091180/,,,Boş,Yok,,
456,17091115,29 Mart 2025,04 Nisan 2025,Konut,Kiralık,Daire,85 m²,105 m²,2+1,21 Ve Üzeri,5.Kat,5,Kombi Doğalgaz,Boş,,Tapu Kaydı Yok,Hayır,18000 TL,1,,Var,,,,,,Genel Fiyat,,,18.000TL, Küçükçekmece - Tevfik Bey Mahallesi,https://www.emlakjet.com//ilan/tevfikbey-mahallesi-105-metre-2-1-besinci-kat-asansorsuz-kombili-sitede-kiralik-daire-17091115/,,,Boş,,,
457,17091107,29 Mart 2025,03 Nisan 2025,Konut,Kiralık,Daire,140 m²,150 m²,3+1,5-10,1.Kat,6,Kombi Doğalgaz,Boş,50 TL,Yabancıdan,Hayır,19000 TL,1,5 m²,Var,2,Açık Balkon,5 m²,1,,Genel Fiyat,,8746,19.000TL, Esenyurt - Talatpaşa Mahallesi,https://www.emlakjet.com//ilan/talatpasa-da-devv-kiralik-17091107/,Sıfır,,Boş,,,30 m²
458,17091082,29 Mart 2025,04 Nisan 2025,Konut,Kiralık,Daire,130 m²,150 m²,3+1,21 Ve Üzeri,1.Kat,5,Kombi Doğalgaz,Boş,,Kat Mülkiyeti,Hayır,,2,,Var,2,,,2,,Genel Fiyat,,4324,24.500TL, Bahçelievler - Hürriyet Mahallesi,https://www.emlakjet.com//ilan/bahcelievler-hurriyet-kiralik-temiz-boyali-bakimli-31-17091082/,,,,,,
459,17091074,29 Mart 2025,04 Nisan 2025,Konut,Kiralık,Daire,95 m²,100 m²,2+1,5-10,1.Kat,6,Merkezi Doğalgaz,Boş,50 TL,Yabancıdan,Hayır,10000 TL,1,,Var,1,Açık Teras,,,,Genel Fiyat,,,10.000TL, Esenyurt - Talatpaşa Mahallesi,https://www.emlakjet.com//ilan/talatpasa-mahallesi-metrobuse-hastaneye-parka-yakin-17091074/,,,,,,
460,17090999,29 Mart 2025,02 Nisan 2025,Konut,Kiralık,Daire,80 m²,90 m²,2+1,5-10,5.Kat,6,Kombi Doğalgaz,Boş,,Kat Mülkiyeti,Hayır,,1,,,,,,,,Genel Fiyat,,,20.000TL, Çekmeköy - Soğukpınar Mahallesi,https://www.emlakjet.com//ilan/cekmekoy-sogukpinar-mah-kiralik-21-daire-17090999/,,,Boş,Yok,,
461,17090963,29 Mart 2025,02 Nisan 2025,Konut,Kiralık,Daire,70 m²,90 m²,2+1,0 (Yeni),7.Kat,9,Kombi Doğalgaz,Boş,,Kat Mülkiyeti,Evet,,2,,,,,,,,Genel Fiyat,,,33.000TL, Ümraniye - Armağanevler Mahallesi,https://www.emlakjet.com//ilan/umraniye-cakmak-metrosuna-yakin-site-ici-sifir-21-balkonlu-17090963/,,,Boş,Yok,,
462,17090943,29 Mart 2025,04 Nisan 2025,Konut,Kiralık,Daire,78 m²,90 m²,2+1,21 Ve Üzeri,1.Kat,4,Kombi Doğalgaz,Boş,,Kat Mülkiyeti,Hayır,,1,,Yok,,,,,,Genel Fiyat,22,3,26.500TL, Beşiktaş - Dikilitaş Mahallesi,https://www.emlakjet.com//ilan/dikilitasta-da-icerisi-komple-yapili-super-daire-17090943/,,,,,,
463,17090909,29 Mart 2025,29 Mart 2025,Konut,Kiralık,Daire,140 m²,150 m²,3+1,5-10,1.Kat,6,Kombi Doğalgaz,Boş,50 TL,Yabancıdan,Hayır,15000 TL,1,5 m²,Var,2,Açık Balkon,5 m²,1,,Genel Fiyat,,,15.000TL, Esenyurt - Talatpaşa Mahallesi,https://www.emlakjet.com//ilan/talatpasa-mahallesi-sehitler-parkin-karsisi-balkonlu-hastane-yakin-17090909/,Sıfır,,Boş,,,
464,17090848,29 Mart 2025,29 Mart 2025,Konut,Kiralık,Daire,80 m²,85 m²,2+1,21 Ve Üzeri,3.Kat,4,Kombi Doğalgaz,Boş,,Yabancıdan,Hayır,,1,,Var,,,,,,Genel Fiyat,,,20.000TL, Küçükçekmece - Fevzi Çakmak Mahallesi,https://www.emlakjet.com//ilan/seba-dan-sefakoy-merkezde-full-esyali-21-85m2-kiralik-dairee-17090848/,,,Eşyalı,,Evet,
465,17090781,29 Mart 2025,02 Nisan 2025,Konut,Kiralık,Daire,80 m²,95 m²,2+1,16-20,2.Kat,3,Sobalı,Boş,,Arsa Tapulu,Hayır,,2,,,,,,,,Genel Fiyat,,,12.000TL, Sancaktepe - Hilal Mahallesi,https://www.emlakjet.com//ilan/bahtiyar-gayrimenkulden-kiralik-hilal-mah-yenidogan-sancaktepe-17090781/,,,Boş,Yok,,
466,17090761,29 Mart 2025,29 Mart 2025,Konut,Kiralık,Daire,75 m²,83 m²,2+1,2,3.Kat,4,Kombi Doğalgaz,Kiracı Oturuyor,,Kat Mülkiyeti,Hayır,25000 TL,1,,,,,,,,Genel Fiyat,1473,7,25.000TL, Esenler - Fevzi Çakmak Mahallesi,https://www.emlakjet.com//ilan/avrupa-emlaktan-memura-esenler-dortyol-meydana-2dk-fevzi-cakmak-mah-83m-21-3-kat-2-yillik-asansorlu-17090761/,,,,,,
467,17090681,29 Mart 2025,02 Nisan 2025,Konut,Kiralık,Daire,85 m²,90 m²,2+1,5-10,3.Kat,4,Kombi Doğalgaz,Boş,,Kat Mülkiyeti,Hayır,,1,,,,,,,,Genel Fiyat,,,29.000TL, Ataşehir - İnönü Mahallesi,https://www.emlakjet.com//ilan/inonu-mah-merkezi-konum-da-kiralik-ara-kat-bos-21-daire-17090681/,,,Boş,Yok,,
468,17090680,29 Mart 2025,02 Nisan 2025,Konut,Kiralık,Daire,60 m²,65 m²,2+1,11-15,Bahçe Katı,4,Kombi Doğalgaz,Boş,,Kat Mülkiyeti,Hayır,,2,,,,,,,,Genel Fiyat,,,19.250TL, Ataşehir - Kayışdağı Mahallesi,https://www.emlakjet.com//ilan/kayisdagi-mah-metroya-yurume-mesafesinde-bahce-kullanimli-daire-17090680/,,,Boş,Yok,,
469,17090677,29 Mart 2025,02 Nisan 2025,Konut,Kiralık,Daire,72 m²,81 m²,2+1,21 Ve Üzeri,2.Kat,4,Kombi Doğalgaz,Boş,,Kat Mülkiyeti,Hayır,,1,,,,,,,,Genel Fiyat,,,22.250TL, Üsküdar - Valide,https://www.emlakjet.com//ilan/uskudar-zeynep-kamil-hastanesi-yakini-kiralik-21-bos-daire-17090677/,,,Boş,Yok,,
470,17090663,29 Mart 2025,02 Nisan 2025,Konut,Kiralık,Daire,90 m²,100 m²,2+1,0 (Yeni),1.Kat,3,Kombi Doğalgaz,Boş,,Kat Mülkiyeti,Hayır,,1,,,,,,,,Genel Fiyat,,,35.000TL, Küçükçekmece - Gültepe Mahallesi,https://www.emlakjet.com//ilan/cadde-emlak-gultepe-mah-metrobus-yani-sifir-binada-21-1-kat-17090663/,,,Boş,Yok,,
471,17090655,29 Mart 2025,02 Nisan 2025,Konut,Kiralık,Daire,85 m²,90 m²,2+1,21 Ve Üzeri,3.Kat,5,Kombi Doğalgaz,Boş,,Kat Mülkiyeti,Hayır,,1,,,,,,,,Genel Fiyat,,,32.500TL, Sarıyer - Sarıyer Merkez Mahallesi,https://www.emlakjet.com//ilan/sariyer-zumrutevlerde-arakat-deniz-goren-21-balkonlu-daire-17090655/,,,Boş,Yok,,
472,17090566,29 Mart 2025,29 Mart 2025,Konut,Kiralık,Daire,60 m²,70 m²,1+1,5-10,Yüksek Giriş,6,Merkezi Doğalgaz,Boş,50 TL,Yabancıdan,Hayır,9000 TL,1,,Var,1,Açık Teras,,,,Genel Fiyat,,,9.000TL, Esenyurt - Talatpaşa Mahallesi,https://www.emlakjet.com//ilan/esenyurt-talatpasa-da-kiralik-mukemmel-daire-1-1-17090566/,,,,,,
473,17090559,29 Mart 2025,03 Nisan 2025,Konut,Kiralık,Daire,68 m²,75 m²,1+1,21 Ve Üzeri,Bahçe Katı,4,Kombi Doğalgaz,Boş,,Kat Mülkiyeti,Hayır,,1,,,,,,,,Genel Fiyat,1329,115,13.500TL, Fatih - Silivrikapı Mahallesi,https://www.emlakjet.com//ilan/destan-015-kocamustafapasa-vidin-cd-civari-111-bakimli-75m2-bahce-kat-on-arka-cephe-aciklama-oku-17090559/,,,,,,
474,17090477,29 Mart 2025,02 Nisan 2025,Konut,Kiralık,Daire,140 m²,160 m²,3+1,21 Ve Üzeri,5.Kat,5,Kombi Doğalgaz,Boş,,Kat İrtifakı,Hayır,,1,,,,,,,,Genel Fiyat,,,32.000TL, Avcılar - Gümüşpala Mahallesi,https://www.emlakjet.com//ilan/avcilar-gumuspala-mah-deniz-manzarali-asansorlu-5-kat-31-17090477/,,,Boş,Yok,,
475,17090477,29 Mart 2025,02 Nisan 2025,Konut,Kiralık,Daire,140 m²,160 m²,3+1,21 Ve Üzeri,5.Kat,5,Kombi Doğalgaz,Boş,,Kat İrtifakı,Hayır,,1,,,,,,,,Genel Fiyat,,,32.000TL, Avcılar - Gümüşpala Mahallesi,https://www.emlakjet.com//ilan/avcilar-gumuspala-mah-deniz-manzarali-asansorlu-5-kat-31-17090477/,,,Boş,Yok,,
476,17090360,29 Mart 2025,02 Nisan 2025,Konut,Kiralık,Daire,70 m²,80 m²,2+1,0 (Yeni),2.Kat,3,Kombi Doğalgaz,Boş,,Kat İrtifakı,Hayır,,1,,,,,,,,Genel Fiyat,,,22.500TL, Beylikdüzü - Yakuplu Mahallesi,https://www.emlakjet.com//ilan/beylikduzu-yakupluda-21-80-m2-yeni-binada-sifir-kiralik-daire-17090360/,,,Boş,Yok,,
477,17090205,29 Mart 2025,29 Mart 2025,Konut,Kiralık,Daire,60 m²,65 m²,2+1,21 Ve Üzeri,1.Kat,2,Kombi Doğalgaz,Boş,100 TL,Kat İrtifakı,Hayır,15000 TL,1,,Var,,,,,,Genel Fiyat,1084,24,25.200TL, Fatih - Yedikule Mahallesi,https://www.emlakjet.com//ilan/marmaray-a-ve-hastanelere-yakin-klimali-21-esyali-daire-17090205/,,,Eşyalı,,,
478,17090123,29 Mart 2025,02 Nisan 2025,Konut,Kiralık,Daire,95 m²,105 m²,3+1,0 (Yeni),2.Kat,5,Kombi Doğalgaz,Boş,,Kat İrtifakı,Hayır,,2,,,,,,,,Genel Fiyat,,,28.000TL, Büyükçekmece - Atatürk Mahallesi,https://www.emlakjet.com//ilan/buyukcekmece-kismi-deniz-manzarali-sifir-31kiralik-daire-17090123/,,,Boş,Yok,,
479,17090121,29 Mart 2025,02 Nisan 2025,Konut,Kiralık,Daire,65 m²,90 m²,2+1,11-15,5.Kat,13,Merkezi (Pay Ölçer),Boş,,Kat Mülkiyeti,Evet,,1,,,,,,,,Genel Fiyat,,,22.000TL, Esenyurt - Koza Mahallesi,https://www.emlakjet.com//ilan/akkoza-acelya-tenis-akademisi-cepheli-esyali-21-kiralik-daire-17090121/,,,Eşyalı,Yok,,
480,17089908,29 Mart 2025,03 Nisan 2025,Konut,Kiralık,Daire,75 m²,90 m²,2+1,11-15,Düz Giriş (Zemin),4,Kombi Doğalgaz,Boş,,Kat İrtifakı,Hayır,,1,,,,,,,,Genel Fiyat,,,19.000TL, Çekmeköy - Merkez Mahallesi,https://www.emlakjet.com//ilan/merkez-mahallesinde-koroglu-caddesi-uzerinde-kiralik-bos-21-17089908/,,,Boş,Yok,,
481,17089886,29 Mart 2025,29 Mart 2025,Konut,Kiralık,Daire,55 m²,60 m²,1+1,3,Kot 3 (-3).Kat,3,Kombi Doğalgaz,Boş,,Kat Mülkiyeti,Hayır,,1,,,,,,,,Genel Fiyat,9057,14,15.000TL, Şişli - Kuştepe Mahallesi,https://www.emlakjet.com//ilan/bilgi-universitesi-ne-3-dk-yurume-mesafesinde-11-esyali-daire-17089886/,,,,,,
482,17089844,29 Mart 2025,29 Mart 2025,Konut,Kiralık,Daire,110 m²,120 m²,1+1,11-15,3.Kat,4,Kombi Doğalgaz,Boş,,Kat İrtifakı,Hayır,,1,,,,,,,,Genel Fiyat,34,8,34.500TL, Çekmeköy - Merkez Mahallesi,https://www.emlakjet.com//ilan/cekmekoy-merkez-mah-kiralik-ofis-cekmekoy-belediyesine-komsu-17089844/,,,,,,
483,17089704,29 Mart 2025,02 Nisan 2025,Konut,Kiralık,Daire,140 m²,150 m²,4+1,5-10,4.Kat,4,Merkezi (Pay Ölçer),Boş,,Kat Mülkiyeti,Evet,,2,,,,,,,,Genel Fiyat,,,55.000TL, Eyüpsultan - Göktürk Merkez Mahallesi,https://www.emlakjet.com//ilan/gokturk-cesmebasi-cad-uzerinde-kiralik-41-dubleks-daire-17089704/,,,Boş,Yok,,
484,17089647,29 Mart 2025,29 Mart 2025,Konut,Kiralık,Daire,95 m²,105 m²,3+1,16-20,2.Kat,5,Kombi Doğalgaz,Boş,,Kat Mülkiyeti,Evet,,1,,,,,,,,Genel Fiyat,,,28.000TL, Büyükçekmece - Kumburgaz Mahallesi,https://www.emlakjet.com//ilan/buyukcekmece-kumburgaz-mah-de-deniz-manzarali-esyali-31-17089647/,,,Eşyalı,Yok,,
485,17089604,29 Mart 2025,01 Nisan 2025,Konut,Kiralık,Daire,75 m²,90 m²,1.5+1,21 Ve Üzeri,Çatı Katı,3,Kombi Doğalgaz,Boş,150 TL,Tapu Kaydı Yok,Hayır,20000 TL,1,,Var,1,Açık Balkon,,1,,Genel Fiyat,,,20.000TL, Sarıyer - Maden Mahallesi,https://www.emlakjet.com//ilan/sariyer-madende-11-kiralik-daire-17089604/,İkinci El,Betonarme,Boş,,,
486,17089549,29 Mart 2025,04 Nisan 2025,Konut,Kiralık,Daire,90 m²,100 m²,2+1,0 (Yeni),Yüksek Giriş,5,Kombi Doğalgaz,Boş,,Kat Mülkiyeti,Hayır,,1,,,,,,,,Genel Fiyat,1980,7,30.000TL, Bahçelievler - Siyavuşpaşa Mahallesi,https://www.emlakjet.com//ilan/b-evler-yayla-merkezde-yildiz-sokak-sifir-binada-kiralik-dublex-17089549/,,,,,,
487,17089474,29 Mart 2025,02 Nisan 2025,Konut,Kiralık,Daire,35 m²,50 m²,1+1,3,10.Kat,24,Merkezi (Pay Ölçer),Boş,,Kat Mülkiyeti,Evet,,1,,,,,,,,Genel Fiyat,,,30.500TL, Kadıköy - Dumlupınar Mahallesi,https://www.emlakjet.com//ilan/nevelli-den-kiptas-torkam-da-kiralik-11-a-tipi-peyzaj-manzarali-17089474/,,,Boş,Yok,,
488,17089368,29 Mart 2025,02 Nisan 2025,Konut,Kiralık,Daire,120 m²,132 m²,3+1,5-10,2.Kat,12,Merkezi (Pay Ölçer),Boş,,Kat Mülkiyeti,Evet,,1,,,,,,,,Genel Fiyat,,,32.000TL, Sultangazi - Eski Habipler Mahallesi,https://www.emlakjet.com//ilan/prestij-den-elit-sitede-120m-31-ozel-daire-17089368/,,,Boş,Yok,,
489,17089319,29 Mart 2025,29 Mart 2025,Konut,Kiralık,Daire,85 m²,90 m²,2+1,21 Ve Üzeri,Bahçe Katı,6,Isıtma Yok,Boş,100 TL,Kat Mülkiyeti,Hayır,56000 TL,1,,Var,1,Açık Balkon,6 m²,,,Genel Fiyat,1449,32,28.000TL, Küçükçekmece - Fatih Mahallesi,https://www.emlakjet.com//ilan/gol-kenari-daire-21-full-esyali-250mt-metrobus-yurume-mesafesi-17089319/,,,Eşyalı,,,
490,17089179,29 Mart 2025,03 Nisan 2025,Konut,Kiralık,Daire,60 m²,65 m²,1+1,2,Çatı Katı,6,Kombi Doğalgaz,Boş,,Kat Mülkiyeti,Hayır,,1,,,,,,,,Genel Fiyat,,,25.000TL, Şişli - Mecidiyeköy Mahallesi,https://www.emlakjet.com//ilan/homeland-den-cadde-uzerinde-metroya-yakin-11-esyasiz-daire-17089179/,,,Boş,Yok,,
491,17089062,29 Mart 2025,03 Nisan 2025,Konut,Kiralık,Daire,60 m²,75 m²,2+1,21 Ve Üzeri,Düz Giriş (Zemin),4,Merkezi Doğalgaz,Mülk Sahibi Oturuyor,,Kat Mülkiyeti,Hayır,,1,,,,,,,,Genel Fiyat,,,25.000TL, Güngören - Abdurrahman Nafiz Gürman Mahallesi,https://www.emlakjet.com//ilan/r-world-selim-kuldan-altay-sk-ta-21-temiz-iyi-lokasyonda-daire-17089062/,,,Boş,Yok,,
492,17089050,29 Mart 2025,03 Nisan 2025,Konut,Kiralık,Daire,65 m²,87 m²,2+1,5-10,4.Kat,10,Merkezi (Pay Ölçer),Boş,,Tapu Kaydı Yok,Evet,,1,,,,,,,,Genel Fiyat,,,13.000TL, Esenyurt - Koza Mahallesi,https://www.emlakjet.com//ilan/maximoon-evleri-21-bos-kiralik-daire-17089050/,,,Boş,Yok,,
493,17089016,29 Mart 2025,02 Nisan 2025,Konut,Kiralık,Daire,115 m²,130 m²,3+1,11-15,1.Kat,6,Kombi Doğalgaz,Boş,,Kat Mülkiyeti,Evet,,1,,,,,,,,Genel Fiyat,,,30.000TL, Arnavutköy - Mustafa Kemal Paşa Mahallesi,https://www.emlakjet.com//ilan/evalmak-tan-arnavutkoy-kiptas-konutlarin-da-kiralik-31-arakat-17089016/,,,Boş,Yok,,
494,17089014,29 Mart 2025,02 Nisan 2025,Konut,Kiralık,Daire,110 m²,130 m²,3+1,21 Ve Üzeri,2.Kat,4,Kombi Doğalgaz,Boş,,Kat Mülkiyeti,Hayır,,1,,,,,,,,Genel Fiyat,,,46.000TL, Kadıköy - Caferağa Mahallesi,https://www.emlakjet.com//ilan/odak-emlak-tan-muhurdar-da-yenilenmis-genis-31-daire-17089014/,,,Boş,Yok,,
495,17088991,29 Mart 2025,02 Nisan 2025,Konut,Kiralık,Daire,85 m²,100 m²,1+1,5-10,8.Kat,12,Kombi Doğalgaz,Boş,,Kat Mülkiyeti,Evet,,1,,,,,,,,Genel Fiyat,,,23.000TL, Beylikdüzü - Yakuplu Mahallesi,https://www.emlakjet.com//ilan/newport-sitesinde-esyali-kiralik-11-17088991/,,,Eşyalı,Yok,,
496,17088989,29 Mart 2025,02 Nisan 2025,Konut,Kiralık,Daire,100 m²,120 m²,2+1,2,4.Kat,4,Kombi Doğalgaz,Boş,,Kat Mülkiyeti,Evet,,1,,,,,,,,Genel Fiyat,,,31.000TL, Beylikdüzü - Kavaklı Mahallesi,https://www.emlakjet.com//ilan/site-icerisinde-full-luks-esyali-ozel-terasli-kiralik-21-daire-17088989/,,,Eşyalı,Yok,,
497,17088929,29 Mart 2025,02 Nisan 2025,Konut,Kiralık,Daire,85 m²,100 m²,2+1,5-10,3.Kat,3,Kombi Doğalgaz,Boş,,Kat Mülkiyeti,Hayır,,1,,,,,,,,Genel Fiyat,,,23.500TL, Pendik - Kavakpınar Mahallesi,https://www.emlakjet.com//ilan/kavakpinar-mahallesi-tek-daire-uzerine-21-kiralik-daire-17088929/,,,Boş,Yok,,
498,17088805,29 Mart 2025,02 Nisan 2025,Konut,Kiralık,Daire,75 m²,108 m²,2+1,11-15,6.Kat,10,Merkezi (Pay Ölçer),Boş,,Kat Mülkiyeti,Evet,,1,,,,,,,,Genel Fiyat,,,45.000TL, Sancaktepe - Emek Mahallesi,https://www.emlakjet.com//ilan/remaxprof-taskin-kibar-sinpas-2010-serefiyeli-kiralik-21-17088805/,,,Boş,Yok,,
499,17088783,29 Mart 2025,02 Nisan 2025,Konut,Kiralık,Daire,80 m²,90 m²,2+1,21 Ve Üzeri,2.Kat,5,Kombi Doğalgaz,Boş,,Kat Mülkiyeti,Hayır,,1,,,,,,,,Genel Fiyat,,,17.000TL, Bağcılar - İnönü Mahallesi,https://www.emlakjet.com//ilan/inonu-mahallesi-nde-ara-katta-saglam-binada-kiralik-21-daire-17088783/,,,Boş,Yok,,
500,17088782,29 Mart 2025,03 Nisan 2025,Konut,Kiralık,Daire,77 m²,122 m²,2+1,11-15,Bahçe Katı,7,Merkezi (Pay Ölçer),Boş,,Kat Mülkiyeti,Evet,,1,,,,,,,,Genel Fiyat,,,25.500TL, Başakşehir - Kayabaşı Mahallesi,https://www.emlakjet.com//ilan/kayasehir-17-bolgede-villa-tadinda-21-kiralik-bahce-kati-daire-17088782/,,,Boş,Yok,,
501,17088780,29 Mart 2025,03 Nisan 2025,Konut,Kiralık,Daire,110 m²,125 m²,3+1,11-15,3.Kat,5,Kombi Doğalgaz,Boş,,Kat Mülkiyeti,Evet,,1,,,,,,,,Genel Fiyat,,,30.000TL, Başakşehir - Başakşehir Mahallesi,https://www.emlakjet.com//ilan/basaksehir-cam-sakura-hastanesi-yakininda-31-kiralik-daire-17088780/,,,Boş,Yok,,
502,17088696,29 Mart 2025,03 Nisan 2025,Konut,Kiralık,Daire,85 m²,105 m²,2+1,0 (Yeni),3.Kat,4,Kombi Doğalgaz,Boş,,Kat Mülkiyeti,Evet,,2,,,,,,,,Genel Fiyat,,,23.000TL, Tuzla - Mescit Mahallesi,https://www.emlakjet.com//ilan/kiralik-105m2-sifir-daire-17088696/,,,Boş,Yok,,
503,17088574,28 Mart 2025,29 Mart 2025,Konut,Kiralık,Daire,108 m²,130 m²,2+1,5-10,17.Kat,17,Merkezi (Pay Ölçer),Boş,,Bilinmiyor,Hayır,,1,,,,,,,,Genel Fiyat,,,65.000TL, Gaziosmanpaşa - Karadeniz Mahallesi,https://www.emlakjet.com//ilan/i23den-viaport-veneziada-penthouse-daire-full-esyali-aylik-odemeli-projenin-en-iyilerinden-buyuk-m2-17088574/,İkinci El,Betonarme,Eşyalı,Yok,,
504,17088468,28 Mart 2025,28 Mart 2025,Konut,Kiralık,Daire,90 m²,100 m²,2+1,0 (Yeni),Yüksek Giriş,4,Kombi Doğalgaz,Boş,,Kat Mülkiyeti,Hayır,,1,,Yok,,,,1,,Genel Fiyat,156,5,16.000TL, Silivri - Çanta Sancaktepe Mahallesi,https://www.emlakjet.com//ilan/cantada-sifir-kiralik-daire-17088468/,,,Boş,,,
505,17088462,28 Mart 2025,02 Nisan 2025,Konut,Kiralık,Daire,202 m²,250 m²,4+2,5-10,5.Kat,5,Yerden Isıtma,Kiracı Oturuyor,,Kat Mülkiyeti,Evet,,3,,,,,,,,Genel Fiyat,,,90.000TL, Üsküdar - Bahçelievler Mahallesi,https://www.emlakjet.com//ilan/cengelkoy-ells-sitesi-nde-genis-42-kiralik-cati-dubleksi-17088462/,,,Boş,Yok,,
506,17088460,28 Mart 2025,02 Nisan 2025,Konut,Kiralık,Daire,120 m²,135 m²,3+1,21 Ve Üzeri,3.Kat,7,Kombi Doğalgaz,Boş,,Kat Mülkiyeti,Evet,,2,,,,,,,,Genel Fiyat,,,37.000TL, Ümraniye - Elmalıkent Mahallesi,https://www.emlakjet.com//ilan/umraniye-velioglu-sitesi-nde-31-kiralik-daire-17088460/,,,Boş,Yok,,
507,17088447,28 Mart 2025,02 Nisan 2025,Konut,Kiralık,Daire,65 m²,85 m²,1+1,5-10,25.Kat,30,Merkezi (Pay Ölçer),Boş,,Kat Mülkiyeti,Evet,,1,,,,,,,,Genel Fiyat,,,50.000TL, Sarıyer - Ayazağa Mahallesi,https://www.emlakjet.com//ilan/agaoglu-my-home-11-guncel-esyali-kiralik-daire-17088447/,,,Eşyalı,Yok,,
508,17088366,28 Mart 2025,28 Mart 2025,Konut,Kiralık,Daire,74 m²,87 m²,1+1,11-15,16.Kat,17,Merkezi Doğalgaz,Boş,4650 TL,Bilinmiyor,Hayır,,1,,,,,,,,Genel Fiyat,,,44.000TL, Bahçelievler - Çobançeşme Mahallesi,https://www.emlakjet.com//ilan/nish-istanbul-mobilyali-buyuk-tip-87-m2-kiralik-daire-17088366/,İkinci El,Betonarme,Eşyalı,Yok,,
509,17088349,28 Mart 2025,02 Nisan 2025,Konut,Kiralık,Daire,80 m²,100 m²,2+1,21 Ve Üzeri,2.Kat,7,Kombi Doğalgaz,Boş,,Kat Mülkiyeti,Hayır,,1,,,,,,,,Genel Fiyat,,,26.000TL, Fatih - Yavuz Sultan Selim Mahallesi,https://www.emlakjet.com//ilan/kiralik-21-2-kat-fatih-17088349/,,,Boş,Yok,,
510,17088284,28 Mart 2025,04 Nisan 2025,Konut,Kiralık,Daire,115 m²,125 m²,2+1,0 (Yeni),2.Kat,4,Kombi Doğalgaz,Boş,,Kat Mülkiyeti,Hayır,21000 TL,2,,Var,2,"Açık Balkon, Açık Teras",,,,Genel Fiyat,3138,2,22.500TL, Esenyurt - Zafer Mahallesi,https://www.emlakjet.com//ilan/esenyurt-zafer-mahallesi-kiralik-sifir-daire-17088284/,Sıfır,,Boş,,,
511,17088260,28 Mart 2025,04 Nisan 2025,Konut,Kiralık,Daire,130 m²,140 m²,3+1,16-20,4.Kat,4,Kombi Doğalgaz,Boş,0 TL,Kooperatiften Tapu,Hayır,23000 TL,1,5 m²,Var,1,Açık Balkon,5 m²,2,5 m²,Genel Fiyat,,,23.000TL, Ümraniye - Armağanevler Mahallesi,https://www.emlakjet.com//ilan/umraniye-cakmak-armaganevler-alemdag-caddesi-uzerinde-metro-yurume-mesafesi-yabanciya-17088260/,İkinci El,Betonarme,Boş,Yok,Hayır,40 m²
512,17088247,28 Mart 2025,28 Mart 2025,Konut,Kiralık,Daire,90 m²,100 m²,2+1,16-20,Düz Giriş (Zemin),5,Kombi Doğalgaz,Boş,150 TL,Kat Mülkiyeti,Hayır,15000 TL,1,4 m²,Yok,,,,1,4 m²,Genel Fiyat,1386,5,15.000TL, Gaziosmanpaşa - Bağlarbaşı Mahallesi,https://www.emlakjet.com//ilan/baglarbasi-mah-keceyolu-sok-kiralik-90m2-21-duz-giris-daire-17088247/,İkinci El,Betonarme,Boş,Yok,Evet,28 m²
513,17088229,28 Mart 2025,02 Nisan 2025,Konut,Kiralık,Daire,59 m²,67 m²,2+1,0 (Yeni),1.Kat,3,Kombi Doğalgaz,Boş,,Kat İrtifakı,Hayır,,1,,,,,,,,Genel Fiyat,,,35.000TL, Küçükçekmece - Halkalı Merkez Mahallesi,https://www.emlakjet.com//ilan/kozanhan-dan-kiralik-meydan-konumlu-21-ofise-konuta-uygun-daire-17088229/,,,Boş,Yok,,
514,17088112,28 Mart 2025,04 Nisan 2025,Konut,Kiralık,Daire,75 m²,85 m²,2+1,4,Çatı Katı,4,Kombi Doğalgaz,Boş,,Kat İrtifakı,Hayır,16000 TL,1,,Var,1,Açık Teras,,1,,Genel Fiyat,,21573,16.000TL, Arnavutköy - Nenehatun Mahallesi,https://www.emlakjet.com//ilan/arnavutkoy-nenehatun-mah-kiralik-21-cati-kat-daire-17088112/,İkinci El,Betonarme,Boş,,Hayır,
515,17087959,28 Mart 2025,28 Mart 2025,Konut,Kiralık,Daire,95 m²,115 m²,3+1,0 (Yeni),8.Kat,11,Yerden Isıtma,Boş,,Kat İrtifakı,Evet,40000 TL,1,,Var,1,Fransız Balkon,5 m²,,,Genel Fiyat,7987,22,27.000TL, Tuzla - Şifa Mahallesi,https://www.emlakjet.com//ilan/sahibinden-kiralik-tuzla-sifa-31-17087959/,,,,,,
516,17087862,28 Mart 2025,04 Nisan 2025,Konut,Kiralık,Daire,65 m²,75 m²,2+1,21 Ve Üzeri,3.Kat,4,Kombi Doğalgaz,Boş,500 TL,Tapu Kaydı Yok,Hayır,18000 TL,1,,Var,,,,,,Genel Fiyat,,,18.000TL, Küçükçekmece - İstasyon Mahallesi,https://www.emlakjet.com//ilan/istasyon-mahallesi-2-1-75-metre-kombili-ucuncu-kat-balkonlu-kiralik-daire-17087862/,,,Boş,,,
517,17087858,28 Mart 2025,28 Mart 2025,Konut,Kiralık,Daire,120 m²,130 m²,3+1,2,4.Kat,5,Kombi Doğalgaz,Boş,,Kat Mülkiyeti,Hayır,100000 TL,2,,Var,2,Açık Balkon,,2,,Genel Fiyat,453,105,70.000TL, Üsküdar - Mimar Sinan Mahallesi,https://www.emlakjet.com//ilan/istanbul-emlak-tan-mimarsinan-mah-31-130-m2-17087858/,İkinci El,Betonarme,Boş,,Hayır,
518,17087790,28 Mart 2025,28 Mart 2025,Konut,Kiralık,Daire,100 m²,110 m²,2+1,5-10,Düz Giriş (Zemin),3,Kombi Doğalgaz,Boş,,Tapu Kaydı Yok,Hayır,18000 TL,1,,Yok,,,,,,Birim Fiyat,,423,18.000TL, Arnavutköy - Karaburun Mahallesi,https://www.emlakjet.com//ilan/kiralik-daire-17087790/,,,,,,
519,17087723,28 Mart 2025,28 Mart 2025,Konut,Kiralık,Daire,140 m²,150 m²,3+1,21 Ve Üzeri,1.Kat,5,Kombi Doğalgaz,Boş,250 TL,Kat Mülkiyeti,Hayır,40000 TL,1,,Var,2,"Açık Balkon, Kapalı Balkon",,2,,Genel Fiyat,504,65,40.000TL, Üsküdar - Sultantepe Mahallesi,https://www.emlakjet.com//ilan/istanbul-emlak-tan-sultantepe-mah-31-140-m2-acik-otoparkli-17087723/,İkinci El,Betonarme,Boş,,Hayır,
520,17087654,28 Mart 2025,02 Nisan 2025,Konut,Kiralık,Daire,120 m²,125 m²,3+1,21 Ve Üzeri,2.Kat,5,Kombi Doğalgaz,Boş,,Tapu Kaydı Yok,Hayır,22000 TL,1,,Var,,,,,,Genel Fiyat,,,22.000TL, Bahçelievler - Şirinevler Mahallesi,https://www.emlakjet.com//ilan/s-evler-merkezde-metrobuse-5dk-31-120m2-bakimli-coktemiz-arakat-2-kat-kiralik-daire-17087654/,,,Boş,,,
521,17087459,28 Mart 2025,04 Nisan 2025,Konut,Kiralık,Daire,130 m²,140 m²,3+1,21 Ve Üzeri,4.Kat,4,Kombi Doğalgaz,Boş,,Kat İrtifakı,Hayır,,1,,Var,2,"Açık Balkon, Kapalı Balkon",,1,,Genel Fiyat,,10984,22.000TL, Bahçelievler - Zafer Mahallesi,https://www.emlakjet.com//ilan/yenibosna-metro-metrobuse-yakin-kiralik-140-m2-31-daire-17087459/,İkinci El,Betonarme,,,,
522,17087399,28 Mart 2025,28 Mart 2025,Konut,Kiralık,Daire,135 m²,150 m²,3+2,0 (Yeni),3.Kat,3,Kombi Doğalgaz,Boş,,Kat Mülkiyeti,Hayır,,1,,,,,,,,Genel Fiyat,,,23.000TL, Başakşehir - Altınşehir Mahallesi,https://www.emlakjet.com//ilan/basaksehir-guvercintepede-kiralik-32dubleks-daire-17087399/,,,Boş,Yok,,
523,17087316,28 Mart 2025,28 Mart 2025,Konut,Kiralık,Daire,90 m²,110 m²,3+1,21 Ve Üzeri,5.Kat,5,Merkezi Doğalgaz,Boş,300 TL,Kat Mülkiyeti,Hayır,70000 TL,1,,Yok,,,,2,,Genel Fiyat,434,11,35.000TL, Bahçelievler - Bahçelievler Mahallesi,https://www.emlakjet.com//ilan/bahcelievler-mahallesi-cinili-cami-yaninda-kiralik-daire-17087316/,,,Boş,,,
524,17087307,28 Mart 2025,28 Mart 2025,Konut,Kiralık,Daire,85 m²,100 m²,3+1,11-15,5.Kat,9,Kombi Doğalgaz,Boş,,Kat İrtifakı,Hayır,90000 TL,1,,Var,1,,,1,,Genel Fiyat,1111,33,46.000TL, Ataşehir - İçerenköy Mahallesi,https://www.emlakjet.com//ilan/atasehir-icerenkoyde-acibadem-universitesi-yani-sifir-31-daire-17087307/,Sıfır,Betonarme,Boş,Yok,Hayır,
525,17087281,28 Mart 2025,28 Mart 2025,Konut,Kiralık,Daire,130 m²,150 m²,3+0,21 Ve Üzeri,3.Kat,4,Merkezi Doğalgaz,Boş,,Kat Mülkiyeti,Hayır,,1,,,,,,,,Genel Fiyat,891,133,45.000TL, Bakırköy - Zuhuratbaba Mahallesi,https://www.emlakjet.com//ilan/safir-bakirkoy-den-incirli-caddesi-uzeri-31-kiralik-ofis-17087281/,,,,,,
526,17087230,28 Mart 2025,03 Nisan 2025,Konut,Kiralık,Daire,95 m²,105 m²,3+1,21 Ve Üzeri,Bahçe Katı,5,Kombi Doğalgaz,Boş,,Kat Mülkiyeti,Hayır,,1,,,,,,,,Genel Fiyat,,2047,20.000TL, Bahçelievler - Siyavuşpaşa Mahallesi,https://www.emlakjet.com//ilan/duz-giris-konumunda-uc-tarafi-bahceli-kiralik-bahce-kati-daire-17087230/,,,,,,
527,17087117,28 Mart 2025,28 Mart 2025,Konut,Kiralık,Daire,115 m²,130 m²,2+1,5-10,3.Kat,15,Merkezi Doğalgaz,Boş,,Kat Mülkiyeti,Evet,,1,,,,,,,,Genel Fiyat,,,26.000TL, Esenyurt - Barbaros Hayrettin Paşa Mahallesi,https://www.emlakjet.com//ilan/siteici-full-esyali-ferah-ve-genis-21-kiralik-daire-17087117/,,,Eşyalı,Yok,,
528,17087024,28 Mart 2025,28 Mart 2025,Konut,Kiralık,Daire,70 m²,75 m²,1+1,21 Ve Üzeri,1.Kat,4,Kombi Doğalgaz,Boş,,Kat Mülkiyeti,Hayır,17000 TL,1,,Var,,,,,,Genel Fiyat,1340,91,17.000TL, Fatih - Silivrikapı Mahallesi,https://www.emlakjet.com//ilan/ecem-emlaktan-kocamustafapasa-da-1-ara-kat-70m2-17087024/,,,,,,
529,17087008,28 Mart 2025,28 Mart 2025,Konut,Kiralık,Daire,70 m²,80 m²,2+1,0 (Yeni),4.Kat,5,Kombi Doğalgaz,Boş,,Kat Mülkiyeti,Hayır,,1,,,,,,,,Genel Fiyat,15200,290,50.000TL, Maltepe - Altıntepe Mahallesi,https://www.emlakjet.com//ilan/altintepe-de-balkonlu-ayri-mutfakli-katta-sifir-21-17087008/,,,,,,
530,17086693,28 Mart 2025,28 Mart 2025,Konut,Kiralık,Daire,90 m²,100 m²,2+1,4,5.Kat,12,Kombi Doğalgaz,Boş,,Tapu Kaydı Yok,Evet,,1,,,,,,,,Genel Fiyat,,,20.000TL, Esenyurt - Bağlarçeşme Mahallesi,https://www.emlakjet.com//ilan/dogan-arasli-uzeri-esyali-site-ici-21-kiralik-daire-17086693/,,,Eşyalı,Yok,,
531,17086684,28 Mart 2025,28 Mart 2025,Konut,Kiralık,Daire,50 m²,70 m²,1+1,5-10,2.Kat,15,Merkezi (Pay Ölçer),Boş,,Yabancıdan,Evet,42000 TL,1,,,,,,,,Genel Fiyat,,,21.000TL, Bağcılar - 15 Temmuz Mahallesi,https://www.emlakjet.com//ilan/perola-residence-kiralik-11-bos-daire-17086684/,,,,,,
532,17086558,28 Mart 2025,28 Mart 2025,Konut,Kiralık,Daire,75 m²,85 m²,2+1,5-10,Yüksek Giriş,4,Kombi Doğalgaz,Boş,,Kat Mülkiyeti,Hayır,,1,,,,,,,,Genel Fiyat,,,22.000TL, Maltepe - Zümrütevler Mahallesi,https://www.emlakjet.com//ilan/21-ulasim-sorunsuz-yuksek-giris-ayri-mutfak-boyali-bos-17086558/,,,Boş,Yok,,
533,17086512,28 Mart 2025,28 Mart 2025,Konut,Kiralık,Daire,80 m²,90 m²,3+1,0 (Yeni),5.Kat,5,Kombi Doğalgaz,Boş,,Kat Mülkiyeti,Hayır,,1,,,,,,,,Genel Fiyat,15200,290,55.000TL, Maltepe - Altıntepe Mahallesi,https://www.emlakjet.com//ilan/altintepe-de-leb-i-derya-deniz-manzarali-terasli-31-17086512/,,,,,,
534,17086504,28 Mart 2025,28 Mart 2025,Konut,Kiralık,Daire,92 m²,110 m²,3+1,11-15,2.Kat,4,Kombi Doğalgaz,Boş,3900 TL,Kat Mülkiyeti,Hayır,90000 TL,2,,Var,1,Açık Balkon,,2,,Genel Fiyat,3988,5,45.000TL, Pendik - Kurtköy Mahallesi,https://www.emlakjet.com//ilan/dora-dan-zin-d-natura-konaklarinda-ferah-daire-17086504/,İkinci El,Betonarme,Boş,Yok,Evet,27 m²
535,17086482,28 Mart 2025,03 Nisan 2025,Konut,Kiralık,Daire,200 m²,220 m²,4+1,21 Ve Üzeri,1.Kat,2,Kombi Doğalgaz,Boş,,Kat İrtifakı,Hayır,,2,,Var,,,,,,Genel Fiyat,278,123,65.000TL, Bakırköy - Şenlikköy Mahallesi,https://www.emlakjet.com//ilan/secret-house-dan-cadde-cepheli-41-arakat-17086482/,,,,,,
536,17086466,28 Mart 2025,28 Mart 2025,Konut,Kiralık,Daire,55 m²,60 m²,1+1,0 (Yeni),2.Kat,5,Kombi Doğalgaz,Boş,,Kat İrtifakı,Hayır,,1,,,,,,,,Genel Fiyat,9050,15,29.500TL, Şişli - Mecidiyeköy Mahallesi,https://www.emlakjet.com//ilan/tuncay-dan-sislide-metro-bus-13dk-sifir-binada-11-esyali-daire-17086466/,,,,,,
537,17086411,28 Mart 2025,28 Mart 2025,Konut,Kiralık,Daire,95 m²,115 m²,2+1,0 (Yeni),4.Kat,4,Kombi Doğalgaz,Boş,,Kat Mülkiyeti,Hayır,,1,,,,,,,,Genel Fiyat,,19617,30.000TL, Avcılar - Cihangir Mahallesi,https://www.emlakjet.com//ilan/avcilar-kaymakamliginda-metrobuse-yakin-net95m2-kiralik-21-otoparkli-sifir-daire-17086411/,,,,,,
538,17086410,28 Mart 2025,28 Mart 2025,Konut,Kiralık,Daire,95 m²,100 m²,3+1,5-10,5.Kat,6,Kombi Doğalgaz,Boş,,Kat Mülkiyeti,Hayır,,1,,,,,,,,Genel Fiyat,1058,132,60.000TL, Kadıköy - 19 Mayıs Mahallesi,https://www.emlakjet.com//ilan/realhouse-gayrimenkul-den-kozyatagi-ozan-sokakda-31-kiralik-17086410/,,,,,,
539,17086297,28 Mart 2025,28 Mart 2025,Konut,Kiralık,Daire,85 m²,95 m²,2+1,4,1.Kat,7,Kombi Doğalgaz,Boş,,Kat Mülkiyeti,Hayır,,1,,,,,,,,Genel Fiyat,,,25.000TL, Eyüpsultan - İslambey Mahallesi,https://www.emlakjet.com//ilan/murat-emlak-tan-kiralik-21-1-kat-95m2balkonlu-genis-temiz-daire-17086297/,,,Boş,Yok,,
540,17086213,28 Mart 2025,28 Mart 2025,Konut,Kiralık,Daire,80 m²,90 m²,2+1,5-10,4.Kat,4,Kombi Doğalgaz,Boş,,Kat Mülkiyeti,Hayır,,1,,,,,,,,Genel Fiyat,,5542,20.000TL, Arnavutköy - Arnavutköy Merkez Mahallesi,https://www.emlakjet.com//ilan/arnavutkoy-merkezde-kiralik-esyali-daire-17086213/,,,,,,
541,17086153,28 Mart 2025,28 Mart 2025,Konut,Kiralık,Daire,100 m²,105 m²,2+1,0 (Yeni),Yüksek Giriş,5,Kombi Doğalgaz,Boş,,Kat Mülkiyeti,Hayır,,1,,,,,,,,Genel Fiyat,2157,2,20.000TL, Esenyurt - Sultaniye Mahallesi,https://www.emlakjet.com//ilan/sonsuz-yapi-dan-21-kiralik-daire-17086153/,,,,,,
542,17086094,28 Mart 2025,28 Mart 2025,Konut,Kiralık,Daire,55 m²,70 m²,1+1,21 Ve Üzeri,Düz Giriş (Zemin),6,Kombi Doğalgaz,Mülk Sahibi Oturuyor,,Kat Mülkiyeti,Hayır,,1,,,,,,,,Genel Fiyat,,,35.000TL, Bakırköy - Kartaltepe Mahallesi,https://www.emlakjet.com//ilan/bakirkoy-incirli-esyali-11-kiralik-daire-17086094/,,,Eşyalı,Yok,,
543,17086073,28 Mart 2025,28 Mart 2025,Konut,Kiralık,Daire,90 m²,100 m²,2+1,5-10,1.Kat,4,Kombi Doğalgaz,Boş,,Yabancıdan,Hayır,,1,,Var,2,Açık Balkon,,2,,Genel Fiyat,,,13.000TL, Esenyurt - Pınar Mahallesi,https://www.emlakjet.com//ilan/esenyurt-pinar-mah-1282-sok-21-1-kat-kiralik-daire-17086073/,İkinci El,,Boş,,Hayır,
544,17085762,28 Mart 2025,28 Mart 2025,Konut,Kiralık,Daire,180 m²,200 m²,4+1,21 Ve Üzeri,2.Kat,4,Kombi Doğalgaz,Kiracı Oturuyor,2950 TL,Kat Mülkiyeti,Hayır,,2,,,,,,,,Genel Fiyat,870,74,100.000TL, Kadıköy - Suadiye Mahallesi,https://www.emlakjet.com//ilan/kadikoy-suadiyede-41-kiralik-daire-troykadan-17085762/,İkinci El,Betonarme,,Yok,,
545,17085608,28 Mart 2025,03 Nisan 2025,Konut,Kiralık,Daire,120 m²,125 m²,3+1,5-10,1.Kat,3,Kombi Doğalgaz,Boş,0 TL,Kat İrtifakı,Hayır,20000 TL,1,5 m²,Var,1,Açık Balkon,5 m²,1,5 m²,Genel Fiyat,4590,1,20.000TL, Pendik - Ahmet Yesevi Mahallesi,https://www.emlakjet.com//ilan/pendik-esenyali-da-kiralik-31-125m2-asansorlu-buyuk-izlasyon-montalamali-daire-17085608/,İkinci El,Betonarme,Boş,Yok,Hayır,25 m²
546,17085513,28 Mart 2025,28 Mart 2025,Konut,Kiralık,Daire,80 m²,85 m²,2+1,16-20,Düz Giriş (Zemin),5,Kombi Doğalgaz,Boş,0 TL,Kooperatiften Tapu,Hayır,15000 TL,1,,Yok,,,,1,5 m²,Genel Fiyat,,,15.000TL, Ümraniye - Ihlamurkuyu Mahallesi,https://www.emlakjet.com//ilan/umraniye-ihlamurkuyu-metro-yurume-mesafesi-yabanci-ya-bekara-uygun-17085513/,İkinci El,Betonarme,Boş,Yok,Hayır,30 m²
547,17085440,28 Mart 2025,28 Mart 2025,Konut,Kiralık,Daire,100 m²,135 m²,2+1,4,14.Kat,28,Merkezi (Pay Ölçer),Boş,,Tapu Kaydı Yok,Evet,,2,,,,,,,,Genel Fiyat,,,32.000TL, Başakşehir - Bahçeşehir 2. Kısım Mahallesi,https://www.emlakjet.com//ilan/bahcesehir-tual-bahcekent-5-parsel-guncel-kiralik-21-bos-daire-17085440/,,,Boş,Yok,,
548,17085328,28 Mart 2025,28 Mart 2025,Konut,Kiralık,Daire,65 m²,75 m²,3+1,11-15,Yüksek Giriş,10,Kombi Doğalgaz,Boş,,Kat Mülkiyeti,Evet,,1,,,,,,,,Genel Fiyat,,,23.000TL, Başakşehir - Başak Mahallesi,https://www.emlakjet.com//ilan/basaksehir-5-etep-7-tepe-evlerinde-esyali-75m-21-kiralik-17085328/,,,Eşyalı,Yok,,
549,17085314,28 Mart 2025,03 Nisan 2025,Konut,Kiralık,Daire,40 m²,45 m²,Stüdyo,21 Ve Üzeri,Düz Giriş (Zemin),5,Kombi Doğalgaz,Boş,,Arsa Tapulu,Hayır,,1,,,,,,,,Genel Fiyat,,,9.000TL, Küçükçekmece - Kemalpaşa Mahallesi,https://www.emlakjet.com//ilan/seba-dan-sefakoy-merkezde-10-45m2-esyali-faturalar-dahil-giris-17085314/,,,Eşyalı,Yok,,
550,17085300,28 Mart 2025,03 Nisan 2025,Konut,Kiralık,Daire,50 m²,55 m²,1+1,11-15,3.Kat,3,Merkezi (Pay Ölçer),Boş,,Kat Mülkiyeti,Hayır,20000 TL,1,,Var,1,Açık Balkon,,1,,Genel Fiyat,129,31,21.000TL, Küçükçekmece - Kartaltepe Mahallesi,https://www.emlakjet.com//ilan/uzemar-dan-kucukcekmece-kartaltepe-kiralik-apart-daire-17085300/,İkinci El,Betonarme,Eşyalı,Yok,Evet,
551,17085179,28 Mart 2025,28 Mart 2025,Konut,Kiralık,Daire,90 m²,95 m²,2+1,21 Ve Üzeri,2.Kat,4,Kombi Doğalgaz,Boş,,Hisseli Tapu,Hayır,,1,,,,,,,,Genel Fiyat,,,27.000TL, Ümraniye - Esenevler Mahallesi,https://www.emlakjet.com//ilan/f-l-emlaktan-eyupoglu-yakini-21-95-m2-2-kat-aile-bekar-uygun-17085179/,,,Boş,Yok,,
552,17085142,28 Mart 2025,28 Mart 2025,Konut,Kiralık,Daire,120 m²,145 m²,3+1,21 Ve Üzeri,9.Kat,14,Kombi Doğalgaz,Boş,1500 TL,Kat İrtifakı,Hayır,18000 TL,1,,,,,,,,Genel Fiyat,1345,16,22.000TL, Esenyurt - Mevlana Mahallesi,https://www.emlakjet.com//ilan/beylikduzu-innovia-park-yani-ferah-genis-metrobuse-7-dk-31-kira-17085142/,İkinci El,Betonarme,Boş,,,
553,17085015,28 Mart 2025,28 Mart 2025,Konut,Kiralık,Daire,120 m²,135 m²,3+1,4,4.Kat,7,Merkezi (Pay Ölçer),Kiracı Oturuyor,,Kat Mülkiyeti,Hayır,,2,,,,,,,,Genel Fiyat,412,54,85.000TL, Kadıköy - Caddebostan Mahallesi,https://www.emlakjet.com//ilan/bagdat-cd-yurume-mesafesi-balkonlu-31-ful-esyali-kiralik-17085015/,,,,,,
554,17084852,28 Mart 2025,28 Mart 2025,Konut,Kiralık,Daire,75 m²,85 m²,2+1,5-10,Düz Giriş (Zemin),4,Kombi Doğalgaz,Boş,,Kat Mülkiyeti,Hayır,,1,,,,,,,,Genel Fiyat,670,24,28.000TL, Eyüpsultan - Çırçır Mahallesi,https://www.emlakjet.com//ilan/circir-mah-metroya-2dk-yurume-mesafesinde-21-kiralik-daire-17084852/,,,,,,
555,17084432,28 Mart 2025,03 Nisan 2025,Konut,Kiralık,Daire,90 m²,100 m²,2+1,21 Ve Üzeri,Çatı Katı,5,Doğalgaz Sobalı,Boş,0 TL,Kat Mülkiyeti,Hayır,13000 TL,1,,Var,1,Açık Balkon,,1,,Genel Fiyat,225,14,13.000TL, Esenler - Kazım Karabekir Mahallesi,https://www.emlakjet.com//ilan/esenler-de-ana-caddeye-cok-yakin-kiralik-daire-17084432/,İkinci El,,Boş,Yok,Evet,
556,17084229,28 Mart 2025,28 Mart 2025,Konut,Kiralık,Daire,70 m²,80 m²,1+1,11-15,Düz Giriş (Zemin),5,Kombi Doğalgaz,Boş,,Kat Mülkiyeti,Hayır,,1,,,,,,,,Genel Fiyat,,,27.000TL, Şile - Çavuş Mahallesi,https://www.emlakjet.com//ilan/sile-merkezde-cavus-mahallesi-11-bahce-kati-daire-17084229/,,,Eşyalı,Yok,,
557,17084146,28 Mart 2025,28 Mart 2025,Konut,Kiralık,Daire,66 m²,108 m²,2+1,1,7.Kat,17,Merkezi (Pay Ölçer),Boş,,Kat İrtifakı,Evet,,1,,,,,,,,Genel Fiyat,,,39.000TL, Maltepe - Zümrütevler Mahallesi,https://www.emlakjet.com//ilan/nusret-ozturk-ten-sur-yapi-da-esyali-deniz-manzarali-kiralik-21-17084146/,,,Eşyalı,Yok,,
558,17084120,28 Mart 2025,04 Nisan 2025,Konut,Kiralık,Daire,50 m²,65 m²,1+1,5-10,1.Kat,5,Merkezi (Pay Ölçer),Boş,2250 TL,Kat Mülkiyeti,Evet,36000 TL,1,5 m²,Var,1,Açık Balkon,5 m²,1,3 m²,Genel Fiyat,,1687,18.000TL, Tuzla - Mescit Mahallesi,https://www.emlakjet.com//ilan/tuzla-fiyaka-3-evleri-1-kat-mobilyali-beyaz-esyali-kiralik-11-17084120/,İkinci El,Betonarme,Eşyalı,Var,Hayır,22 m²
559,17084037,28 Mart 2025,28 Mart 2025,Konut,Kiralık,Daire,50 m²,55 m²,1+1,0 (Yeni),4.Kat,6,Yerden Isıtma,Boş,,Kat Mülkiyeti,Hayır,,2,,,,,,,,Genel Fiyat,,,52.000TL, Beşiktaş - Levent Mahallesi,https://www.emlakjet.com//ilan/ozdilek-avm-yaninda-sifir-projede-kiralik-residence-17084037/,,,Boş,Yok,,
560,17084003,28 Mart 2025,28 Mart 2025,Konut,Kiralık,Daire,70 m²,80 m²,2+1,21 Ve Üzeri,Düz Giriş (Zemin),4,Doğalgaz Sobalı,Boş,,Müstakil Tapulu,Hayır,,1,,,,,,,,Genel Fiyat,,,15.000TL, Üsküdar - Ünalan Mahallesi,https://www.emlakjet.com//ilan/uskudar-unalan-mahallesib-kiralik-21-daire-dogalgaz-sobali-17084003/,,,Eşyalı,Yok,,
561,17083917,28 Mart 2025,28 Mart 2025,Konut,Kiralık,Daire,60 m²,65 m²,1+1,21 Ve Üzeri,Yüksek Giriş,4,Kombi Doğalgaz,Boş,,Kat İrtifakı,Hayır,,1,,,,,,,,Genel Fiyat,,,20.000TL, Bayrampaşa - Terazidere Mahallesi,https://www.emlakjet.com//ilan/karaosmanoglu-dan-terazidere-mah-65m-11kiralik-esyali-daire-17083917/,,,Eşyalı,Yok,,
562,17083912,28 Mart 2025,28 Mart 2025,Konut,Kiralık,Daire,140 m²,200 m²,3+1,21 Ve Üzeri,3.Kat,10,Merkezi (Pay Ölçer),Boş,,Kat Mülkiyeti,Evet,,2,,,,,,,,Genel Fiyat,,,57.500TL, Kadıköy - Zühtüpaşa Mahallesi,https://www.emlakjet.com//ilan/kiralik-31-daire-super-lux-esyali-otoparkli-balkonlu-somineli-d-17083912/,,,Eşyalı,Yok,,
563,17083910,28 Mart 2025,28 Mart 2025,Konut,Kiralık,Daire,85 m²,90 m²,2+1,5-10,Kot 2 (-2).Kat,5,Kombi Doğalgaz,Boş,,Kat İrtifakı,Hayır,,1,,,,,,,,Genel Fiyat,,,34.000TL, Kağıthane - Çeliktepe Mahallesi,https://www.emlakjet.com//ilan/celiktepe-4-levent-te-21-kiralik-esyali-daire-17083910/,,,Eşyalı,Yok,,
564,17083863,28 Mart 2025,28 Mart 2025,Konut,Kiralık,Daire,70 m²,80 m²,1+1,2,13.Kat,13,Kombi Doğalgaz,Boş,,Kat Mülkiyeti,Evet,,1,,,,,,,,Genel Fiyat,,,17.500TL, Esenyurt - Zafer Mahallesi,https://www.emlakjet.com//ilan/mavera-sefa-guvenlikli-havuzlu-sitede-ofis-daire-11-kiralik-17083863/,,,Boş,Yok,,
565,17083862,28 Mart 2025,28 Mart 2025,Konut,Kiralık,Daire,23 m²,35 m²,Stüdyo,5-10,6.Kat,14,Merkezi (Pay Ölçer),Boş,,Kat Mülkiyeti,Evet,,1,,,,,,,,Genel Fiyat,,,12.000TL, Esenyurt - Zafer Mahallesi,https://www.emlakjet.com//ilan/terrace-mix-havuzlu-guvenlikli-metrobuse-yakin-sitede-10-esyali-17083862/,,,Eşyalı,Yok,,
566,17083792,28 Mart 2025,28 Mart 2025,Konut,Kiralık,Daire,90 m²,100 m²,2+1,5-10,5.Kat,5,Kombi Doğalgaz,Boş,,Kat İrtifakı,Hayır,,1,,,,,,,,Genel Fiyat,,,25.000TL, Sultangazi - Esentepe Mahallesi,https://www.emlakjet.com//ilan/yoldas-insaat-tan-kiralik-esyali-lux-daire-kamu-personeline-17083792/,,,Eşyalı,Yok,,
567,17083714,28 Mart 2025,28 Mart 2025,Konut,Kiralık,Daire,65 m²,70 m²,2+1,5-10,Kot 3 (-3).Kat,4,Kombi Doğalgaz,Boş,,Kat Mülkiyeti,Hayır,,1,,,,,,,,Genel Fiyat,,,25.000TL, Şişli - Kuştepe Mahallesi,https://www.emlakjet.com//ilan/tramp-avmye-3-dk-yurume-mesafede-esyasiz-ferah-21-daire-17083714/,,,Boş,Yok,,
568,17083713,28 Mart 2025,28 Mart 2025,Konut,Kiralık,Daire,70 m²,75 m²,2+1,4,4.Kat,5,Kombi Doğalgaz,Boş,,Kat Mülkiyeti,Hayır,,1,,,,,,,,Genel Fiyat,,,25.000TL, Kağıthane - Gültepe Mahallesi,https://www.emlakjet.com//ilan/paradan-cadde-uzeri-ful-luks-esyali-21-metro-12dk-asansorlu-17083713/,,,Eşyalı,Yok,,
569,17083578,28 Mart 2025,28 Mart 2025,Konut,Kiralık,Daire,85 m²,100 m²,2+1,3,Yüksek Giriş,5,Kombi Doğalgaz,Boş,,Kat Mülkiyeti,Hayır,15000 TL,1,,Var,1,,,1,,Birim Fiyat,null,18126,15.000TL, Arnavutköy - Anadolu Mahallesi,https://www.emlakjet.com//ilan/arnavutkoy-merkezi-konumda-17083578/,,,,,,
570,17083525,27 Mart 2025,28 Mart 2025,Konut,Kiralık,Daire,80 m²,85 m²,2+1,21 Ve Üzeri,2.Kat,5,Kombi Doğalgaz,Boş,,Kat İrtifakı,Hayır,,1,,,,,,,,Genel Fiyat,859,3,25.000TL, Beyoğlu - Sururi Mehmet Efendi Mahallesi,https://www.emlakjet.com//ilan/2846-rengarenkten-beyoglu-sururi-keramet-sokakta-kiralik-daire-17083525/,,,,,,
571,17083440,27 Mart 2025,28 Mart 2025,Konut,Kiralık,Daire,75 m²,85 m²,1+1,5-10,4.Kat,15,Kombi Doğalgaz,Boş,,Kat Mülkiyeti,Evet,,1,,,,,,,,Genel Fiyat,,,13.500TL, Esenyurt - Piri Reis Mahallesi,https://www.emlakjet.com//ilan/esenyurt-pirireis-mahalesinde-kiralikdaire-esyali-11-17083440/,,,Eşyalı,Yok,,
572,17083437,27 Mart 2025,28 Mart 2025,Konut,Kiralık,Daire,100 m²,105 m²,2+1,5-10,11.Kat,12,Kombi Doğalgaz,Boş,,Kat Mülkiyeti,Evet,,1,,,,,,,,Genel Fiyat,,,18.000TL, Esenyurt - Talatpaşa Mahallesi,https://www.emlakjet.com//ilan/esenyurt-kiralik-daire-21-site-icerinde-17083437/,,,Boş,Yok,,
573,17083404,27 Mart 2025,27 Mart 2025,Konut,Kiralık,Daire,110 m²,125 m²,1+1,21 Ve Üzeri,5.Kat,5,Kombi Doğalgaz,Mülk Sahibi Oturuyor,0 TL,Arsa Tapulu,Hayır,20000 TL,1,,Var,1,Açık Teras,,1,,Genel Fiyat,6921,2,20.000TL, Pendik - Çamçeşme Mahallesi,https://www.emlakjet.com//ilan/pendik-camcesme-mahallesi-nde-kiralik-110m2-kombili-21-teras-daire-17083404/,İkinci El,Betonarme,,Yok,Evet,
574,17083347,27 Mart 2025,28 Mart 2025,Konut,Kiralık,Daire,80 m²,85 m²,2+1,21 Ve Üzeri,1.Kat,5,Kombi Doğalgaz,Boş,,Tapu Kaydı Yok,Hayır,,1,,,,,,,,Genel Fiyat,,,18.000TL, Beyoğlu - Piyalepaşa Mahallesi,https://www.emlakjet.com//ilan/beyoglu-piyalepasada-kiralik-ici-yenilenmis-21-daire-17083347/,,,Boş,Yok,,
575,17083347,27 Mart 2025,28 Mart 2025,Konut,Kiralık,Daire,80 m²,85 m²,2+1,21 Ve Üzeri,1.Kat,5,Kombi Doğalgaz,Boş,,Tapu Kaydı Yok,Hayır,,1,,,,,,,,Genel Fiyat,,,18.000TL, Beyoğlu - Piyalepaşa Mahallesi,https://www.emlakjet.com//ilan/beyoglu-piyalepasada-kiralik-ici-yenilenmis-21-daire-17083347/,,,Boş,Yok,,
576,17083331,27 Mart 2025,28 Mart 2025,Konut,Kiralık,Daire,73 m²,87 m²,2+1,0 (Yeni),1.Kat,4,Kombi Doğalgaz,Boş,,Kat İrtifakı,Hayır,,1,,,,,,,,Genel Fiyat,,,19.000TL, Sultanbeyli - Yavuz Selim Mahallesi,https://www.emlakjet.com//ilan/vefa-gayrimenkulden-yavuz-selim-mahallesinde-kiralik-21-daire-17083331/,,,Boş,Yok,,
577,17083278,27 Mart 2025,27 Mart 2025,Konut,Kiralık,Daire,85 m²,100 m²,2+1,21 Ve Üzeri,Yüksek Giriş,3,Kombi Doğalgaz,Boş,100 TL,Tapu Kaydı Yok,Hayır,18000 TL,1,,Var,1,Kapalı Balkon,,1,,Genel Fiyat,,,18.000TL, Küçükçekmece - İstasyon Mahallesi,https://www.emlakjet.com//ilan/istasyon-mah-tadilatli-kiralik-daire-17083278/,İkinci El,,,,,
578,17083224,27 Mart 2025,27 Mart 2025,Konut,Kiralık,Daire,75 m²,80 m²,2+1,21 Ve Üzeri,3.Kat,6,Kombi Doğalgaz,Boş,,Kat Mülkiyeti,Hayır,,1,,,,,,,,Genel Fiyat,,,27.500TL, Şişli - 19 Mayıs Mahallesi,https://www.emlakjet.com//ilan/metro-cevahir-avm-2-dk-21-80-m2-3-kat-ferah-kombili-ara-kat-17083224/,,,Boş,Yok,,
579,17083220,27 Mart 2025,27 Mart 2025,Konut,Kiralık,Daire,58 m²,76 m²,1+1,0 (Yeni),13.Kat,14,Merkezi (Pay Ölçer),Boş,,Kat Mülkiyeti,Evet,,1,,,,,,,,Genel Fiyat,,,23.500TL, Tuzla - İçmeler Mahallesi,https://www.emlakjet.com//ilan/tuzla-vema-projesinde-oturuma-hazir-11-kiralik-daire-17083220/,,,Boş,Yok,,
580,17083189,27 Mart 2025,03 Nisan 2025,Konut,Kiralık,Daire,75 m²,85 m²,1+1,4,Yüksek Giriş,5,Kombi Doğalgaz,Boş,,Kat Mülkiyeti,Evet,11000 TL,1,,Var,1,Kapalı Balkon,,,,Genel Fiyat,1970,32,11.000TL, Esenyurt - Üçevler Mahallesi,https://www.emlakjet.com//ilan/kiralik-11-17083189/,,,,,,
581,17083167,27 Mart 2025,31 Mart 2025,Konut,Kiralık,Daire,80 m²,90 m²,2+1,21 Ve Üzeri,1.Kat,4,Kombi Doğalgaz,Boş,100 TL,Yabancıdan,Hayır,40000 TL,1,10 m²,Var,2,Açık Balkon,10 m²,1,5 m²,Genel Fiyat,,,20.000TL, Avcılar - Denizköşkler Mahallesi,https://www.emlakjet.com//ilan/metrobus-2-dakika-21-full-esyali-80m2-kiralik-temiz-daire-17083167/,İkinci El,Betonarme,Eşyalı,Yok,Hayır,30 m²
582,17083110,27 Mart 2025,27 Mart 2025,Konut,Kiralık,Daire,100 m²,110 m²,2+0,16-20,2.Kat,5,Kombi Doğalgaz,Boş,0 TL,Kooperatiften Tapu,Hayır,20000 TL,1,,Var,,,,,,Genel Fiyat,,,20.000TL, Sultangazi - Uğur Mumcu Mahallesi,https://www.emlakjet.com//ilan/baykal-ins-ugurmumcu-mah-kiralik-daire-17083110/,,,,,,
583,17083051,27 Mart 2025,27 Mart 2025,Konut,Kiralık,Daire,90 m²,110 m²,2+1,11-15,Bahçe Katı,3,Kombi Doğalgaz,Boş,,Kat İrtifakı,Evet,,1,,,,,,,,Genel Fiyat,3037,1,35.000TL, Fatih - Karagümrük Mahallesi,https://www.emlakjet.com//ilan/fatih-sulukule-toplu-konutlarinda-bakimli-boyali-masrafsiz-kiralik-21-daire-17083051/,,,,,,
584,17083040,27 Mart 2025,27 Mart 2025,Konut,Kiralık,Daire,100 m²,120 m²,2+2,21 Ve Üzeri,Yüksek Giriş,12,Merkezi (Pay Ölçer),Boş,1000 TL,Kat Mülkiyeti,Hayır,55000 TL,1,3 m²,Yok,,,,1,,Birim Fiyat,410,45,55.000TL, Beşiktaş - Gayrettepe Mahallesi,https://www.emlakjet.com//ilan/sahibinden-kiralik-ofise-uygun-dublex-daire-120-m2-17083040/,İkinci El,Betonarme,,Yok,,30 m²
585,17082824,27 Mart 2025,27 Mart 2025,Konut,Kiralık,Daire,30 m²,42 m²,Stüdyo,5-10,1.Kat,8,Merkezi (Pay Ölçer),Boş,,Kat Mülkiyeti,Evet,,1,,,,,,,,Genel Fiyat,,,17.000TL, Pendik - Yenişehir Mahallesi,https://www.emlakjet.com//ilan/elit-grand-palas-muhtesem-10-esyali-daire-17082824/,,,Eşyalı,Yok,,
586,17082735,27 Mart 2025,03 Nisan 2025,Konut,Kiralık,Daire,120 m²,135 m²,3+1,21 Ve Üzeri,3.Kat,4,Kombi Doğalgaz,Boş,,Kat İrtifakı,Hayır,50000 TL,1,,,,,,,,Genel Fiyat,15022,112,50.000TL, Maltepe - İdealtepe Mahallesi,https://www.emlakjet.com//ilan/ilke-den-idealtepe-sahilde-kapanmaz-deniz-manzarali-on-cephe-31-17082735/,,,,,,
587,17082667,27 Mart 2025,27 Mart 2025,Konut,Kiralık,Daire,70 m²,75 m²,2+1,21 Ve Üzeri,3.Kat,4,Kombi Doğalgaz,Boş,,Arsa Tapulu,Hayır,,1,,,,,,,,Genel Fiyat,14,4,27.000TL, Ümraniye - Atatürk Mahallesi,https://www.emlakjet.com//ilan/umraniye-carsi-merkezde-ici-yenilenmis-asansorlu-arakat-daire-17082667/,,,,,,
588,17082571,27 Mart 2025,04 Nisan 2025,Konut,Kiralık,Daire,35 m²,45 m²,Stüdyo,16-20,8.Kat,8,Klimalı,Boş,3350 TL,Kat Mülkiyeti,Evet,20000 TL,1,,Var,1,Açık Balkon,,1,,Genel Fiyat,3992,15,16.000TL, Pendik - Yenişehir Mahallesi,https://www.emlakjet.com//ilan/world-atlantis-sitesi-terasli-kiralikessyali-10-studyo-daire-17082571/,İkinci El,,,Yok,Hayır,
589,17082507,27 Mart 2025,27 Mart 2025,Konut,Kiralık,Daire,85 m²,95 m²,2+1,21 Ve Üzeri,6.Kat,6,Kombi Doğalgaz,Boş,,Kat İrtifakı,Hayır,,1,,,,,,,,Genel Fiyat,,,20.000TL, Bayrampaşa - Yenidoğan Mahallesi,https://www.emlakjet.com//ilan/oryap-emlak-tan-kiralik-21-85m2-super-konumda-daire-17082507/,,,Eşyalı,Yok,,
590,17082498,27 Mart 2025,27 Mart 2025,Konut,Kiralık,Daire,80 m²,90 m²,2+1,21 Ve Üzeri,1.Kat,3,Kombi Doğalgaz,Boş,,Kat İrtifakı,Hayır,,1,,,,,,,,Genel Fiyat,,,27.000TL, Bayrampaşa - Terazidere Mahallesi,https://www.emlakjet.com//ilan/oryap-emlak-tan-kiralik-kod-589-21-full-esyali-super-daire-17082498/,,,Eşyalı,Yok,,
591,17082486,27 Mart 2025,03 Nisan 2025,Konut,Kiralık,Daire,85 m²,95 m²,2+1,21 Ve Üzeri,2.Kat,5,Doğalgaz Sobalı,Boş,75 TL,Tapu Kaydı Yok,Hayır,15000 TL,1,8 m²,Var,1,Açık Balkon,8 m²,1,4 m²,Birim Fiyat,63,213,15.000TL, Bahçelievler - Soğanlı Mahallesi,https://www.emlakjet.com//ilan/pakemlakdan-guneycephede-boyali-temiz-dogalgazsobali-17082486/,İkinci El,Betonarme,Boş,Yok,Evet,19 m²
592,17082481,27 Mart 2025,27 Mart 2025,Konut,Kiralık,Daire,55 m²,60 m²,1+1,21 Ve Üzeri,3.Kat,5,Kombi Doğalgaz,Boş,,Kat Mülkiyeti,Hayır,,1,,,,,,,,Genel Fiyat,,,20.000TL, Fatih - Derviş Ali Mahallesi,https://www.emlakjet.com//ilan/dervis-ali-mahallesi-ari-sokakta-kiralik-11-full-esyali-daire-17082481/,,,Eşyalı,Yok,,
593,17082470,27 Mart 2025,29 Mart 2025,Konut,Kiralık,Daire,95 m²,100 m²,2+1,5-10,1.Kat,6,Merkezi Doğalgaz,Boş,,Kat İrtifakı,Hayır,13000 TL,1,,Var,1,Açık Teras,,,,Genel Fiyat,2024,51,13.000TL, Esenyurt - Talatpaşa Mahallesi,https://www.emlakjet.com//ilan/talatpasa-da-mukemmel-daire-17082470/,,,,,,
594,17082193,27 Mart 2025,27 Mart 2025,Konut,Kiralık,Daire,120 m²,140 m²,3+2,0 (Yeni),3.Kat,3,Kombi Doğalgaz,Boş,,Kat Mülkiyeti,Hayır,,2,,,,,,,,Genel Fiyat,,,23.000TL, Avcılar - Tahtakale Mahallesi,https://www.emlakjet.com//ilan/tahtakale-mah-kiralik-32-120-m2-net-dubleks-sifir-luks-daire-17082193/,,,Boş,Yok,,
595,17082093,27 Mart 2025,27 Mart 2025,Konut,Kiralık,Daire,68 m²,75 m²,1+1,3,31.Kat,41,Kombi Doğalgaz,Boş,,Kat Mülkiyeti,Evet,,1,,,,,,,,Genel Fiyat,1001,14,15.000TL, Esenyurt - Gökevler Mahallesi,https://www.emlakjet.com//ilan/metrobuse-yakin-odul-istanbul-da-kiralik-11-daire-17082093/,,,,,,
596,17082066,27 Mart 2025,27 Mart 2025,Konut,Kiralık,Daire,90 m²,100 m²,2+1,5-10,2.Kat,4,Kombi Doğalgaz,Boş,,Kat Mülkiyeti,Hayır,,1,,,,,,,,Genel Fiyat,389,5,21.000TL, Esenyurt - Güzelyurt Mahallesi,https://www.emlakjet.com//ilan/metrobuse-5-dakika-yurume-mesafesinde-21-kiralik-daire-17082066/,,,,,,
597,17082013,27 Mart 2025,05 Nisan 2025,Konut,Kiralık,Daire,1 m²,90 m²,2+1,5-10,Yüksek Giriş,4,Kombi Doğalgaz,Boş,,Hisseli Tapu,Hayır,,1,,,,,,,,Genel Fiyat,,1598,16.000TL, Bahçelievler - Zafer Mahallesi,https://www.emlakjet.com//ilan/yenibosna-kiralik-21-ters-dublexs-memura-kiralik-17082013/,,,,,,
598,17082010,27 Mart 2025,27 Mart 2025,Konut,Kiralık,Daire,70 m²,90 m²,2+1,21 Ve Üzeri,1.Kat,3,Kombi Doğalgaz,Boş,,Kat Mülkiyeti,Hayır,,1,,,,,,,,Genel Fiyat,,,39.000TL, Kadıköy - Suadiye Mahallesi,https://www.emlakjet.com//ilan/suadiye-emin-ali-pasa-cad-21-katta-on-bakimli-balkonlu-17082010/,,,Boş,Yok,,
599,17081972,27 Mart 2025,27 Mart 2025,Konut,Kiralık,Daire,120 m²,130 m²,2+1,21 Ve Üzeri,Kot 1 (-1).Kat,7,Sobalı,Boş,,Arsa Tapulu,Evet,12000 TL,1,1 m²,Var,1,Açık Balkon,3 m²,1,,Genel Fiyat,9621,5,12.000TL, Kağıthane - Çeliktepe Mahallesi,https://www.emlakjet.com//ilan/istanbul-celiktepe-21-120m2-17081972/,,Betonarme,Boş,Yok,Evet,
600,17081831,27 Mart 2025,27 Mart 2025,Konut,Kiralık,Daire,120 m²,130 m²,3+1,5-10,1.Kat,5,Kombi Doğalgaz,Boş,,Kat Mülkiyeti,Hayır,,2,,,,,,,,Genel Fiyat,,,26.750TL, Çekmeköy - Merkez Mahallesi,https://www.emlakjet.com//ilan/cekmekoy-merkez-mah-de-31-kiralik-daire-17081831/,,,Boş,Yok,,
601,17081823,27 Mart 2025,27 Mart 2025,Konut,Kiralık,Daire,95 m²,110 m²,2+1,5-10,1.Kat,5,Kombi Doğalgaz,Boş,,Kat Mülkiyeti,Hayır,,1,,,,,,,,Genel Fiyat,,,23.000TL, Çekmeköy - Merkez Mahallesi,https://www.emlakjet.com//ilan/cekmekoy-merkez-mah-de-21-kiralik-daire-17081823/,,,Boş,Yok,,
602,17081744,27 Mart 2025,27 Mart 2025,Konut,Kiralık,Daire,120 m²,135 m²,3+1,11-15,6.Kat,7,Kombi Doğalgaz,Kiracı Oturuyor,3250 TL,Kat Mülkiyeti,Evet,80000 TL,2,,Var,1,Açık Balkon,,2,,Genel Fiyat,3980,1,40.000TL, Pendik - Yenişehir Mahallesi,https://www.emlakjet.com//ilan/dora-dan-gokceren-sitesinde-31-ferah-daire-17081744/,İkinci El,Betonarme,Boş,Yok,Hayır,29 m²
603,17081545,27 Mart 2025,27 Mart 2025,Konut,Kiralık,Daire,48 m²,55 m²,1+1,5-10,1.Kat,4,Merkezi Doğalgaz,Boş,,Kat Mülkiyeti,Hayır,,1,,,,,,,,Genel Fiyat,840,101,55.000TL, Şişli - Teşvikiye Mahallesi,https://www.emlakjet.com//ilan/kapali-garajli-yangin-merdivenli-jeneratorlu-yeni-binada-11-17081545/,,,,,,
604,17081541,27 Mart 2025,04 Nisan 2025,Konut,Kiralık,Daire,70 m²,75 m²,1.5+1,16-20,5.Kat,5,Kombi Doğalgaz,Boş,0 TL,Kooperatiften Tapu,Hayır,19000 TL,1,,Yok,,,,1,6 m²,Genel Fiyat,,,19.000TL, Ümraniye - Tepeüstü Mahallesi,https://www.emlakjet.com//ilan/umraniye-tepeustu-tavukcuyolu-metro-yabanciya-bekara-uygun-17081541/,İkinci El,Betonarme,Eşyalı,Yok,Hayır,15 m²
605,17081207,27 Mart 2025,04 Nisan 2025,Konut,Kiralık,Daire,90 m²,95 m²,2+1,5-10,6.Kat,13,Kombi Doğalgaz,Boş,,Kooperatiften Tapu,Evet,25000 TL,1,,Var,,,,,,Genel Fiyat,,,25.000TL, Sultangazi - İsmetpaşa Mahallesi,https://www.emlakjet.com//ilan/ismetpasa-mahallesi-21-95-m2-site-ici-tramvaya-yakin-kiralik-daire-17081207/,,,,,,
606,17081009,27 Mart 2025,03 Nisan 2025,Konut,Kiralık,Daire,65 m²,75 m²,2+1,0 (Yeni),Yüksek Giriş,3,Kombi Doğalgaz,Boş,0 TL,Hisseli Tapu,Hayır,25000 TL,1,,Yok,,,,,,Genel Fiyat,,8530,18.000TL, Küçükçekmece - İnönü Mahallesi,https://www.emlakjet.com//ilan/sefakoy-inonu-mahallesi-kiralik-2-1-yuksek-giris-sifir-17081009/,,,,,,
607,17080943,27 Mart 2025,27 Mart 2025,Konut,Kiralık,Daire,115 m²,120 m²,3+1,21 Ve Üzeri,1.Kat,6,Kombi Doğalgaz,Boş,,Yabancıdan,Hayır,,1,,,,,,,,Genel Fiyat,,,30.000TL, Çekmeköy - Hamidiye Mahallesi,https://www.emlakjet.com//ilan/cekmekoy-hamidiyede-sitede-31-kiralik-120m-baikimli-1-kat-daire-no-153-17080943/,,,,,,
608,17080886,27 Mart 2025,04 Nisan 2025,Konut,Kiralık,Daire,135 m²,140 m²,3+1,5-10,2.Kat,5,Kombi Doğalgaz,Boş,,Kooperatiften Tapu,Hayır,70000 TL,2,,Var,,,,,,Genel Fiyat,,,35.000TL, Sultangazi - Uğur Mumcu Mahallesi,https://www.emlakjet.com//ilan/ugurmumcu-da-31-140-m2-orta-kat-tramvaya-yakin-luks-ebeveyn-banyolu-kiralik-daire-17080886/,,,,,,
609,17080859,27 Mart 2025,27 Mart 2025,Konut,Kiralık,Daire,80 m²,85 m²,2+1,21 Ve Üzeri,Bahçe Katı,4,Kombi Doğalgaz,Boş,,Kat Mülkiyeti,Hayır,12000 TL,1,,Var,,,,,,Genel Fiyat,1209,12,12.000TL, Fatih - Koca Mustafapaşa Mahallesi,https://www.emlakjet.com//ilan/ecem-emlaktan-kocamustafapasa-merkezi-konumda-yari-bodrum-17080859/,,,,,,
610,17080812,27 Mart 2025,27 Mart 2025,Konut,Kiralık,Daire,120 m²,140 m²,3+1,5-10,3.Kat,3,Kombi Doğalgaz,Boş,,Kat Mülkiyeti,Hayır,,1,,,,,,,,Genel Fiyat,337,10,29.000TL, Sancaktepe - İnönü Mahallesi,https://www.emlakjet.com//ilan/sancaktepe-de-31-genis-daire-arayanlara-17080812/,,,,,,
611,17080747,27 Mart 2025,04 Nisan 2025,Konut,Kiralık,Daire,130 m²,140 m²,5+1,21 Ve Üzeri,4.Kat,4,Kombi Doğalgaz,Boş,200 TL,Kat Mülkiyeti,Hayır,30000 TL,1,,Var,1,Açık Balkon,,2,,Genel Fiyat,146,15,30.000TL, Üsküdar - Mimar Sinan Mahallesi,https://www.emlakjet.com//ilan/as-emlak-tan-51-full-esyali-caddeye-yakin-4-kat-140m2-daire-17080747/,İkinci El,Betonarme,Eşyalı,Yok,Evet,
612,17080717,27 Mart 2025,02 Nisan 2025,Konut,Kiralık,Daire,115 m²,130 m²,3+1,21 Ve Üzeri,1.Kat,4,Kombi Doğalgaz,Boş,,Kat Mülkiyeti,Hayır,,1,,,,,,,,Genel Fiyat,16563,10,26.500TL, Maltepe - Bağlarbaşı Mahallesi,https://www.emlakjet.com//ilan/maltepe-marmarayin-dibinde-31-masrafsiz-daire-17080717/,,,,,,
613,17080527,27 Mart 2025,27 Mart 2025,Konut,Kiralık,Daire,120 m²,130 m²,3+1,21 Ve Üzeri,3.Kat,5,Kombi Doğalgaz,Boş,,Kat İrtifakı,Hayır,25000 TL,1,,,,,,,,Genel Fiyat,,3570,25.000TL, Bahçelievler - Şirinevler Mahallesi,https://www.emlakjet.com//ilan/kiralik-daire-sirinevler-mahallesinde-17080527/,,,,,,
614,17080227,27 Mart 2025,27 Mart 2025,Konut,Kiralık,Daire,160 m²,170 m²,3+1,5-10,2.Kat,7,Kombi Doğalgaz,Boş,1300 TL,Kat Mülkiyeti,Evet,70000 TL,2,,Var,1,Kapalı Balkon,,3,,Genel Fiyat,285,1,35.000TL, Beylikdüzü - Adnan Kahveci Mahallesi,https://www.emlakjet.com//ilan/gayrimenkulist-den-adnan-kahvecide-31-genis-daire-17080227/,İkinci El,Betonarme,Boş,Yok,Hayır,
615,17080185,27 Mart 2025,27 Mart 2025,Konut,Kiralık,Daire,140 m²,160 m²,3+1,11-15,7.Kat,10,Kombi Doğalgaz,Boş,500 TL,Kat Mülkiyeti,Evet,50000 TL,1,,Var,2,"Açık Balkon, Kapalı Teras",,2,,Genel Fiyat,285,1,25.000TL, Beylikdüzü - Cumhuriyet Mahallesi,https://www.emlakjet.com//ilan/gayrimenkulist-den-e-5-ve-marmara-parka-cok-yakin-31-esyali-17080185/,İkinci El,Betonarme,Eşyalı,Yok,Hayır,
616,17080164,27 Mart 2025,04 Nisan 2025,Konut,Kiralık,Daire,70 m²,80 m²,1+1,5-10,Çatı Katı,4,Kombi Doğalgaz,Boş,,Kat Mülkiyeti,Hayır,12500 TL,1,,Var,1,Açık Teras,,1,,Genel Fiyat,478,21,12.500TL, Esenyurt - Hürriyet Mahallesi,https://www.emlakjet.com//ilan/esenyurt-kirac-hurriyet-mahallesi-11-cati-kati-kiralik-bos-daire-terasli-sehir-manzarali-17080164/,İkinci El,Betonarme,Boş,Yok,Hayır,
617,17080144,27 Mart 2025,27 Mart 2025,Konut,Kiralık,Daire,65 m²,70 m²,2+1,21 Ve Üzeri,Yüksek Giriş,3,Kombi Doğalgaz,Boş,,Kat İrtifakı,Hayır,,1,,,,,,,,Genel Fiyat,1817,9,15.000TL, Zeytinburnu - Nuripaşa Mahallesi,https://www.emlakjet.com//ilan/zeytinburnu-nuripasa-mh-de-21-70m-kiralik-yuksekgiris-daire-osmanli-emlak-17080144/,,,,,,
618,17080134,27 Mart 2025,04 Nisan 2025,Konut,Kiralık,Daire,55 m²,70 m²,1+1,5-10,Bahçe Katı,4,Kombi Doğalgaz,Boş,,Kat Mülkiyeti,Hayır,56000 TL,1,,,,,,,,Genel Fiyat,119,3,28.000TL, Tuzla - Evliya Çelebi Mahallesi,https://www.emlakjet.com//ilan/akcadag-gayrimenkul-den-bahce-kullanimli-11-kiralik-daire-17080134/,,,,,,
619,17080130,27 Mart 2025,27 Mart 2025,Konut,Kiralık,Daire,110 m²,120 m²,2+1,4,3.Kat,5,Kombi Doğalgaz,Boş,500 TL,Kat Mülkiyeti,Evet,50000 TL,1,10 m²,Var,1,Açık Balkon,8 m²,1,8 m²,Genel Fiyat,285,1,25.000TL, Beylikdüzü - Adnan Kahveci Mahallesi,https://www.emlakjet.com//ilan/gayrimenkulist-den-adnan-kahveci-merkezde-kiralik-21-daire-17080130/,İkinci El,Betonarme,Boş,Yok,Hayır,30 m²
620,17079901,27 Mart 2025,27 Mart 2025,Konut,Kiralık,Daire,125 m²,130 m²,3+1,21 Ve Üzeri,2.Kat,4,Kombi Doğalgaz,Boş,150 TL,Arsa Tapulu,Hayır,25500 TL,1,,,,,,,,Genel Fiyat,1673,6,25.500TL, Ataşehir - Kayışdağı Mahallesi,https://www.emlakjet.com//ilan/kayisdagi-merkez-dortyol-isiklarda-31-130m2-2-kat-bakimli-daire-17079901/,,,,,,
621,17079830,27 Mart 2025,27 Mart 2025,Konut,Kiralık,Daire,60 m²,80 m²,1+1,21 Ve Üzeri,3.Kat,3,Kombi Doğalgaz,Boş,,Kat Mülkiyeti,Hayır,,1,,,,,,,,Genel Fiyat,,,18.000TL, Pendik - Doğu Mahallesi,https://www.emlakjet.com//ilan/pendik-kiralik-11-daire-17079830/,,,Boş,Yok,,
622,17079701,27 Mart 2025,27 Mart 2025,Konut,Kiralık,Daire,36 m²,45 m²,Stüdyo,5-10,1.Kat,7,Merkezi (Pay Ölçer),Boş,,Kat Mülkiyeti,Hayır,,1,,,,,,,,Genel Fiyat,,,20.000TL, Çekmeköy - Kirazlıdere Mahallesi,https://www.emlakjet.com//ilan/cekmekoy-kirazlidere-de-10-esyali-kiralik-daire-17079701/,,,Eşyalı,Yok,,
623,17079651,27 Mart 2025,27 Mart 2025,Konut,Kiralık,Daire,85 m²,90 m²,2+1,16-20,4.Kat,4,Kombi Doğalgaz,Boş,,Kat İrtifakı,Hayır,,1,,,,,,,,Genel Fiyat,,,20.000TL, Bağcılar - Bağlar Mahallesi,https://www.emlakjet.com//ilan/metroya-yakin-ful-esyali-kiralik-21-daire-17079651/,,,Eşyalı,Yok,,
624,17079649,27 Mart 2025,27 Mart 2025,Konut,Kiralık,Daire,150 m²,240 m²,3+1,21 Ve Üzeri,4.Kat,4,Kombi Doğalgaz,Boş,,Kat Mülkiyeti,Hayır,,1,,,,,,,,Genel Fiyat,,,47.000TL, Bahçelievler - Bahçelievler Mahallesi,https://www.emlakjet.com//ilan/bahcelievler-calislarda-genc-binada-3terasli-net-150-m2-kiralik-17079649/,,,Boş,Yok,,
625,17079592,27 Mart 2025,27 Mart 2025,Konut,Kiralık,Daire,85 m²,95 m²,2+1,2,4.Kat,13,Merkezi (Pay Ölçer),Boş,3000 TL,Kat Mülkiyeti,Evet,90000 TL,1,5 m²,Var,1,Açık Balkon,,1,5 m²,Genel Fiyat,3345,1,45.000TL, Zeytinburnu - Sümer Mahallesi,https://www.emlakjet.com//ilan/zeytinburnu-loca-mahal-sitesinde-21-esyali-peyzaj-manzarali-17079592/,İkinci El,Betonarme,Eşyalı,Yok,Hayır,22 m²
626,17079587,27 Mart 2025,27 Mart 2025,Konut,Kiralık,Daire,86 m²,105 m²,2+1,5-10,14.Kat,14,Merkezi (Pay Ölçer),Boş,2500 TL,Kat Mülkiyeti,Evet,90000 TL,1,5 m²,Var,1,Kapalı Balkon,4 m²,1,5 m²,Genel Fiyat,2553,21,45.000TL, Zeytinburnu - Sümer Mahallesi,https://www.emlakjet.com//ilan/zeytinburnu-sahilpark-konutlari-kismi-deniz-manzarali-esyali-21-17079587/,İkinci El,Betonarme,Eşyalı,Yok,Hayır,22 m²
627,17079576,27 Mart 2025,04 Nisan 2025,Konut,Kiralık,Daire,60 m²,65 m²,1+1,21 Ve Üzeri,4.Kat,5,Kombi Doğalgaz,Boş,,Tapu Kaydı Yok,Hayır,18000 TL,1,,Yok,,,,1,,Genel Fiyat,,,18.000TL, Beyoğlu - Camiikebir Mahallesi,https://www.emlakjet.com//ilan/beyoglu-kasimpasa-camikebir-mah-11-dogalgazli-daire-17079576/,,,Boş,Yok,,
628,17079425,27 Mart 2025,27 Mart 2025,Konut,Kiralık,Daire,66 m²,80 m²,2+1,21 Ve Üzeri,Yüksek Giriş,12,Kombi Doğalgaz,Boş,4000 TL,Kat Mülkiyeti,Evet,45000 TL,1,5 m²,Var,1,Açık Balkon,3 m²,1,,Birim Fiyat,2895,5,45.000TL, Kadıköy - Bostancı Mahallesi,https://www.emlakjet.com//ilan/bostancida-kiralik-daire-site-icinde-temiz-bakimli-masrafsiz-17079425/,İkinci El,Betonarme,Boş,Yok,,27 m²
629,17079261,26 Mart 2025,26 Mart 2025,Konut,Kiralık,Daire,62 m²,95 m²,1+1,5-10,15.Kat,24,Merkezi (Pay Ölçer),Boş,,Bilinmiyor,Hayır,,1,,,,,,,,Genel Fiyat,,,37.000TL, Gaziosmanpaşa - Karadeniz Mahallesi,https://www.emlakjet.com//ilan/i23-den-viaport-veneziada-buyuk-balkonlu-yuksek-kat-full-tadilatli-bos-kiralik-aylik-odemeli-17079261/,İkinci El,Betonarme,,Yok,,
630,17079205,26 Mart 2025,30 Mart 2025,Konut,Kiralık,Daire,70 m²,80 m²,2+1,5-10,5.Kat,5,Kombi Doğalgaz,Boş,,Kat Mülkiyeti,Hayır,,1,,,,,,,,Genel Fiyat,,9661,15.000TL, Avcılar - Mustafa Kemal Paşa Mahallesi,https://www.emlakjet.com//ilan/21-yeni-bina-kiralik-daire-17079205/,,,,,,
631,17079198,26 Mart 2025,27 Mart 2025,Konut,Kiralık,Daire,55 m²,75 m²,1+1,0 (Yeni),5.Kat,8,Merkezi (Pay Ölçer),Boş,,Kat Mülkiyeti,Evet,,1,,,,,,,,Genel Fiyat,,,50.000TL, Sarıyer - Ayazağa Mahallesi,https://www.emlakjet.com//ilan/invest-vadi-11-guncel-kiralik-sifir-daire-17079198/,,,Boş,Yok,,
632,17079169,26 Mart 2025,27 Mart 2025,Konut,Kiralık,Daire,35 m²,45 m²,Stüdyo,2,1.Kat,28,Merkezi (Pay Ölçer),Boş,,Kat Mülkiyeti,Evet,,1,,,,,,,,Genel Fiyat,,,19.000TL, Bağcılar - 15 Temmuz Mahallesi,https://www.emlakjet.com//ilan/basinekspress-toya-next-te-45m-10-esyali-mobilyali-temiz-daire-17079169/,,,Eşyalı,Yok,,
633,17079150,26 Mart 2025,27 Mart 2025,Konut,Kiralık,Daire,110 m²,120 m²,3+1,11-15,4.Kat,5,Kombi Doğalgaz,Boş,,Kat Mülkiyeti,Hayır,,1,,,,,,,,Genel Fiyat,,,35.000TL, Maltepe - Zümrütevler Mahallesi,https://www.emlakjet.com//ilan/maltepe-zumrutevler-de-kiralik-31-daire-17079150/,,,Boş,Yok,,
634,17079042,26 Mart 2025,31 Mart 2025,Konut,Kiralık,Daire,70 m²,75 m²,1+1,16-20,Düz Giriş (Zemin),4,Kombi Doğalgaz,Boş,100 TL,Kat Mülkiyeti,Hayır,15000 TL,1,8 m²,Var,1,Açık Balkon,10 m²,1,5 m²,Genel Fiyat,,15736,15.000TL, Avcılar - Denizköşkler Mahallesi,https://www.emlakjet.com//ilan/denizkoskler-de-11-full-esyali-70m2-kiralik-temiz-duz-giris-kiralik-daire-17079042/,İkinci El,Betonarme,Eşyalı,Yok,Hayır,25 m²
635,17078684,26 Mart 2025,27 Mart 2025,Konut,Kiralık,Daire,220 m²,240 m²,4+1,21 Ve Üzeri,Bahçe Katı,4,Kombi Doğalgaz,Mülk Sahibi Oturuyor,,Kat Mülkiyeti,Evet,,2,,,,,,,,Genel Fiyat,,,80.000TL, Bakırköy - Şenlikköy Mahallesi,https://www.emlakjet.com//ilan/remax-gelisimden-senlikkoy-de-hat-boyunda-ferah-bahce-kat-daire-17078684/,,,Boş,Yok,,
636,17078680,26 Mart 2025,27 Mart 2025,Konut,Kiralık,Daire,90 m²,105 m²,3+1,16-20,3.Kat,9,Kombi Doğalgaz,Boş,,Kat İrtifakı,Evet,,1,,,,,,,,Genel Fiyat,,,25.000TL, Beylikdüzü - Adnan Kahveci Mahallesi,https://www.emlakjet.com//ilan/beylikduzu-yasemin-konutlari-31-kiralik-daire-17078680/,,,Boş,Yok,,
637,17078676,26 Mart 2025,27 Mart 2025,Konut,Kiralık,Daire,125 m²,145 m²,3+1,21 Ve Üzeri,13.Kat,14,Kombi Doğalgaz,Boş,,Kat İrtifakı,Evet,,1,,,,,,,,Genel Fiyat,,,28.000TL, Beylikdüzü - Barış Mahallesi,https://www.emlakjet.com//ilan/re-max-gelisim-adem-den-tuze-sitesi-havuzlu-31-kiralik-daire-17078676/,,,Boş,Yok,,
638,17078671,26 Mart 2025,27 Mart 2025,Konut,Kiralık,Daire,110 m²,140 m²,2+1,0 (Yeni),2.Kat,5,Kombi Doğalgaz,Boş,,Kat İrtifakı,Evet,,2,,,,,,,,Genel Fiyat,,,20.000TL, Esenyurt - Sultaniye Mahallesi,https://www.emlakjet.com//ilan/kisa-katli-blokta-gol-manzarali-140-m2-kapali-mutfak-17078671/,,,Boş,Yok,,
639,17078652,26 Mart 2025,27 Mart 2025,Konut,Kiralık,Daire,160 m²,175 m²,3+1,21 Ve Üzeri,5.Kat,9,Kombi Doğalgaz,Boş,,Kat Mülkiyeti,Hayır,,2,,,,,,,,Genel Fiyat,,,37.500TL, Beylikdüzü - Cumhuriyet Mahallesi,https://www.emlakjet.com//ilan/yasam-vadisi-manzarali-31-kiralik-tadilatli-sahane-daire-17078652/,,,Boş,Yok,,
640,17078637,26 Mart 2025,26 Mart 2025,Konut,Kiralık,Daire,65 m²,75 m²,1+1,5-10,Yüksek Giriş,6,Kombi Doğalgaz,Boş,200 TL,Kat İrtifakı,Hayır,15000 TL,1,,Yok,,,,1,,Genel Fiyat,1899,6,14.000TL, Esenyurt - Fatih Mahallesi,https://www.emlakjet.com//ilan/full-esyali-kiralik-daire-17078637/,,,Eşyalı,,,
641,17078631,26 Mart 2025,26 Mart 2025,Konut,Kiralık,Daire,85 m²,100 m²,2+1,5-10,Bahçe Katı,3,Kombi Doğalgaz,Boş,,Kat Mülkiyeti,Hayır,,1,,,,,,,,Genel Fiyat,,6944,27.500TL, Tuzla - Postane Mahallesi,https://www.emlakjet.com//ilan/postane-mah-kiralik-21-100-m2-bahce-kat-3e-gayrimenkul-17078631/,,,,,,
642,17078447,26 Mart 2025,26 Mart 2025,Konut,Kiralık,Daire,65 m²,70 m²,1+1,21 Ve Üzeri,Bodrum Kat,5,Kombi Doğalgaz,Boş,100 TL,Yabancıdan,Hayır,13000 TL,1,10 m²,Var,1,Açık Teras,15 m²,1,10 m²,Genel Fiyat,,,13.000TL, Fatih - Akşemsettin Mahallesi,https://www.emlakjet.com//ilan/fatih-aksemsettin-mah-kiralik-bodrum-kati-11-17078447/,İkinci El,Betonarme,Boş,Yok,Evet,40 m²
643,17078377,26 Mart 2025,26 Mart 2025,Konut,Kiralık,Daire,75 m²,85 m²,2+1,21 Ve Üzeri,2.Kat,5,Kombi Doğalgaz,Boş,,Kat Mülkiyeti,Hayır,,2,,,,,,,,Genel Fiyat,2297,56,21.000TL, Zeytinburnu - Yenidoğan Mahallesi,https://www.emlakjet.com//ilan/gny-guney-den-yenidogan-da-21-85m-panaroma-otel-marmaray-2-dk-17078377/,,,,,,
644,17078364,26 Mart 2025,26 Mart 2025,Konut,Kiralık,Daire,118 m²,181 m²,3+1,0 (Yeni),1.Kat,4,Yerden Isıtma,Boş,,Tapu Kaydı Yok,Evet,,2,,,,,,,,Genel Fiyat,,,50.000TL, Başakşehir - Bahçeşehir 2. Kısım Mahallesi,https://www.emlakjet.com//ilan/emlakkonut-vadievleri-2-kiralik-31-bahceli-terasli-daire-17078364/,,,Boş,Yok,,
645,17077835,26 Mart 2025,05 Nisan 2025,Konut,Kiralık,Daire,50 m²,55 m²,1+1,0 (Yeni),Yüksek Giriş,5,Kombi Doğalgaz,Boş,,Kat Mülkiyeti,Hayır,27500 TL,1,,,,,,,,Genel Fiyat,15347,25,27.500TL, Maltepe - İdealtepe Mahallesi,https://www.emlakjet.com//ilan/idealtepe-minubus-yolunda-11-50-m2-mustakil-bahceli-sifir-17077835/,,,,,,
646,17077706,26 Mart 2025,26 Mart 2025,Konut,Kiralık,Daire,116 m²,132 m²,3+1,11-15,Düz Giriş (Zemin),12,Kombi Doğalgaz,Boş,2450 TL,Kat Mülkiyeti,Hayır,,1,,,,,,,,Genel Fiyat,654,1,30.000TL, Küçükçekmece - Atakent Mahallesi,https://www.emlakjet.com//ilan/halkali-atakent-toki-fulya-sitesinde-31-giris-kat-kiralik-daire-17077706/,İkinci El,Betonarme,,Yok,,
647,17077600,26 Mart 2025,26 Mart 2025,Konut,Kiralık,Daire,200 m²,230 m²,4+1,21 Ve Üzeri,Bahçe Katı,4,Merkezi Doğalgaz,Boş,,Kat Mülkiyeti,Hayır,,3,,,,,,1,,Genel Fiyat,,,138.000TL, Kadıköy - Fenerbahçe Mahallesi,https://www.emlakjet.com//ilan/fenerbahce-koru-sitesinde-bahce-kullanimli-41-17077600/,İkinci El,,Boş,Yok,,
648,17077594,26 Mart 2025,26 Mart 2025,Konut,Kiralık,Daire,80 m²,90 m²,2+1,21 Ve Üzeri,Bahçe Katı,3,Sobalı,Boş,,Arsa Tapulu,Hayır,,2,,,,,,,,Genel Fiyat,,,11.000TL, Sultanbeyli - Mimar Sinan Mahallesi,https://www.emlakjet.com//ilan/sultanbeyli-mimarsinan-mahallesi-sobali-21daire-17077594/,,,Boş,Yok,,
649,17077582,26 Mart 2025,26 Mart 2025,Konut,Kiralık,Daire,75 m²,85 m²,2+1,21 Ve Üzeri,Düz Giriş (Zemin),5,Kombi Doğalgaz,Boş,,Kat Mülkiyeti,Evet,,1,,,,,,,,Genel Fiyat,,,17.500TL, Çekmeköy - Mimar Sinan Mahallesi,https://www.emlakjet.com//ilan/cekmekoy-vuralkent-sitesi-giris-kati-21-kiralik-daire-17077582/,,,Boş,Yok,,
650,17077582,26 Mart 2025,26 Mart 2025,Konut,Kiralık,Daire,75 m²,85 m²,2+1,21 Ve Üzeri,Düz Giriş (Zemin),5,Kombi Doğalgaz,Boş,,Kat Mülkiyeti,Evet,,1,,,,,,,,Genel Fiyat,,,17.500TL, Çekmeköy - Mimar Sinan Mahallesi,https://www.emlakjet.com//ilan/cekmekoy-vuralkent-sitesi-giris-kati-21-kiralik-daire-17077582/,,,Boş,Yok,,
651,17077575,26 Mart 2025,26 Mart 2025,Konut,Kiralık,Daire,125 m²,140 m²,3+1,21 Ve Üzeri,7.Kat,8,Kombi Doğalgaz,Boş,,Kat Mülkiyeti,Evet,,2,,,,,,,,Genel Fiyat,,,30.000TL, Çekmeköy - Sultançiftliği Mahallesi,https://www.emlakjet.com//ilan/tasdelen-megakent-sitesinde-kiralik-31-daire-17077575/,,,Boş,Yok,,
652,17077571,26 Mart 2025,26 Mart 2025,Konut,Kiralık,Daire,75 m²,85 m²,2+1,21 Ve Üzeri,Düz Giriş (Zemin),5,Kombi Doğalgaz,Boş,,Kat Mülkiyeti,Evet,,1,,,,,,,,Genel Fiyat,,,18.000TL, Çekmeköy - Mimar Sinan Mahallesi,https://www.emlakjet.com//ilan/cekmekoy-vuralkent-sitesinde-giris-kati-21-esyali-kiralik-daire-17077571/,,,Eşyalı,Yok,,
653,17077528,26 Mart 2025,26 Mart 2025,Konut,Kiralık,Daire,85 m²,95 m²,2+1,2,Bahçe Katı,4,Kombi Doğalgaz,Boş,,Kat Mülkiyeti,Hayır,,1,,,,,,,,Genel Fiyat,,,30.000TL, Çekmeköy - Merkez Mahallesi,https://www.emlakjet.com//ilan/cekmekoy-merkez-mah-safranbolu-evleri-kiralik-21-bahce-kati-17077528/,,,Boş,Yok,,
654,17077431,26 Mart 2025,03 Nisan 2025,Konut,Kiralık,Daire,74 m²,85 m²,2+1,21 Ve Üzeri,3.Kat,3,Kombi Doğalgaz,Boş,,Kat Mülkiyeti,Hayır,,2,,,,,,,,Genel Fiyat,605,11,35.000TL, Kadıköy - Eğitim Mahallesi,https://www.emlakjet.com//ilan/cok-iyi-lokasyonda-toplu-tasimalarin-yanibasinda-21-kombili-17077431/,,,,,,
655,17076989,26 Mart 2025,26 Mart 2025,Konut,Kiralık,Daire,80 m²,90 m²,2+1,21 Ve Üzeri,3.Kat,4,Kombi Doğalgaz,Boş,,Kat İrtifakı,Hayır,,1,,,,,,,,Genel Fiyat,,1391,14.500TL, Küçükçekmece - Cumhuriyet Mahallesi,https://www.emlakjet.com//ilan/baris-tan-tepeustu-cigdem-sokakta-kiralik-21-daire-17076989/,,,,,,
656,17076970,26 Mart 2025,27 Mart 2025,Konut,Kiralık,Daire,55 m²,60 m²,2+1,1,4.Kat,5,Kombi Doğalgaz,Boş,,Tapu Kaydı Yok,Hayır,20000 TL,1,,Yok,,,,,,Genel Fiyat,,,19.000TL, Küçükçekmece - İnönü Mahallesi,https://www.emlakjet.com//ilan/inonu-mahallesi-2-1-ucuncu-kat-komple-acik-mutfak-kiralik-daire-17076970/,,,Boş,,,
657,17076953,26 Mart 2025,04 Nisan 2025,Konut,Kiralık,Daire,80 m²,85 m²,2+1,21 Ve Üzeri,4.Kat,6,Kombi Doğalgaz,Boş,,Kat İrtifakı,Hayır,,1,,,,,,,,Genel Fiyat,,3370,22.000TL, Bahçelievler - Şirinevler Mahallesi,https://www.emlakjet.com//ilan/sirinevler-fetih-caddesinde-metro-metrobuse-yakin-kiralik-21-85m2-daire-17076953/,,,,,,
658,17076844,26 Mart 2025,27 Mart 2025,Konut,Kiralık,Daire,121 m²,174 m²,3+1,4,9.Kat,19,Merkezi (Pay Ölçer),Boş,,Kat Mülkiyeti,Evet,,2,,,,,,,,Genel Fiyat,,,66.000TL, Başakşehir - Kayabaşı Mahallesi,https://www.emlakjet.com//ilan/nidapark-yakut-ta-31-kiralik-esyali-daire-17076844/,,,Eşyalı,Yok,,
659,17076778,26 Mart 2025,03 Nisan 2025,Konut,Kiralık,Daire,165 m²,180 m²,3+1,21 Ve Üzeri,4.Kat,4,Kombi Doğalgaz,Boş,,Kat Mülkiyeti,Hayır,,2,,,,,,,,Genel Fiyat,1253,6,95.000TL, Beşiktaş - Vişnezade Mahallesi,https://www.emlakjet.com//ilan/akaretlerde-bogaz-manzarali-genis-terasli-kose-kiralik-daire-17076778/,,,,,,
660,17076774,26 Mart 2025,31 Mart 2025,Konut,Kiralık,Daire,70 m²,85 m²,2+1,5-10,4.Kat,4,Kombi Doğalgaz,Boş,300 TL,Kat Mülkiyeti,Hayır,25000 TL,1,,Yok,,,,,,Birim Fiyat,200,13,25.000TL, Çekmeköy - Çatalmeşe Mahallesi,https://www.emlakjet.com//ilan/esyali-kiralik-daire-17076774/,,,Eşyalı,,,
661,17076769,26 Mart 2025,02 Nisan 2025,Konut,Kiralık,Daire,95 m²,100 m²,2+1,16-20,3.Kat,5,Kombi Doğalgaz,Boş,,Kat İrtifakı,Hayır,20500 TL,1,,Var,2,"Açık Balkon, Kapalı Balkon",,1,,Genel Fiyat,10237,4175,20.000TL, Gaziosmanpaşa - Fevzi Çakmak Mahallesi,https://www.emlakjet.com//ilan/gaziosmanpasa-feyzicakmak-mahallesi-den-kiralik-daire-3-kat-21-100-m2-17076769/,İkinci El,,Boş,Yok,Evet,
662,17076752,26 Mart 2025,26 Mart 2025,Konut,Kiralık,Daire,65 m²,70 m²,1+1,21 Ve Üzeri,1.Kat,1,Kombi Doğalgaz,Boş,,Kat İrtifakı,Hayır,,1,,,,,,,,Genel Fiyat,,,20.000TL, Büyükçekmece - Atatürk Mahallesi,https://www.emlakjet.com//ilan/buyukcekmece-sun-marine-komsu-komple-yenilenmis-11-kiralik-17076752/,,,Boş,Yok,,
663,17076696,26 Mart 2025,26 Mart 2025,Konut,Kiralık,Daire,75 m²,90 m²,2+1,21 Ve Üzeri,2.Kat,4,Merkezi Doğalgaz,Boş,,Kat Mülkiyeti,Hayır,36000 TL,1,,,,,,,,Genel Fiyat,861,74,35.000TL, Kadıköy - Göztepe Mahallesi,https://www.emlakjet.com//ilan/turyaptan-goztepede-marmaraya-5-dk-mesafede-kiralik-21-daire-17076696/,İkinci El,,,Yok,,
664,17076339,26 Mart 2025,26 Mart 2025,Konut,Kiralık,Daire,70 m²,80 m²,2+1,16-20,Düz Giriş (Zemin),4,Kombi Doğalgaz,Boş,,Kat İrtifakı,Hayır,19000 TL,1,,Yok,,,,2,,Genel Fiyat,3482,9,19.000TL, Gaziosmanpaşa - Fevzi Çakmak Mahallesi,https://www.emlakjet.com//ilan/fevzi-cakmak-mahallesinde-kiralik-21-giris-kat-daire-17076339/,İkinci El,Betonarme,,Yok,Hayır,
665,17075935,26 Mart 2025,02 Nisan 2025,Konut,Kiralık,Daire,90 m²,100 m²,2+1,21 Ve Üzeri,4.Kat,5,Doğalgaz Sobalı,Boş,100 TL,Arsa Tapulu,Hayır,24000 TL,1,,,,,,,,Genel Fiyat,7639,2,23.500TL, Sancaktepe - Osmangazi Mahallesi,https://www.emlakjet.com//ilan/sancaktepe-kiralik-sifir-21-daire-sahibinden-masrafsiz-17075935/,,,,,,
666,17075845,26 Mart 2025,26 Mart 2025,Konut,Kiralık,Daire,20 m²,25 m²,Stüdyo,2,Yüksek Giriş,5,Merkezi Doğalgaz,Boş,,Kat İrtifakı,Hayır,,1,,,,,,,,Genel Fiyat,9047,1,13.500TL, Şişli - Kuştepe Mahallesi,https://www.emlakjet.com//ilan/faturalar-dahil-10-full-esyali-metro-metrobus-15dk-17075845/,,,,,,
667,17075644,26 Mart 2025,28 Mart 2025,Konut,Kiralık,Daire,120 m²,130 m²,3+1,16-20,3.Kat,7,Kombi Doğalgaz,Boş,350 TL,Arsa Tapulu,Hayır,55000 TL,1,7 m²,Var,2,Açık Balkon,4 m²,2,,Genel Fiyat,11165,110,28.500TL, Kartal - Atalar Mahallesi,https://www.emlakjet.com//ilan/sahibinden-keleepir-17075644/,İkinci El,Betonarme,Boş,,,25 m²
668,17075626,26 Mart 2025,26 Mart 2025,Konut,Kiralık,Daire,74 m²,110 m²,2+1,5-10,30.Kat,30,Merkezi (Pay Ölçer),Boş,,Kat Mülkiyeti,Evet,,2,,,,,,,,Genel Fiyat,,,48.000TL, Ümraniye - Saray Mahallesi,https://www.emlakjet.com//ilan/antasya-residence-ferah-kose-kiralik-daire-hesna-yilmaz-17075626/,,,Boş,Yok,,
669,17075624,26 Mart 2025,26 Mart 2025,Konut,Kiralık,Daire,45 m²,55 m²,1+1,21 Ve Üzeri,Düz Giriş (Zemin),5,Kombi Doğalgaz,Boş,,Kat Mülkiyeti,Hayır,,1,,,,,,,,Genel Fiyat,,,16.000TL, Fatih - Yavuz Sultan Selim Mahallesi,https://www.emlakjet.com//ilan/fatih-yavuz-sultan-selim-mah-giris-kat-11-kiralik-daire-17075624/,,,Boş,Yok,,
670,17075607,26 Mart 2025,26 Mart 2025,Konut,Kiralık,Daire,55 m²,70 m²,2+1,21 Ve Üzeri,2.Kat,3,Kombi Doğalgaz,Boş,,Kat Mülkiyeti,Hayır,,1,,,,,,,,Genel Fiyat,,,23.000TL, Üsküdar - Valide,https://www.emlakjet.com//ilan/metroya-capitole-yakin-klimali-21-kiralik-daire-valide-i-atik-17075607/,,,Boş,Yok,,
671,17075600,26 Mart 2025,26 Mart 2025,Konut,Kiralık,Daire,115 m²,130 m²,4+1,21 Ve Üzeri,2.Kat,4,Kombi Doğalgaz,Boş,,Kat Mülkiyeti,Hayır,,2,,,,,,,,Genel Fiyat,,,47.500TL, Şişli - Bozkurt Mahallesi,https://www.emlakjet.com//ilan/merkezi-konumda-yuksek-tavanli-tarihi-binada-kiralik-41-17075600/,,,Boş,Yok,,
672,17075599,26 Mart 2025,26 Mart 2025,Konut,Kiralık,Daire,148 m²,175 m²,4+1,0 (Yeni),5.Kat,11,Yerden Isıtma,Boş,,Kat Mülkiyeti,Hayır,,2,,,,,,,,Genel Fiyat,,,210.000TL, Kadıköy - Fenerbahçe Mahallesi,https://www.emlakjet.com//ilan/fenerbahce-dalyan-sahilde-kapanmaz-deniz-manzarali-luks-41-17075599/,,,Boş,Yok,,
673,17075567,26 Mart 2025,26 Mart 2025,Konut,Kiralık,Daire,191 m²,225 m²,3+1,0 (Yeni),1.Kat,5,Kombi Doğalgaz,Boş,,Kat Mülkiyeti,Hayır,,2,,Var,1,,,,,Genel Fiyat,10849,12,72.500TL, Pendik - Batı Mahallesi,https://www.emlakjet.com//ilan/pendik-burnu-nda-2024-yili-yapimi-binada-31-kiralik-sifir-daire-17075567/,,,Boş,,,
674,17075545,26 Mart 2025,26 Mart 2025,Konut,Kiralık,Daire,80 m²,90 m²,2+1,21 Ve Üzeri,5.Kat,5,Kombi Doğalgaz,Boş,200 TL,Arsa Tapulu,Hayır,33000 TL,1,,,,,,,,Genel Fiyat,,1763,16.500TL, Avcılar - Gümüşpala Mahallesi,https://www.emlakjet.com//ilan/ici-yeni-yapilmis-21-daire-metrobuse-hastaneye-okullara-5-dakika-yurume-mesafesinde-17075545/,,,,,,
675,17075482,26 Mart 2025,26 Mart 2025,Konut,Kiralık,Daire,120 m²,140 m²,3+1,5-10,6.Kat,15,Kombi Doğalgaz,Boş,,Kat İrtifakı,Evet,,2,,,,,,,,Genel Fiyat,,,26.000TL, Başakşehir - Bahçeşehir 2. Kısım Mahallesi,https://www.emlakjet.com//ilan/bahcesehir-dumankaya-modern-balkonlu-kiralik-31-daire-26-000-tl-17075482/,,,Boş,Yok,,
676,17075421,26 Mart 2025,30 Mart 2025,Konut,Kiralık,Daire,60 m²,70 m²,2+1,11-15,Bahçe Katı,5,Kombi Doğalgaz,Boş,,Kooperatiften Tapu,Hayır,10000 TL,1,,Var,,,,,,Genel Fiyat,,,10.000TL, Sultangazi - Cebeci Mahallesi,https://www.emlakjet.com//ilan/bekara-uygun-cebecide-esyali-11-bahce-kar-daire-17075421/,,,,,,
677,17075403,26 Mart 2025,26 Mart 2025,Konut,Kiralık,Daire,45 m²,60 m²,Stüdyo,11-15,12.Kat,13,Kombi Doğalgaz,Boş,,Kat Mülkiyeti,Evet,,1,,,,,,,,Genel Fiyat,,,13.500TL, Esenyurt - Koza Mahallesi,https://www.emlakjet.com//ilan/dumankaya-modern-esyali-10-kiralik-daire-13-500-17075403/,,,Eşyalı,Yok,,
678,17075317,26 Mart 2025,26 Mart 2025,Konut,Kiralık,Daire,65 m²,75 m²,1+1,11-15,9.Kat,9,Kombi Doğalgaz,Boş,2 TL,Bilinmiyor,Hayır,,1,,,,,,,,Genel Fiyat,,,22.500TL, Pendik - Yenişehir Mahallesi,https://www.emlakjet.com//ilan/yenisehir-pendik-beyaz-evler-de-11-kiralik-daire-17075317/,,,Eşyalı,Yok,,
679,17075270,26 Mart 2025,26 Mart 2025,Konut,Kiralık,Daire,125 m²,140 m²,3+1,21 Ve Üzeri,3.Kat,5,Doğalgaz Sobalı,Boş,,Bilinmiyor,Hayır,,1,,,,,,,,Genel Fiyat,,,18.000TL, Pendik - Çınardere Mahallesi,https://www.emlakjet.com//ilan/pendik-cinardere-kiralik-31-dogalgaz-sobali-ev-17075270/,,,,Yok,,
680,17075266,26 Mart 2025,26 Mart 2025,Konut,Kiralık,Daire,50 m²,60 m²,2+1,21 Ve Üzeri,Bahçe Katı,1,Kombi Doğalgaz,Boş,,Bilinmiyor,Hayır,,1,,,,,,,,Genel Fiyat,,,42.000TL, Beykoz - Kanlıca Mahallesi,https://www.emlakjet.com//ilan/kanlica-mihribat-cad-kiralik-21-mustakil-ev-17075266/,,,,Yok,,
681,17075259,26 Mart 2025,26 Mart 2025,Konut,Kiralık,Daire,60 m²,75 m²,2+1,11-15,Yüksek Giriş,5,Kombi Doğalgaz,Boş,250 TL,Bilinmiyor,Hayır,,1,,,,,,,,Genel Fiyat,,,20.000TL, Kartal - Yakacık Çarşı Mahallesi,https://www.emlakjet.com//ilan/kiralik-21-yuksek-giris-daire-bahceli-ve-huzurlu-17075259/,,,,Yok,,
682,17075254,26 Mart 2025,26 Mart 2025,Konut,Kiralık,Daire,70 m²,85 m²,2+1,21 Ve Üzeri,Düz Giriş (Zemin),4,Kombi Doğalgaz,Boş,100 TL,Bilinmiyor,Hayır,,1,,,,,,,,Genel Fiyat,,,19.000TL, Kartal - Hürriyet Mahallesi,https://www.emlakjet.com//ilan/kartal-hurriyet-mahallesinde-metroya-yakin-kiralik-21-daire-17075254/,,,,Yok,,
683,17075232,26 Mart 2025,26 Mart 2025,Konut,Kiralık,Daire,175 m²,200 m²,4+2,5-10,4.Kat,4,Kombi Doğalgaz,Boş,,Bilinmiyor,Hayır,,3,,,,,,,,Genel Fiyat,,,41.000TL, Maltepe - Zümrütevler Mahallesi,https://www.emlakjet.com//ilan/maltepe-zumrut-evler-de-kiralik-42-dubleks-daire-17075232/,,,,Yok,,
684,17075225,26 Mart 2025,26 Mart 2025,Konut,Kiralık,Daire,115 m²,125 m²,3+1,21 Ve Üzeri,7.Kat,8,Kombi Doğalgaz,Boş,,Bilinmiyor,Hayır,,1,,,,,,,,Genel Fiyat,,,22.500TL, Pendik - Yenişehir Mahallesi,https://www.emlakjet.com//ilan/yenisehir-mah-oz-imes-sitesi-31-ara-kat-kiralik-daire-17075225/,,,,Yok,,
685,17075217,26 Mart 2025,26 Mart 2025,Konut,Kiralık,Daire,80 m²,90 m²,2+1,21 Ve Üzeri,Bahçe Katı,8,Kombi Doğalgaz,Boş,150 TL,Bilinmiyor,Hayır,,1,,,,,,,,Genel Fiyat,,,21.000TL, Kartal - Orhantepe Mahallesi,https://www.emlakjet.com//ilan/orhantepe-mahallesinde-21-kiralik-daire-17075217/,,,,Yok,,
686,17075213,26 Mart 2025,26 Mart 2025,Konut,Kiralık,Daire,70 m²,80 m²,2+1,21 Ve Üzeri,1.Kat,3,Kombi Doğalgaz,Boş,100 TL,Bilinmiyor,Hayır,,1,,,,,,,,Genel Fiyat,,,21.000TL, Pendik - Yeni Mahallesi,https://www.emlakjet.com//ilan/pendik-yeni-mahallede-kiralik-70m2-21-daire-17075213/,,,Eşyalı,Yok,,
687,17075207,26 Mart 2025,26 Mart 2025,Konut,Kiralık,Daire,220 m²,250 m²,5+1,21 Ve Üzeri,4.Kat,4,Kombi Doğalgaz,Boş,100 TL,Bilinmiyor,Hayır,,1,,,,,,,,Genel Fiyat,,,28.000TL, Pendik - Güzelyalı Mahallesi,https://www.emlakjet.com//ilan/pendik-guzelyalida-51-dublex-terasli-kiralik-daire-17075207/,,,,Yok,,
688,17075204,26 Mart 2025,26 Mart 2025,Konut,Kiralık,Daire,45 m²,55 m²,1+1,2,Yüksek Giriş,6,Yerden Isıtma,Boş,350 TL,Bilinmiyor,Hayır,,1,,,,,,,,Genel Fiyat,,,25.000TL, Pendik - Batı Mahallesi,https://www.emlakjet.com//ilan/pendik-kizilay-caddesinde-yeni-binada-11-daire-17075204/,,,,Yok,,
689,17075085,26 Mart 2025,04 Nisan 2025,Konut,Kiralık,Daire,95 m²,105 m²,2+1,5-10,3.Kat,4,Kombi Doğalgaz,Boş,,Kat Mülkiyeti,Hayır,,2,,,,,,,,Genel Fiyat,1278,7,13.000TL, Esenyurt - Mehterçeşme Mahallesi,https://www.emlakjet.com//ilan/esenyur-metrobuse-yakin-kiralik-daire-21-17075085/,,,,,,
690,17074990,26 Mart 2025,26 Mart 2025,Konut,Kiralık,Daire,70 m²,75 m²,1+1,5-10,Yüksek Giriş,4,Kombi Doğalgaz,Boş,,Yabancıdan,Hayır,,1,,Yok,,,,,,Genel Fiyat,,,17.500TL, Beylikdüzü - Yakuplu Mahallesi,https://www.emlakjet.com//ilan/yakuplu-da-52-sokakta-yuksek-giris-full-esyali-11-daire-17074990/,,,Eşyalı,,,
691,17074985,26 Mart 2025,26 Mart 2025,Konut,Kiralık,Daire,85 m²,100 m²,2+1,21 Ve Üzeri,5.Kat,6,Kombi Doğalgaz,Boş,200 TL,Kat İrtifakı,Evet,700 TL,1,4 m²,Var,2,Açık Balkon,8 m²,1,,Genel Fiyat,11385,12,25.000TL, Pendik - Kaynarca Mahallesi,https://www.emlakjet.com//ilan/pendik-kaynarca-da-site-icinde-kiralik-dogalgaz-kombili-21-17074985/,İkinci El,Betonarme,Boş,Yok,Hayır,20 m²
692,17074909,26 Mart 2025,26 Mart 2025,Konut,Kiralık,Daire,90 m²,100 m²,2.5+1,21 Ve Üzeri,3.Kat,3,Kombi Doğalgaz,Boş,,Kat Mülkiyeti,Hayır,,2,,,,,,,,Genel Fiyat,,,75.000TL, Beşiktaş - Nisbetiye Mahallesi,https://www.emlakjet.com//ilan/nispetiye-caddesinde-mukemmel-konumda-2-51-100-m2-17074909/,,,Boş,Yok,,
693,17074805,26 Mart 2025,26 Mart 2025,Konut,Kiralık,Daire,50 m²,55 m²,1+1,5-10,4.Kat,5,Yerden Isıtma,Boş,,Kat Mülkiyeti,Hayır,,1,,,,,,,,Genel Fiyat,,,36.000TL, Beşiktaş - Levent Mahallesi,https://www.emlakjet.com//ilan/metro-ve-kanyon-avm-ye-10-dk-yurume-mesafesinde-11-esyali-daire-17074805/,,,Eşyalı,Yok,,
694,17074793,26 Mart 2025,26 Mart 2025,Konut,Kiralık,Daire,65 m²,70 m²,1+1,5-10,Yüksek Giriş,3,Kombi Doğalgaz,Boş,,Kat Mülkiyeti,Hayır,,1,,,,,,,,Genel Fiyat,,,37.000TL, Fatih - Balat Mahallesi,https://www.emlakjet.com//ilan/full-furniture-flat-17074793/,,,Eşyalı,Yok,,
695,17074762,26 Mart 2025,26 Mart 2025,Konut,Kiralık,Daire,98 m²,131 m²,3+1,0 (Yeni),15.Kat,17,Yerden Isıtma,Boş,,Kat İrtifakı,Evet,,2,,,,,,,,Genel Fiyat,,,50.750TL, Ümraniye - Armağanevler Mahallesi,https://www.emlakjet.com//ilan/umraniye-armaganevler-muhtesem-manzarali-sifir-kiralik-31-daire-17074762/,,,Boş,Yok,,
696,17074609,26 Mart 2025,27 Mart 2025,Konut,Kiralık,Daire,105 m²,110 m²,2+1,16-20,2.Kat,5,Kombi Doğalgaz,Boş,,Hisseli Tapu,Hayır,,1,,,,,,,,Genel Fiyat,,,17.000TL, Sultangazi - Uğur Mumcu Mahallesi,https://www.emlakjet.com//ilan/dosthaneemlak-tan-ugurmumcuda-kiralik-105-m2-21-2-kat-daire-17074609/,,,Boş,Yok,,
697,17074507,26 Mart 2025,26 Mart 2025,Konut,Kiralık,Daire,76 m²,120 m²,2+1,0 (Yeni),14.Kat,21,Merkezi (Pay Ölçer),Boş,,Kat İrtifakı,Evet,,2,,,,,,,,Genel Fiyat,,,30.000TL, Kartal - Hürriyet Mahallesi,https://www.emlakjet.com//ilan/kyc-den-dunyasehir-de-keyifli-ferah-ve-kullanisli-kiralik-21-17074507/,,,Boş,Yok,,
698,17074506,26 Mart 2025,26 Mart 2025,Konut,Kiralık,Daire,38 m²,58 m²,Stüdyo,4,7.Kat,8,Merkezi (Pay Ölçer),Boş,,Kat Mülkiyeti,Evet,,1,,,,,,,,Genel Fiyat,,,21.000TL, Pendik - Yenişehir Mahallesi,https://www.emlakjet.com//ilan/kyc-den-5yuz60-eminevim-yenisehir-de-kiralik-esyali-10-daire-17074506/,,,Eşyalı,Yok,,
699,17074505,26 Mart 2025,26 Mart 2025,Konut,Kiralık,Daire,64 m²,98 m²,2+1,0 (Yeni),10.Kat,20,Merkezi (Pay Ölçer),Boş,,Kat İrtifakı,Evet,,1,,,,,,,,Genel Fiyat,,,25.500TL, Kartal - Hürriyet Mahallesi,https://www.emlakjet.com//ilan/kyc-den-site-ici-yuksek-tavan-yuksek-kat-genis-kiralik-21-daire-17074505/,,,Boş,Yok,,
700,17074505,26 Mart 2025,26 Mart 2025,Konut,Kiralık,Daire,64 m²,98 m²,2+1,0 (Yeni),10.Kat,20,Merkezi (Pay Ölçer),Boş,,Kat İrtifakı,Evet,,1,,,,,,,,Genel Fiyat,,,25.500TL, Kartal - Hürriyet Mahallesi,https://www.emlakjet.com//ilan/kyc-den-site-ici-yuksek-tavan-yuksek-kat-genis-kiralik-21-daire-17074505/,,,Boş,Yok,,
701,17074439,26 Mart 2025,26 Mart 2025,Konut,Kiralık,Daire,75 m²,85 m²,2+1,11-15,12.Kat,14,Merkezi (Pay Ölçer),Boş,,Kat Mülkiyeti,Evet,,1,,,,,,,,Genel Fiyat,,,24.000TL, Başakşehir - Kayabaşı Mahallesi,https://www.emlakjet.com//ilan/kayasehir-14-bolgede-kiralik-2-1-daire-17074439/,,,Boş,Yok,,
702,17074417,26 Mart 2025,31 Mart 2025,Konut,Kiralık,Daire,65 m²,70 m²,1+1,5-10,Yüksek Giriş,5,Kombi Doğalgaz,Boş,,Kat İrtifakı,Hayır,15000 TL,1,,Var,1,Kapalı Balkon,,1,,Genel Fiyat,157,30,15.000TL, Sultangazi - İsmetpaşa Mahallesi,https://www.emlakjet.com//ilan/sahibinden-sultanciftligi-tramvay-istasyonunu-5-dk-yurume-mesafesinde-kiralik-11-daire-17074417/,,,Boş,,,
703,17073993,25 Mart 2025,26 Mart 2025,Konut,Kiralık,Daire,85 m²,95 m²,2+1,5-10,Düz Giriş (Zemin),5,Kombi Doğalgaz,Boş,,Kat Mülkiyeti,Hayır,,1,,,,,,,,Genel Fiyat,,,25.000TL, Çekmeköy - Merkez Mahallesi,https://www.emlakjet.com//ilan/kiralik-otoparkli-21-daire-cekmekoy-videolu-ilan-17073993/,,,Boş,Yok,,
704,17073841,25 Mart 2025,25 Mart 2025,Konut,Kiralık,Daire,150 m²,155 m²,3+1,21 Ve Üzeri,5.Kat,8,Kombi Doğalgaz,Boş,3000 TL,Kat Mülkiyeti,Hayır,240000 TL,2,,,,,,,,Genel Fiyat,1199,350,60.000TL, Şişli - Fulya Mahallesi,https://www.emlakjet.com//ilan/gayrettepe-belde-sitesinde-kiralik-daire-17073841/,İkinci El,Betonarme,,Yok,,
705,17073689,25 Mart 2025,25 Mart 2025,Konut,Kiralık,Daire,90 m²,100 m²,2+1,21 Ve Üzeri,Çatı Katı,3,Klimalı,Boş,200 TL,Tapu Kaydı Yok,Hayır,13000 TL,1,,Var,1,Açık Balkon,,,,Genel Fiyat,,,13.000TL, Bağcılar - Bağlar Mahallesi,https://www.emlakjet.com//ilan/cati-kati-kiralik-daire-17073689/,,,Boş,,,
706,17073678,25 Mart 2025,26 Mart 2025,Konut,Kiralık,Daire,100 m²,120 m²,3+1,11-15,Çatı Katı,5,Kombi Doğalgaz,Boş,,Kat İrtifakı,Hayır,,1,,,,,,,,Genel Fiyat,,,24.000TL, Sancaktepe - Meclis Mahallesi,https://www.emlakjet.com//ilan/sancaktepe-teraziler-caddesinde-kiralik-terasli-cati-dubleksi-17073678/,,,Eşyalı,Yok,,
707,17073675,25 Mart 2025,26 Mart 2025,Konut,Kiralık,Daire,198 m²,200 m²,3+1,11-15,Bahçe Katı,4,Kombi Doğalgaz,Mülk Sahibi Oturuyor,,Kat İrtifakı,Evet,,3,,,,,,,,Genel Fiyat,,,63.000TL, Sancaktepe - Kemal Türkler Mahallesi,https://www.emlakjet.com//ilan/alice-village-de-kiralik-31-bahce-dubleks-i-full-esyali-17073675/,,,Eşyalı,Yok,,
708,17073475,25 Mart 2025,26 Mart 2025,Konut,Kiralık,Daire,60 m²,80 m²,1+1,21 Ve Üzeri,5.Kat,5,Kombi Doğalgaz,Boş,,Arsa Tapulu,Hayır,,1,,,,,,,,Genel Fiyat,,,27.500TL, Beyoğlu - Yenişehir Mahallesi,https://www.emlakjet.com//ilan/beyoglu-kurtulus-da-11-bakimli-kiralik-daire-ogrenciye-uygun-17073475/,,,Boş,Yok,,
709,17073470,25 Mart 2025,29 Mart 2025,Konut,Kiralık,Daire,70 m²,75 m²,2+1,21 Ve Üzeri,Düz Giriş (Zemin),12,Kombi Doğalgaz,Boş,300 TL,Kat Mülkiyeti,Evet,16000 TL,1,,Yok,,,,1,,Birim Fiyat,10579,7,16.000TL, Kartal - Uğur Mumcu Mahallesi,https://www.emlakjet.com//ilan/kiralik-daire-17073470/,İkinci El,Betonarme,Boş,,,
710,17073433,25 Mart 2025,26 Mart 2025,Konut,Kiralık,Daire,70 m²,85 m²,2+1,21 Ve Üzeri,Yüksek Giriş,5,Kombi Doğalgaz,Boş,,Kat Mülkiyeti,Evet,,1,,,,,,,,Genel Fiyat,,,22.500TL, Eyüpsultan - Yeşilpınar Mahallesi,https://www.emlakjet.com//ilan/vialand-avm-yani-site-ici-acik-otoparkli-yuksek-giris-21-daire-17073433/,,,Boş,Yok,,
711,17073405,25 Mart 2025,02 Nisan 2025,Konut,Kiralık,Daire,115 m²,155 m²,3+1,2,3.Kat,11,Merkezi (Pay Ölçer),Boş,,Kat Mülkiyeti,Evet,,2,,,,,,,,Genel Fiyat,12189,148,42.000TL, Kartal - Cumhuriyet Mahallesi,https://www.emlakjet.com//ilan/kartal-cumhuriyet-mahallesi-kiralik-31-genis-m2-balkonlu-17073405/,,,Boş,Yok,,
712,17073348,25 Mart 2025,02 Nisan 2025,Konut,Kiralık,Daire,75 m²,85 m²,1+1,11-15,Çatı Katı,5,Kombi Doğalgaz,Boş,,Kat İrtifakı,Hayır,18000 TL,1,,Var,,,,1,,Genel Fiyat,6745,1,18.000TL, Gaziosmanpaşa - Yeni Mahalle Mahallesi,https://www.emlakjet.com//ilan/gaziosmanpasa-kucukkoy-de-kiralik-cati-kat-balkonlu-11-85-m2-17073348/,İkinci El,Ahşap,Eşyalı,,Evet,
713,17073298,25 Mart 2025,25 Mart 2025,Konut,Kiralık,Daire,75 m²,80 m²,2+1,5-10,2.Kat,5,Kombi Doğalgaz,Boş,,Bilinmiyor,Hayır,,1,,,,,,,,Genel Fiyat,,,20.000TL, Kağıthane - Yeşilce Mahallesi,https://www.emlakjet.com//ilan/sanayi-metrosuna-yurume-mesafesinde-17073298/,İkinci El,Betonarme,,Yok,,
714,17073230,25 Mart 2025,30 Mart 2025,Konut,Kiralık,Daire,984 m²,9.847 m²,2+1,5-10,7.Kat,7,Merkezi Doğalgaz,Boş,1895 TL,Kat Mülkiyeti,Evet,15000 TL,1,50 m²,Var,1,Açık Balkon,50 m²,1,,Genel Fiyat,1761,1,15.000TL, Silivri - Piri Mehmet Paşa Mahallesi,https://www.emlakjet.com//ilan/kiralik-ev-17073230/,Sıfır,Betonarme,Boş,Yok,,
715,17073191,25 Mart 2025,26 Mart 2025,Konut,Kiralık,Daire,70 m²,85 m²,2+1,21 Ve Üzeri,1.Kat,5,Kombi Doğalgaz,Boş,,Kat İrtifakı,Hayır,,1,,,,,,,,Genel Fiyat,,,20.000TL, Pendik - Bahçelievler Mahallesi,https://www.emlakjet.com//ilan/akbal-emlak-bahcelievler-mah-85-m2-21-salon-20-000-tl-17073191/,,,Boş,Yok,,
716,17073138,25 Mart 2025,25 Mart 2025,Konut,Kiralık,Daire,90 m²,100 m²,2+1,5-10,2.Kat,5,Kombi Doğalgaz,Boş,,Kat İrtifakı,Hayır,,1,,,,,,,,Genel Fiyat,,,25.500TL, Sultangazi - Gazi Mahallesi,https://www.emlakjet.com//ilan/3k-emlak-tan-gazi-mah-merkezde-21-100-m2-ara-kat-kiralik-daire-17073138/,,,Boş,Yok,,
717,17073137,25 Mart 2025,25 Mart 2025,Konut,Kiralık,Daire,90 m²,100 m²,2+1,16-20,3.Kat,5,Kombi Doğalgaz,Boş,,Kat İrtifakı,Hayır,,1,,,,,,,,Genel Fiyat,,,17.500TL, Sultangazi - 75. Yıl Mahallesi,https://www.emlakjet.com//ilan/3k-emlak-tan-75-yil-mah-kiralik-21-balkonlu-daire-17073137/,,,Boş,Yok,,
718,17073086,25 Mart 2025,25 Mart 2025,Konut,Kiralık,Daire,95 m²,105 m²,2+1,21 Ve Üzeri,4.Kat,5,Kombi Doğalgaz,Boş,,Yabancıdan,Hayır,,1,,,,,,,,Genel Fiyat,,,19.000TL, Küçükçekmece - Cumhuriyet Mahallesi,https://www.emlakjet.com//ilan/baris-tan-tepeustu-merkezde-kismen-gol-ve-deniz-manzarali-21-17073086/,,,,,,
719,17073065,25 Mart 2025,25 Mart 2025,Konut,Kiralık,Daire,80 m²,90 m²,2+1,5-10,2.Kat,5,Kombi Doğalgaz,Boş,,Kat Mülkiyeti,Hayır,26000 TL,1,,Var,1,,,2,,Genel Fiyat,7711,16,26.000TL, Kağıthane - Sultan Selim Mahallesi,https://www.emlakjet.com//ilan/sanayi-mahallesi-nde-cadde-uzerinde-kiralik-daire-yeni-bina-17073065/,,,Boş,,,
720,17072904,25 Mart 2025,25 Mart 2025,Konut,Kiralık,Daire,85 m²,95 m²,2+1,5-10,2.Kat,5,Kombi Doğalgaz,Boş,,Kat İrtifakı,Hayır,,2,,,,,,,,Genel Fiyat,,,23.500TL, Beylikdüzü - Kavaklı Mahallesi,https://www.emlakjet.com//ilan/beylikduzu-marmara-mahallesinde-2-bloklu-sitede-kiralik-21-ara-17072904/,,,Boş,Yok,,
721,17072902,25 Mart 2025,25 Mart 2025,Konut,Kiralık,Daire,85 m²,95 m²,2+1,5-10,4.Kat,4,Kombi Doğalgaz,Boş,,Kat Mülkiyeti,Hayır,,1,,,,,,,,Genel Fiyat,,,18.000TL, Avcılar - Gümüşpala Mahallesi,https://www.emlakjet.com//ilan/esyali-yeni-daire-metrobuse-yakin-boyasi-yapili-17072902/,,,Eşyalı,Yok,,
722,17072893,25 Mart 2025,25 Mart 2025,Konut,Kiralık,Daire,110 m²,120 m²,2+1,21 Ve Üzeri,Düz Giriş (Zemin),5,Kombi Doğalgaz,Boş,,Kat İrtifakı,Hayır,,1,,,,,,,,Genel Fiyat,,,15.000TL, Avcılar - Gümüşpala Mahallesi,https://www.emlakjet.com//ilan/gol-manzarali-genis-daire-40-metre-salonlu-17072893/,,,Boş,Yok,,
723,17072886,25 Mart 2025,25 Mart 2025,Konut,Kiralık,Daire,80 m²,90 m²,2+1,5-10,Bahçe Katı,4,Kombi Doğalgaz,Boş,,Kat Mülkiyeti,Hayır,,1,,,,,,,,Genel Fiyat,,,15.000TL, Avcılar - Gümüşpala Mahallesi,https://www.emlakjet.com//ilan/yeni-daire-fiyat-dustu-genis-bahceli-hayvan-beslemeye-uygun-17072886/,,,Boş,Yok,,
724,17072879,25 Mart 2025,25 Mart 2025,Konut,Kiralık,Daire,70 m²,80 m²,2+1,5-10,Yüksek Giriş,4,Kombi Doğalgaz,Boş,,Yabancıdan,Hayır,,1,,,,,,,,Genel Fiyat,,,20.000TL, Gaziosmanpaşa - Yıldıztabya Mahallesi,https://www.emlakjet.com//ilan/tuncay-dan-gop-ta-merkezi-konumda-full-esyali-genis-21-daire-17072879/,,,,,,
725,17072839,25 Mart 2025,01 Nisan 2025,Konut,Kiralık,Daire,55 m²,65 m²,1+1,3,Çatı Katı,5,Kombi Doğalgaz,Boş,,Kat Mülkiyeti,Hayır,,1,,,,,,,,Genel Fiyat,849,5,15.000TL, Eyüpsultan - Alibeyköy Mahallesi,https://www.emlakjet.com//ilan/alibeykoy-metro-tramvay-yakini-faturalar-dahilinde-11-kiralik-17072839/,,,,,,
726,17072817,25 Mart 2025,25 Mart 2025,Konut,Kiralık,Daire,80 m²,85 m²,2+1,21 Ve Üzeri,1.Kat,4,Kombi Doğalgaz,Boş,,Kat Mülkiyeti,Hayır,,1,,,,,,,,Genel Fiyat,,23692,20.000TL, Avcılar - Merkez Mahallesi,https://www.emlakjet.com//ilan/muslum-emlaktan-merkezde-esyali-21-kiralik-daire-17072817/,,,,,,
727,17072800,25 Mart 2025,28 Mart 2025,Konut,Kiralık,Daire,85 m²,90 m²,2+1,16-20,3.Kat,5,Kombi Doğalgaz,Boş,0 TL,Kooperatiften Tapu,Hayır,20000 TL,1,5 m²,Var,1,Kapalı Balkon,6 m²,1,,Genel Fiyat,,,20.000TL, Ümraniye - Armağanevler Mahallesi,https://www.emlakjet.com//ilan/umraniye-armaganevler-kiralik-daire-bekara-uygun-temiz-daire-17072800/,İkinci El,Betonarme,Boş,Yok,Hayır,
728,17072694,25 Mart 2025,25 Mart 2025,Konut,Kiralık,Daire,130 m²,155 m²,2+1,5-10,23.Kat,25,Merkezi (Pay Ölçer),Boş,,Kat Mülkiyeti,Evet,,2,,,,,,,,Genel Fiyat,,,51.000TL, Küçükçekmece - Atakent Mahallesi,https://www.emlakjet.com//ilan/atakent-bosphorus-city-esyali-21-esyali-150m2-daire-gol-manzara-17072694/,,,Eşyalı,Yok,,
729,17072690,25 Mart 2025,25 Mart 2025,Konut,Kiralık,Daire,65 m²,70 m²,2+0,11-15,2.Kat,3,Kombi Doğalgaz,Boş,,Tapu Kaydı Yok,Hayır,16500 TL,1,,Var,,,,,,Genel Fiyat,,,16.500TL, Küçükçekmece - İstasyon Mahallesi,https://www.emlakjet.com//ilan/istasyon-marmaray-yakin-2-0-ikinci-katta-uc-katli-binada-onu-acik-kiralik-daire-17072690/,,,Boş,,,
730,17072657,25 Mart 2025,25 Mart 2025,Konut,Kiralık,Daire,120 m²,140 m²,3+1,21 Ve Üzeri,4.Kat,5,Kombi Doğalgaz,Boş,,Tapu Kaydı Yok,Hayır,,1,,,,,,,,Genel Fiyat,,,24.500TL, Beyoğlu - Fetihtepe Mahallesi,https://www.emlakjet.com//ilan/dalkirandan-beyoglu-metrobuse-yakin-31-acil-kiralik-daire-17072657/,,,Boş,Yok,,
731,17072612,25 Mart 2025,27 Mart 2025,Konut,Kiralık,Daire,90 m²,100 m²,2+1,21 Ve Üzeri,4.Kat,4,Kombi Doğalgaz,Boş,,Kat İrtifakı,Hayır,,1,,,,,,,,Genel Fiyat,,2724,25.000TL, Güngören - Akıncılar Mahallesi,https://www.emlakjet.com//ilan/gungoren-akincilar-mah-21-90m2-4-kat-bakimli-kiralik-daire-17072612/,,,,,,
732,17072302,25 Mart 2025,25 Mart 2025,Konut,Kiralık,Daire,85 m²,95 m²,2+1,21 Ve Üzeri,1.Kat,4,Kombi Doğalgaz,Boş,300 TL,Kat İrtifakı,Hayır,17000 TL,1,,,,,,,,Genel Fiyat,,16009,17.000TL, Avcılar - Cihangir Mahallesi,https://www.emlakjet.com//ilan/avcilar-cihangir-mahallesi-nde-ara-kat-balkonlu-21-kiralik-17072302/,,,,,,
733,17072062,25 Mart 2025,25 Mart 2025,Konut,Kiralık,Daire,55 m²,60 m²,1+1,21 Ve Üzeri,Çatı Katı,6,Kombi Doğalgaz,Boş,300 TL,Bilinmiyor,Hayır,,1,,,,,,,,Genel Fiyat,,,18.000TL, Fatih - Zeyrek Mahallesi,https://www.emlakjet.com//ilan/11-ici-sifirlanmis-ogrenciye-bekara-uygun-daire-17072062/,İkinci El,Betonarme,,Yok,,
734,17072027,25 Mart 2025,25 Mart 2025,Konut,Kiralık,Daire,80 m²,95 m²,2+1,5-10,2.Kat,4,Kombi Doğalgaz,Kiracı Oturuyor,,Yabancıdan,Evet,,1,,,,,,,,Genel Fiyat,,,27.000TL, Beylikdüzü - Dereağzı Mahallesi,https://www.emlakjet.com//ilan/gurpinar-elvin-park-evlerinde-21-esyali-ara-kat-daire-17072027/,,,,,,
735,17072024,25 Mart 2025,25 Mart 2025,Konut,Kiralık,Daire,80 m²,100 m²,1+1,5-10,1.Kat,5,Kombi Doğalgaz,Boş,,Kooperatiften Tapu,Hayır,25000 TL,1,,Var,1,,,,,Birim Fiyat,,0,25.000TL, Sultangazi - Eski Habipler Mahallesi,https://www.emlakjet.com//ilan/pusula-ins-tan-eski-habibler-mah-kiralik-giris-kat-dukkan-17072024/,İkinci El,Betonarme,Boş,Var,,
736,17072010,25 Mart 2025,03 Nisan 2025,Konut,Kiralık,Daire,85 m²,90 m²,2+1,21 Ve Üzeri,4.Kat,4,Kombi Doğalgaz,Boş,150 TL,Kat Mülkiyeti,Hayır,25000 TL,1,,Var,1,Kapalı Balkon,,,,Genel Fiyat,212,8,25.000TL, Eyüpsultan - Rami Cuma Mahallesi,https://www.emlakjet.com//ilan/rami-de-esyali-21-en-ust-kat-merkezde-kiralik-daire-17072010/,,,Eşyalı,,Hayır,
737,17071884,25 Mart 2025,27 Mart 2025,Konut,Kiralık,Daire,47 m²,60 m²,1+1,4,3.Kat,6,Merkezi Doğalgaz,Boş,1000 TL,Kat Mülkiyeti,Evet,50000 TL,1,,Yok,,,,,,Birim Fiyat,1493,24,25.000TL, Bahçelievler - Kocasinan Merkez Mahallesi,https://www.emlakjet.com//ilan/sahibinden-17071884/,,,Eşyalı,,,
738,17071629,25 Mart 2025,25 Mart 2025,Konut,Kiralık,Daire,80 m²,85 m²,2+1,5-10,1.Kat,5,Kombi Doğalgaz,Boş,,Kat Mülkiyeti,Hayır,,1,,,,,,,,Genel Fiyat,,,30.000TL, Bayrampaşa - Kartaltepe Mahallesi,https://www.emlakjet.com//ilan/bayrampasa-kartaltepe-mah-kiralik-arakat-daire-17071629/,,,Boş,Yok,,
739,17071563,25 Mart 2025,04 Nisan 2025,Konut,Kiralık,Daire,85 m²,90 m²,2+1,0 (Yeni),2.Kat,4,Kombi Doğalgaz,Boş,250 TL,Kat Mülkiyeti,Hayır,26500 TL,1,,,,,,,,Genel Fiyat,935,5,24.000TL, Esenler - Tuna Mahallesi,https://www.emlakjet.com//ilan/avrupa-emlak-tan-esenler-tuna-mh-90m-21-2-3-kat-sifir-bina-asansorlu-kiralik-daire-sabit-gelirliye-17071563/,,,,,,
740,17071296,25 Mart 2025,25 Mart 2025,Konut,Kiralık,Daire,50 m²,60 m²,1+1,21 Ve Üzeri,Yüksek Giriş,4,Kombi Doğalgaz,Boş,,Hisseli Tapu,Hayır,,1,,,,,,,,Genel Fiyat,,970,12.000TL, Bahçelievler - Zafer Mahallesi,https://www.emlakjet.com//ilan/yildiz-dan-kiralik-temiz-11-genis-balkonlu-y-giris-17071296/,,,,,,
741,17071279,25 Mart 2025,04 Nisan 2025,Konut,Kiralık,Daire,105 m²,115 m²,3+1,21 Ve Üzeri,Düz Giriş (Zemin),4,Kombi Doğalgaz,Boş,,Kat Mülkiyeti,Hayır,,1,,,,,,,,Genel Fiyat,465,5,37.000TL, Bahçelievler - Bahçelievler Mahallesi,https://www.emlakjet.com//ilan/bahcelievler-merkezde-kiralik-duz-giris-otoparkli-31-bos-daire-17071279/,,,,,,
742,17071199,25 Mart 2025,25 Mart 2025,Konut,Kiralık,Daire,45 m²,65 m²,1+1,5-10,4.Kat,5,Merkezi Doğalgaz,Boş,,Arsa Tapulu,Hayır,,1,,,,,,,,Genel Fiyat,,,28.750TL, Ataşehir - İnönü Mahallesi,https://www.emlakjet.com//ilan/metro-dibinde-guvenlikli-faturalar-dahil-kiralik-esyali-11-17071199/,,,Eşyalı,Yok,,
743,17071184,25 Mart 2025,25 Mart 2025,Konut,Kiralık,Daire,100 m²,110 m²,2+1,21 Ve Üzeri,5.Kat,5,Kombi Doğalgaz,Boş,,Arsa Tapulu,Hayır,,1,,,,,,,,Genel Fiyat,,,24.000TL, Küçükçekmece - Sultan Murat Mahallesi,https://www.emlakjet.com//ilan/cadde-emlak-sultanmurat-mah-110-m2-masrafsiz-son-kat-daire-17071184/,,,Boş,Yok,,
744,17071181,25 Mart 2025,25 Mart 2025,Konut,Kiralık,Daire,80 m²,100 m²,2+1,21 Ve Üzeri,2.Kat,5,Kombi Doğalgaz,Boş,,Kat Mülkiyeti,Evet,,1,,,,,,,,Genel Fiyat,,,35.000TL, Şile - Çavuş Mahallesi,https://www.emlakjet.com//ilan/ayselden-silede-deniz-manzarali-onu-kapanmaz-21-ici-yenilenmis-17071181/,,,Boş,Yok,,
745,17071011,25 Mart 2025,04 Nisan 2025,Konut,Kiralık,Daire,80 m²,85 m²,2+1,5-10,1.Kat,5,Kombi Doğalgaz,Boş,0 TL,Kooperatiften Tapu,Hayır,27000 TL,1,6 m²,Var,1,Açık Balkon,5 m²,1,6 m²,Genel Fiyat,,,27.000TL, Ümraniye - Site Mahallesi,https://www.emlakjet.com//ilan/umraniye-site-mahallesi-atay-caddesi-soyak-siteleri-mevkisi-kiralik-17071011/,İkinci El,Betonarme,Boş,Yok,Hayır,25 m²
746,17070970,25 Mart 2025,02 Nisan 2025,Konut,Kiralık,Daire,78 m²,90 m²,2+1,1,2.Kat,3,Kombi Doğalgaz,Boş,,Kat Mülkiyeti,Hayır,,1,,,,,,,,Genel Fiyat,107,24,17.750TL, Sultanbeyli - Mimar Sinan Mahallesi,https://www.emlakjet.com//ilan/mimarsinan-mah-kiralik-mukemmel-21-arakat-daire-17070970/,,,,,,
747,17070958,25 Mart 2025,04 Nisan 2025,Konut,Kiralık,Daire,125 m²,130 m²,3+1,16-20,5.Kat,5,Kombi Doğalgaz,Boş,0 TL,Kooperatiften Tapu,Hayır,25000 TL,1,6 m²,Var,2,"Açık Balkon, Kapalı Balkon",5 m²,1,6 m²,Genel Fiyat,,,25.000TL, Ümraniye - Esenşehir Mahallesi,https://www.emlakjet.com//ilan/umraniye-esensehir-31-modoko-keyap-metro-yume-mesafesi-kiralik-daire-5-kat-ici-temiz-17070958/,İkinci El,Betonarme,Boş,Yok,Hayır,30 m²
748,17070957,25 Mart 2025,25 Mart 2025,Konut,Kiralık,Daire,80 m²,90 m²,2+1,21 Ve Üzeri,Yüksek Giriş,2,Kombi Doğalgaz,Boş,,Hisseli Tapu,Hayır,25000 TL,1,,,,,,,,Genel Fiyat,187,23,25.000TL, Beykoz - Çubuklu Mahallesi,https://www.emlakjet.com//ilan/beykoz-cubukluda-merkezde-kiralik-yuksek-giris-daire-17070957/,,,Boş,,Evet,
749,17070863,25 Mart 2025,25 Mart 2025,Konut,Kiralık,Daire,90 m²,100 m²,2+1,11-15,3.Kat,5,Kombi Doğalgaz,Boş,150 TL,Kooperatiften Tapu,Hayır,18000 TL,1,,,,,,,,Genel Fiyat,,,18.000TL, Sultangazi - Esentepe Mahallesi,https://www.emlakjet.com//ilan/esentepe-mevlana-okuluna-yakin-21-100m2-3-kat-kiralik-17070863/,,,,,,
750,17070813,25 Mart 2025,25 Mart 2025,Konut,Kiralık,Daire,110 m²,120 m²,2+1,21 Ve Üzeri,4.Kat,5,Kombi Doğalgaz,Boş,100 TL,Kat Mülkiyeti,Hayır,20000 TL,1,,,,,,,,Genel Fiyat,,16096,20.000TL, Sultangazi - Uğur Mumcu Mahallesi,https://www.emlakjet.com//ilan/ugurmumcu-mahallesi-21-110m2-4-kat-kiralik-17070813/,,,,,,
751,17070741,25 Mart 2025,25 Mart 2025,Konut,Kiralık,Daire,130 m²,140 m²,2+1,21 Ve Üzeri,3.Kat,6,Klimalı,Boş,200 TL,Kat Mülkiyeti,Hayır,21000 TL,1,,,,,,,,Genel Fiyat,2010,6,21.000TL, Sultangazi - 50. Yıl Mahallesi,https://www.emlakjet.com//ilan/50-yil-mahallesi-tramvay-duraginda-21-130m2-3-kat-kiralik-17070741/,,,,,,
752,17070671,25 Mart 2025,04 Nisan 2025,Konut,Kiralık,Daire,90 m²,100 m²,2+1,21 Ve Üzeri,Bahçe Katı,5,Kombi Doğalgaz,Boş,,Kat Mülkiyeti,Hayır,15000 TL,1,,Var,1,,,,,Genel Fiyat,2053,15,15.000TL, Fatih - Akşemsettin Mahallesi,https://www.emlakjet.com//ilan/aksemsettin-mah-21-bahce-kat-90-m-kombili-ve-bahceli-17070671/,,,Boş,,,
753,17070571,25 Mart 2025,26 Mart 2025,Konut,Kiralık,Daire,40 m²,50 m²,1+1,21 Ve Üzeri,3.Kat,5,Kombi Doğalgaz,Boş,,Kat Mülkiyeti,Hayır,15000 TL,1,,Var,1,,,1,,Genel Fiyat,1597,48,15.000TL, Fatih - Hırka,https://www.emlakjet.com//ilan/imam-sureyya-sk-kiralik-11-1-kat-daire-15-000-tl-17070571/,İkinci El,Betonarme,Boş,,Evet,
754,17070519,25 Mart 2025,25 Mart 2025,Konut,Kiralık,Daire,90 m²,100 m²,3+1,5-10,Yüksek Giriş,4,Kombi Doğalgaz,Boş,,Kat Mülkiyeti,Hayır,30000 TL,2,,Yok,,,,2,,Genel Fiyat,531,26,26.000TL, Sancaktepe - Meclis Mahallesi,https://www.emlakjet.com//ilan/meclis-mahallesinde-kiralik-31-ters-dubelsk-daire-17070519/,İkinci El,Betonarme,Boş,,,
755,17070456,25 Mart 2025,25 Mart 2025,Konut,Kiralık,Daire,120 m²,137 m²,3+1,1,2.Kat,5,Merkezi (Pay Ölçer),Boş,3000 TL,Bilinmiyor,Hayır,200000 TL,2,,,,,,2,,Genel Fiyat,,,95.000TL, Beyoğlu - Örnektepe Mahallesi,https://www.emlakjet.com//ilan/dagistan-gayrimenkul-sutluce-toki-evlerinde-kiralik-esyali-17070456/,Sıfır,,Eşyalı,Yok,,
756,17070347,25 Mart 2025,25 Mart 2025,Konut,Kiralık,Daire,50 m²,60 m²,1+1,11-15,Bahçe Katı,3,Kombi Doğalgaz,Boş,,Kat İrtifakı,Hayır,18000 TL,1,,Yok,,,,,,Genel Fiyat,188,18,18.000TL, Çekmeköy - Mehmet Akif Mahallesi,https://www.emlakjet.com//ilan/cekmekoy-mehmet-akif-mahallesinde-kiralik-11-daire-17070347/,,,,,,
757,17070345,25 Mart 2025,04 Nisan 2025,Konut,Kiralık,Daire,90 m²,95 m²,2+1,21 Ve Üzeri,4.Kat,5,Kombi Doğalgaz,Boş,,Tapu Kaydı Yok,Hayır,17500 TL,1,,Var,,,,2,,Genel Fiyat,,,17.500TL, Avcılar - Mustafa Kemal Paşa Mahallesi,https://www.emlakjet.com//ilan/metro-metrobuse-5dk-21-90m2-full-yapili-bakimli-arakat-4-kat-17070345/,,,Boş,,,
758,17070080,25 Mart 2025,25 Mart 2025,Konut,Kiralık,Daire,130 m²,145 m²,4+1,3,4.Kat,4,Kombi Doğalgaz,Boş,,Bilinmiyor,Hayır,,2,,,,,,,,Genel Fiyat,,,52.000TL, Üsküdar - Ahmediye Mahallesi,https://www.emlakjet.com//ilan/igr-gayrimenkulden-uskudar-merkezde-41-kiralik-daire-17070080/,,,,Yok,,
759,17070033,25 Mart 2025,25 Mart 2025,Konut,Kiralık,Daire,80 m²,85 m²,2+1,21 Ve Üzeri,3.Kat,3,Kombi Doğalgaz,Boş,150 TL,Bilinmiyor,Hayır,,1,,,,,,,,Genel Fiyat,,,22.000TL, Üsküdar - Zeynep Kamil Mahallesi,https://www.emlakjet.com//ilan/zeynepkamil-dortyol-isiklarda3-kat-21kombili-17070033/,İkinci El,Betonarme,,Yok,,
760,17070032,25 Mart 2025,25 Mart 2025,Konut,Kiralık,Daire,55 m²,60 m²,1+1,21 Ve Üzeri,1.Kat,5,Kombi Doğalgaz,Boş,100 TL,Bilinmiyor,Hayır,,1,,,,,,,,Genel Fiyat,,,17.000TL, Üsküdar - Zeynep Kamil Mahallesi,https://www.emlakjet.com//ilan/zeynepkamil-11-kose-kiralik-daire-17070032/,İkinci El,Betonarme,,Yok,,
761,17070031,25 Mart 2025,25 Mart 2025,Konut,Kiralık,Daire,85 m²,90 m²,2+1,21 Ve Üzeri,5.Kat,5,Kombi Doğalgaz,Boş,100 TL,Bilinmiyor,Hayır,,1,,,,,,,,Genel Fiyat,,,20.000TL, Üsküdar - Zeynep Kamil Mahallesi,https://www.emlakjet.com//ilan/zeynepkamil-ogrenciye-uygun-kiralik-2185-m2-daire-17070031/,İkinci El,Betonarme,,Yok,,
762,17069986,25 Mart 2025,25 Mart 2025,Konut,Kiralık,Daire,100 m²,115 m²,3+1,0 (Yeni),1.Kat,2,Kombi Doğalgaz,Boş,300 TL,Bilinmiyor,Hayır,,1,,,,,,,,Genel Fiyat,,,45.000TL, Üsküdar - Kısıklı Mahallesi,https://www.emlakjet.com//ilan/f-l-emlaktan-ferah-mah-kisikli-avsar-market-yakini-31-sifir-luks-17069986/,Sıfır,Betonarme,,Yok,,
763,17069983,25 Mart 2025,25 Mart 2025,Konut,Kiralık,Daire,70 m²,75 m²,2+1,5-10,2.Kat,4,Kombi Doğalgaz,Boş,1100 TL,Bilinmiyor,Hayır,,1,,,,,,,,Genel Fiyat,,,34.500TL, Üsküdar - Cumhuriyet Mahallesi,https://www.emlakjet.com//ilan/f-l-emlaktan-emaar-avm-libadiye-dsi-yakini-21-yeni-bina-17069983/,İkinci El,Betonarme,,Yok,,
764,17069974,25 Mart 2025,25 Mart 2025,Konut,Kiralık,Daire,70 m²,80 m²,1+1,11-15,Çatı Katı,4,Kombi Doğalgaz,Boş,200 TL,Bilinmiyor,Hayır,,1,,,,,,,,Genel Fiyat,,,28.000TL, Ataşehir - Örnek Mahallesi,https://www.emlakjet.com//ilan/f-l-emlaktan-ornek-merkezde-esyali-cati-kati-11-17069974/,İkinci El,Betonarme,Eşyalı,Yok,,
765,17069864,25 Mart 2025,25 Mart 2025,Konut,Kiralık,Daire,97 m²,140 m²,3+1,21 Ve Üzeri,5.Kat,5,Merkezi Doğalgaz,Boş,,Kat Mülkiyeti,Evet,,1,,,,,,,,Genel Fiyat,,,25.000TL, Bakırköy - Osmaniye Mahallesi,https://www.emlakjet.com//ilan/bakirkoy-osmaniye-de-site-icerisinde-kiralik-31-daire-17069864/,,,Boş,Yok,,
766,17069843,25 Mart 2025,25 Mart 2025,Konut,Kiralık,Daire,75 m²,85 m²,2+1,21 Ve Üzeri,Yüksek Giriş,4,Kombi Doğalgaz,Boş,,Kat Mülkiyeti,Hayır,,1,,,,,,,,Genel Fiyat,,,27.500TL, Maltepe - İdealtepe Mahallesi,https://www.emlakjet.com//ilan/hacialioglu-ndan-idealtepe-koru-parkin-yaninda-kiralik-21-daire-17069843/,,,Boş,Yok,,
767,17069744,25 Mart 2025,25 Mart 2025,Konut,Kiralık,Daire,80 m²,90 m²,2+1,11-15,2.Kat,4,Kombi Doğalgaz,Boş,350 TL,Kat Mülkiyeti,Hayır,30000 TL,2,,,,,,,,Genel Fiyat,190,111,30.000TL, Eyüpsultan - Yeşilpınar Mahallesi,https://www.emlakjet.com//ilan/iletisim-den-eyup-yesilpinar-vialand-avm-karsisi-kiralik-cift-cephe-acik-asansor-ve-otoparkli-17069744/,,,,,,
768,17069720,25 Mart 2025,25 Mart 2025,Konut,Kiralık,Daire,100 m²,120 m²,2+1,21 Ve Üzeri,2.Kat,4,Kombi Doğalgaz,Boş,,Hisseli Tapu,Hayır,,1,,,,,,,,Genel Fiyat,,,25.000TL, Küçükçekmece - Cumhuriyet Mahallesi,https://www.emlakjet.com//ilan/devran-emlaktan-asikveysel-caddesi-uzeri-kiralik-daire-21-120m-17069720/,,,Boş,Yok,,
769,17069596,25 Mart 2025,25 Mart 2025,Konut,Kiralık,Daire,75 m²,90 m²,2+1,21 Ve Üzeri,3.Kat,3,Kombi Doğalgaz,Kiracı Oturuyor,,Arsa Tapulu,Hayır,,2,,,,,,,,Genel Fiyat,,448,15.000TL, Küçükçekmece - Yarımburgaz Mahallesi,https://www.emlakjet.com//ilan/kucukcekme-yarimburgaz-mahallesi-21-kiralik-daire-17069596/,İkinci El,Betonarme,,Yok,,
770,17069496,25 Mart 2025,03 Nisan 2025,Konut,Kiralık,Daire,150 m²,160 m²,3+1,21 Ve Üzeri,4.Kat,4,Kombi Doğalgaz,Boş,,Kat İrtifakı,Hayır,,2,,,,,,,,Genel Fiyat,372,37,65.000TL, Üsküdar - Aziz Mahmut Hüdayi Mahallesi,https://www.emlakjet.com//ilan/uskudar-sahile-yakin-31-160m2-deniz-manzarali-kiralik-daire-17069496/,,,,,,
771,17069421,25 Mart 2025,25 Mart 2025,Konut,Kiralık,Daire,115 m²,125 m²,3+1,21 Ve Üzeri,1.Kat,6,Kombi Doğalgaz,Boş,,Kat İrtifakı,Evet,,1,4 m²,Var,2,Kapalı Balkon,8 m²,1,2 m²,Birim Fiyat,11385,12,25.000TL, Pendik - Kaynarca Mahallesi,https://www.emlakjet.com//ilan/pendik-altkaynarca-da-site-icinde-kiralik-dogalgaz-kombili-31-17069421/,İkinci El,Betonarme,Boş,Yok,Evet,
772,17069395,25 Mart 2025,25 Mart 2025,Konut,Kiralık,Daire,130 m²,135 m²,3+1,21 Ve Üzeri,3.Kat,5,Kombi Doğalgaz,Boş,,Kat Mülkiyeti,Hayır,,1,,,,,,,,Genel Fiyat,,,27.500TL, Güngören - Abdurrahman Nafiz Gürman Mahallesi,https://www.emlakjet.com//ilan/merter-full-esyali-31-daire-aidat-yok-otopark-var-17069395/,,,Eşyalı,Yok,,
773,17069390,25 Mart 2025,25 Mart 2025,Konut,Kiralık,Daire,80 m²,90 m²,2+1,21 Ve Üzeri,1.Kat,5,Kombi Doğalgaz,Boş,,Arsa Tapulu,Hayır,,1,,,,,,,,Genel Fiyat,,,20.000TL, Güngören - Gençosman Mahallesi,https://www.emlakjet.com//ilan/dortyol-meydan-da-kiralik-21-daire-ogrenci-ve-bekara-uygun-17069390/,,,Boş,Yok,,
774,17069309,25 Mart 2025,25 Mart 2025,Konut,Kiralık,Daire,90 m²,115 m²,2+1,16-20,2.Kat,2,Kombi Doğalgaz,Boş,,Kat İrtifakı,Hayır,,1,,,,,,,,Genel Fiyat,,,25.000TL, Üsküdar - Ferah Mahallesi,https://www.emlakjet.com//ilan/camlica-nin-en-gozde-konumunda-kiralik-ferah-21-daire-17069309/,,,Boş,Yok,,
775,17069309,25 Mart 2025,25 Mart 2025,Konut,Kiralık,Daire,90 m²,115 m²,2+1,16-20,2.Kat,2,Kombi Doğalgaz,Boş,,Kat İrtifakı,Hayır,,1,,,,,,,,Genel Fiyat,,,25.000TL, Üsküdar - Ferah Mahallesi,https://www.emlakjet.com//ilan/camlica-nin-en-gozde-konumunda-kiralik-ferah-21-daire-17069309/,,,Boş,Yok,,
776,17069274,25 Mart 2025,25 Mart 2025,Konut,Kiralık,Daire,110 m²,120 m²,3+1,16-20,1.Kat,4,Kombi Doğalgaz,Boş,,Bilinmiyor,Hayır,,1,,,,,,,,Genel Fiyat,,,28.000TL, Bağcılar - Demirkapı Mahallesi,https://www.emlakjet.com//ilan/demirkapi-31-kiralik-daire-17069274/,İkinci El,Betonarme,,Yok,,
777,17069270,25 Mart 2025,25 Mart 2025,Konut,Kiralık,Daire,90 m²,110 m²,3+1,5-10,2.Kat,8,Kombi Doğalgaz,Boş,,Kat Mülkiyeti,Evet,,2,,,,,,,,Genel Fiyat,,,35.000TL, Bağcılar - Göztepe Mahallesi,https://www.emlakjet.com//ilan/medipol-hastanesine-yakin-sitede-31-110-m-kiralik-daire-17069270/,,,Boş,Yok,,
778,17069247,25 Mart 2025,25 Mart 2025,Konut,Kiralık,Daire,120 m²,135 m²,3+1,21 Ve Üzeri,1.Kat,5,Kombi Doğalgaz,Boş,,Kat İrtifakı,Hayır,,1,,,,,,,,Genel Fiyat,,,21.000TL, Büyükçekmece - 19 Mayıs Mahallesi,https://www.emlakjet.com//ilan/19-mayis-mahallesi-kiralik-31-daire-17069247/,,,Boş,Yok,,
779,17069229,25 Mart 2025,25 Mart 2025,Konut,Kiralık,Daire,46 m²,65 m²,1+1,3,4.Kat,13,Merkezi (Pay Ölçer),Boş,,Kat İrtifakı,Evet,,1,,,,,,,,Genel Fiyat,,,30.000TL, Ümraniye - Esenşehir Mahallesi,https://www.emlakjet.com//ilan/eskidji-kerim-ucuk-suryapi-sehir-konaklari-11-balkoniyi-konum-17069229/,,,Boş,Yok,,
780,17069227,25 Mart 2025,25 Mart 2025,Konut,Kiralık,Daire,100 m²,120 m²,2+1,1,4.Kat,6,Kombi Doğalgaz,Boş,,Kat Mülkiyeti,Evet,,2,,,,,,,,Genel Fiyat,,,27.000TL, Beylikdüzü - Kavaklı Mahallesi,https://www.emlakjet.com//ilan/beylikduzu-ozerler-marina-sitesinde-21-kiralik-genis-daire-17069227/,,,Boş,Yok,,
781,17069176,25 Mart 2025,25 Mart 2025,Konut,Kiralık,Daire,78 m²,90 m²,2+1,21 Ve Üzeri,4.Kat,4,Kombi Doğalgaz,Boş,,Arsa Tapulu,Hayır,,1,,,,,,,,Genel Fiyat,,,14.750TL, Sultanbeyli - Necip Fazıl Mahallesi,https://www.emlakjet.com//ilan/sultanbeyli-necip-fazil-mah-de-kiralik-temiz-21-daire-17069176/,,,Boş,Yok,,
782,17069093,25 Mart 2025,25 Mart 2025,Konut,Kiralık,Daire,45 m²,54 m²,1+1,3,5.Kat,12,Merkezi (Pay Ölçer),Boş,,Kat İrtifakı,Evet,,1,,,,,,,,Genel Fiyat,,,32.000TL, Kağıthane - Merkez Mahallesi,https://www.emlakjet.com//ilan/century21-momentum-dan-4-12-ay-kiralik-esyali-11-17069093/,,,Eşyalı,Yok,,
783,17069052,25 Mart 2025,25 Mart 2025,Konut,Kiralık,Daire,40 m²,45 m²,1+1,21 Ve Üzeri,2.Kat,3,Klimalı,Boş,,Kat İrtifakı,Hayır,,1,,,,,,,,Genel Fiyat,,,18.000TL, Bahçelievler - Şirinevler Mahallesi,https://www.emlakjet.com//ilan/sirinevlerde-meydana-yakin-11-full-esyali-klimali-kiralik-daire-17069052/,,,Eşyalı,Yok,,
784,17068921,25 Mart 2025,25 Mart 2025,Konut,Kiralık,Daire,45 m²,75 m²,1+1,1,3.Kat,4,Merkezi (Pay Ölçer),Boş,,Tapu Kaydı Yok,Evet,,1,,,,,,,,Genel Fiyat,,,56.000TL, Kadıköy - Acıbadem Mahallesi,https://www.emlakjet.com//ilan/suryapi-excellence-projesi-kosuyolu-11-17068921/,,,Boş,Yok,,
785,17068914,25 Mart 2025,25 Mart 2025,Konut,Kiralık,Daire,60 m²,79 m²,1+1,5-10,5.Kat,18,Merkezi (Pay Ölçer),Boş,,Kat Mülkiyeti,Evet,,1,,,,,,,,Genel Fiyat,,,40.000TL, Zeytinburnu - Sümer Mahallesi,https://www.emlakjet.com//ilan/cigdem-emlaktan-the-istanbul-residance-da-kiralik-11-daire-17068914/,,,Boş,Yok,,
786,17068892,25 Mart 2025,25 Mart 2025,Konut,Kiralık,Daire,100 m²,110 m²,2+1,16-20,4.Kat,4,Kombi Doğalgaz,Boş,,Kat İrtifakı,Hayır,,1,,,,,,,,Genel Fiyat,,,15.000TL, Sultanbeyli - Adil Mahallesi,https://www.emlakjet.com//ilan/kiralik-eski-daire-17068892/,,,Boş,Yok,,
787,17068864,25 Mart 2025,25 Mart 2025,Konut,Kiralık,Daire,65 m²,70 m²,1+1,21 Ve Üzeri,Bahçe Katı,5,Merkezi Doğalgaz,Boş,,Kat Mülkiyeti,Hayır,,1,,,,,,,,Genel Fiyat,,,18.000TL, Şişli - Merkez Mahallesi,https://www.emlakjet.com//ilan/sisli-de-perihan-sk-11-70-m2-bahce-kati-kiralik-daire-17068864/,,,Boş,Yok,,
788,17068847,25 Mart 2025,25 Mart 2025,Konut,Kiralık,Daire,110 m²,135 m²,2+1,0 (Yeni),5.Kat,12,Kombi Doğalgaz,Boş,,Kat Mülkiyeti,Evet,,2,,,,,,,,Genel Fiyat,,,33.000TL, Beylikdüzü - Kavaklı Mahallesi,https://www.emlakjet.com//ilan/referans-beylikduzu-kiralik-esyasiz-21-rent-17068847/,,,Boş,Yok,,
789,17068829,25 Mart 2025,25 Mart 2025,Konut,Kiralık,Daire,50 m²,72 m²,1+1,5-10,18.Kat,24,Merkezi (Pay Ölçer),Boş,,Kat İrtifakı,Evet,,1,,,,,,,,Genel Fiyat,,,32.000TL, Kadıköy - Merdivenköy Mahallesi,https://www.emlakjet.com//ilan/kadikoy-fikirtepe-brooklyn-park-yuksek-kat-kiralik-11-daire-17068829/,,,Boş,Yok,,
790,17068814,25 Mart 2025,25 Mart 2025,Konut,Kiralık,Daire,55 m²,60 m²,1+1,21 Ve Üzeri,Düz Giriş (Zemin),4,Kombi Doğalgaz,Boş,,Arsa Tapulu,Hayır,,1,,,,,,,,Genel Fiyat,,,12.500TL, Küçükçekmece - Tevfik Bey Mahallesi,https://www.emlakjet.com//ilan/sefakoy-tevfikbey-de-kiralik-11-duz-giris-17068814/,,,Boş,Yok,,
791,17068787,25 Mart 2025,26 Mart 2025,Konut,Kiralık,Daire,95 m²,110 m²,2+1,11-15,3.Kat,5,Kombi Doğalgaz,Boş,,Kat Mülkiyeti,Hayır,13000 TL,1,10 m²,Var,1,Açık Balkon,10 m²,2,5 m²,Genel Fiyat,2574,25,13.000TL, Esenyurt - Pınar Mahallesi,https://www.emlakjet.com//ilan/temiz-21-95-m2-arakat-daire-17068787/,Sıfır,Taş Bina,Boş,Yok,Hayır,15 m²
792,17068762,25 Mart 2025,25 Mart 2025,Konut,Kiralık,Daire,160 m²,170 m²,3+1,21 Ve Üzeri,5.Kat,5,Doğalgaz Sobalı,Boş,,Kat İrtifakı,Hayır,,2,,,,,,,,Genel Fiyat,,,15.000TL, Bahçelievler - Fevzi Çakmak Mahallesi,https://www.emlakjet.com//ilan/merkezi-konumda-31-daire-160-m2-17068762/,,,Boş,Yok,,
793,17068725,25 Mart 2025,25 Mart 2025,Konut,Kiralık,Daire,59 m²,73 m²,1+1,0 (Yeni),3.Kat,4,Kombi Doğalgaz,Boş,,Kat İrtifakı,Hayır,,1,,,,,,,,Genel Fiyat,586,15,20.000TL, Sancaktepe - Yenidoğan Mahallesi,https://www.emlakjet.com//ilan/tercihen-esyali-esyasiz-genis-11-arakat-kiralik-kod-2047-17068725/,,,,,,
794,17068684,25 Mart 2025,25 Mart 2025,Konut,Kiralık,Daire,115 m²,135 m²,3+1,21 Ve Üzeri,3.Kat,4,Kombi Doğalgaz,Boş,,Kat Mülkiyeti,Evet,,1,,,,,,,,Genel Fiyat,,,27.000TL, Başakşehir - Başak Mahallesi,https://www.emlakjet.com//ilan/deprem-konutlari-ara-kat-kiralik-daire-17068684/,,,Boş,Yok,,
795,17068660,24 Mart 2025,02 Nisan 2025,Konut,Kiralık,Daire,80 m²,90 m²,2+1,11-15,2.Kat,5,Kombi Doğalgaz,Boş,,Kat Mülkiyeti,Hayır,17000 TL,1,,Var,2,Kapalı Balkon,,,,Genel Fiyat,4528,1,17.000TL, Arnavutköy - Karlıbayır Mahallesi,https://www.emlakjet.com//ilan/arnavutkoy-karlibayir-mah-bayrak-cad-kiralik-daire-17068660/,İkinci El,Betonarme,Boş,,Hayır,
796,17068558,24 Mart 2025,24 Mart 2025,Konut,Kiralık,Daire,53 m²,65 m²,1+1,5-10,5.Kat,11,Merkezi (Pay Ölçer),Boş,,Kat Mülkiyeti,Evet,,1,,,,,,,,Genel Fiyat,,,22.000TL, Sultanbeyli - Adil Mahallesi,https://www.emlakjet.com//ilan/liva-satis-ofisi-remax-prof-sezai-topkaya-kiralik-11-golet-mnz-17068558/,,,Boş,Yok,,
797,17068553,24 Mart 2025,25 Mart 2025,Konut,Kiralık,Daire,85 m²,100 m²,3+1,21 Ve Üzeri,7.Kat,8,Merkezi Doğalgaz,Boş,,Kat Mülkiyeti,Evet,,1,,,,,,,,Genel Fiyat,,,25.000TL, Pendik - Yenişehir Mahallesi,https://www.emlakjet.com//ilan/grand-yenisehir-31-seckin-evler-sitesinde-kiralik-daire-17068553/,,,Boş,Yok,,
798,17068499,24 Mart 2025,25 Mart 2025,Konut,Kiralık,Daire,120 m²,135 m²,3+1,11-15,13.Kat,14,Merkezi (Pay Ölçer),Boş,,Kat Mülkiyeti,Evet,,2,,,,,,,,Genel Fiyat,,,35.000TL, Başakşehir - Ziya Gökalp Mahallesi,https://www.emlakjet.com//ilan/basaksehir-kiptas-masko-evleri-31-kiralik-daire-17068499/,,,Boş,Yok,,
799,17068474,24 Mart 2025,24 Mart 2025,Konut,Kiralık,Daire,75 m²,80 m²,1 Oda,21 Ve Üzeri,Bodrum Kat,7,Isıtma Yok,Boş,,Arsa Tapulu,Hayır,7500 TL,1,,Var,,,,,,Genel Fiyat,204,11,7.000TL, Küçükçekmece - Mehmet Akif Mahallesi,https://www.emlakjet.com//ilan/ikitelli-mehmet-akifte-kiralik-21-bahce-kat-17068474/,İkinci El,Betonarme,Eşyalı,Yok,,
800,17068339,24 Mart 2025,24 Mart 2025,Konut,Kiralık,Daire,43 m²,56 m²,1+1,11-15,9.Kat,9,Merkezi (Pay Ölçer),Boş,,Kat Mülkiyeti,Evet,,1,,,,,,,,Genel Fiyat,3991,2,25.000TL, Pendik - Yenişehir Mahallesi,https://www.emlakjet.com//ilan/kurtkoy-yenisehir-pegasus-netas-havaalanina-yakinfull-esyali-11-17068339/,,,,,,
801,17068232,24 Mart 2025,24 Mart 2025,Konut,Kiralık,Daire,75 m²,95 m²,2+1,0 (Yeni),1.Kat,4,Kombi Doğalgaz,Boş,,Arsa Tapulu,Hayır,,2,,,,,,,,Genel Fiyat,8847,25,21.000TL, Sultanbeyli - Mimar Sinan Mahallesi,https://www.emlakjet.com//ilan/sultanbeyli-mimar-sinan-mh-21-kiralik-daire-17068232/,,,,,,
802,17068150,24 Mart 2025,24 Mart 2025,Konut,Kiralık,Daire,80 m²,125 m²,2+1,5-10,10.Kat,24,Merkezi (Pay Ölçer),Boş,,Bilinmiyor,Hayır,,1,,,,,,,,Genel Fiyat,,,45.000TL, Gaziosmanpaşa - Karadeniz Mahallesi,https://www.emlakjet.com//ilan/i23-den-viaport-veneziada-tadilatli-hemen-oturuma-hazir-full-esyali-21-17068150/,İkinci El,Betonarme,Eşyalı,Yok,,
803,17068145,24 Mart 2025,04 Nisan 2025,Konut,Kiralık,Daire,120 m²,130 m²,3+1,3,2.Kat,3,Kombi Doğalgaz,Boş,150 TL,Kat Mülkiyeti,Hayır,27000 TL,1,15 m²,Var,1,Açık Balkon,10 m²,1,15 m²,Genel Fiyat,,15578,26.000TL, Avcılar - Cihangir Mahallesi,https://www.emlakjet.com//ilan/cihangir-de-31-yeni-bina-120m2-otoparkli-asansorlu-kiralik-lux-daire-17068145/,Sıfır,Betonarme,Boş,Yok,Hayır,35 m²
804,17068121,24 Mart 2025,01 Nisan 2025,Konut,Kiralık,Daire,80 m²,85 m²,1+1,16-20,Yüksek Giriş,3,Kombi Doğalgaz,Boş,,Yabancıdan,Hayır,,1,,Yok,,,,,,Genel Fiyat,,,12.000TL, Beylikdüzü - Kavaklı Mahallesi,https://www.emlakjet.com//ilan/kavakli-da-genis-ferah-kiralik-11-daire-17068121/,,,Boş,,,
805,17068060,24 Mart 2025,25 Mart 2025,Konut,Kiralık,Daire,90 m²,100 m²,2+1,1,3.Kat,4,Merkezi (Pay Ölçer),Kiracı Oturuyor,,Tapu Kaydı Yok,Evet,,2,,,,,,,,Genel Fiyat,,,40.000TL, Küçükçekmece - Halkalı Merkez Mahallesi,https://www.emlakjet.com//ilan/halkali-emlak-konut-bizim-mahalle-kiralik-daire-ful-peyzaj-man-17068060/,,,Boş,Yok,,
806,17068056,24 Mart 2025,04 Nisan 2025,Konut,Kiralık,Daire,95 m²,100 m²,2+1,21 Ve Üzeri,2.Kat,5,Kombi Doğalgaz,Boş,,Kooperatiften Tapu,Hayır,20000 TL,1,,Var,,,,,,Genel Fiyat,,,20.000TL, Sultangazi - Sultançiftliği Mahallesi,https://www.emlakjet.com//ilan/sultanciftligi-mahallesi-21-100-m2-kat-2-ordu-caddesi-uzeri-tramvaya-yakin-kiralik-daire-17068056/,,,,,,
807,17067914,24 Mart 2025,04 Nisan 2025,Konut,Kiralık,Daire,155 m²,170 m²,4+2,5-10,3.Kat,4,Kombi Doğalgaz,Boş,200 TL,Kat İrtifakı,Hayır,20000 TL,2,,Var,2,Açık Balkon,,2,,Genel Fiyat,4671,18,20.000TL, Arnavutköy - Yunus Emre Mahallesi,https://www.emlakjet.com//ilan/arnavutkoy-yunus-emre-mah-kiralik-42-cati-dubleks-daire-17067914/,İkinci El,Betonarme,Boş,,Hayır,
808,17067859,24 Mart 2025,28 Mart 2025,Konut,Kiralık,Daire,70 m²,80 m²,2+1,5-10,Yüksek Giriş,4,Kombi Doğalgaz,Boş,150 TL,Kat İrtifakı,Hayır,14000 TL,1,,Yok,,,,1,,Genel Fiyat,4823,28,14.000TL, Arnavutköy - Yunus Emre Mahallesi,https://www.emlakjet.com//ilan/arnavutkoy-yunus-emre-mah-kiralik-21-yuksek-giris-daire-17067859/,İkinci El,Betonarme,Boş,,Hayır,
809,17067846,24 Mart 2025,24 Mart 2025,Konut,Kiralık,Daire,70 m²,72 m²,1+1,11-15,Yüksek Giriş,4,Kombi Doğalgaz,Boş,,Kat Mülkiyeti,Hayır,15000 TL,1,,Var,1,,,1,,Genel Fiyat,,14811,15.000TL, Avcılar - Ambarlı Mahallesi,https://www.emlakjet.com//ilan/avcilar-adres-gayrimenkul-kiralik-daire-11-17067846/,İkinci El,Betonarme,Boş,Yok,Hayır,
810,17067746,24 Mart 2025,25 Mart 2025,Konut,Kiralık,Daire,120 m²,130 m²,3+1,21 Ve Üzeri,7.Kat,9,Kombi Doğalgaz,Boş,,Kat Mülkiyeti,Evet,,2,,,,,,,,Genel Fiyat,,,55.000TL, Maltepe - Altayçeşme Mahallesi,https://www.emlakjet.com//ilan/maltepe-altaycesme-konutlarinda-kiralik-31-daire-17067746/,,,Boş,Yok,,
811,17067603,24 Mart 2025,04 Nisan 2025,Konut,Kiralık,Daire,75 m²,80 m²,1+1,3,Düz Giriş (Zemin),5,Kombi Doğalgaz,Boş,,Tapu Kaydı Yok,Evet,,1,,,,,,,,Genel Fiyat,,,18.000TL, Bahçelievler - Şirinevler Mahallesi,https://www.emlakjet.com//ilan/s-evler-merkezde-metro-metrobuse-7dk-yeni-binada-11-75m2-lux-duzgiris-17067603/,,,,,,
812,17067518,24 Mart 2025,24 Mart 2025,Konut,Kiralık,Daire,75 m²,80 m²,2+1,5-10,Düz Giriş (Zemin),5,Kombi Doğalgaz,Boş,,Bilinmiyor,Hayır,,1,,,,,,,,Genel Fiyat,,,24.000TL, Kağıthane - Yeşilce Mahallesi,https://www.emlakjet.com//ilan/sanayi-metrosuna-yurume-mesafesinde-esyali-kiralik-daire-17067518/,,,Eşyalı,Yok,,
813,17067515,24 Mart 2025,24 Mart 2025,Konut,Kiralık,Daire,50 m²,60 m²,1+1,5-10,4.Kat,10,Kombi Doğalgaz,Boş,,Bilinmiyor,Hayır,,1,,,,,,,,Genel Fiyat,,,19.000TL, Kağıthane - Seyrantepe Mahallesi,https://www.emlakjet.com//ilan/seyrantepe-metrosuna-ve-toplu-ulasima-yurume-mesafesinde-17067515/,İkinci El,Betonarme,,Yok,,
814,17067401,24 Mart 2025,25 Mart 2025,Konut,Kiralık,Daire,80 m²,85 m²,2+1,4,Düz Giriş (Zemin),4,Kombi Doğalgaz,Boş,,Kat Mülkiyeti,Hayır,,1,,,,,,,,Genel Fiyat,,,40.000TL, Bahçelievler - Bahçelievler Mahallesi,https://www.emlakjet.com//ilan/kibrisparki-yakini-yenibinada-21-80m-kiralik-sik-daire-17067401/,,,Boş,Yok,,
815,17067348,24 Mart 2025,04 Nisan 2025,Konut,Kiralık,Daire,75 m²,85 m²,2+1,0 (Yeni),3.Kat,4,Kombi Doğalgaz,Boş,,Kat İrtifakı,Hayır,16000 TL,1,,Var,1,Kapalı Balkon,,1,,Genel Fiyat,4706,9,16.000TL, Arnavutköy - Yunus Emre Mahallesi,https://www.emlakjet.com//ilan/arnavutkoy-yunus-emre-mah-kiralik-21-ara-kat-daire-17067348/,Sıfır,Betonarme,Boş,Var,,
816,17067255,24 Mart 2025,24 Mart 2025,Konut,Kiralık,Daire,75 m²,85 m²,2+1,11-15,2.Kat,5,Kombi Doğalgaz,Boş,,Tapu Kaydı Yok,Hayır,,1,,,,,,,,Genel Fiyat,,,18.500TL, Eyüpsultan - Emniyettepe Mahallesi,https://www.emlakjet.com//ilan/eyupsultan-emniyettepe-kiralik-21-2-kat-balkonlu-temiz-daire-17067255/,,,,,,
817,17067245,24 Mart 2025,04 Nisan 2025,Konut,Kiralık,Daire,80 m²,90 m²,2+1,21 Ve Üzeri,Müstakil,1,Kombi Doğalgaz,Boş,,Tapu Kaydı Yok,Hayır,,1,,,,,,,,Genel Fiyat,,,19.000TL, Beykoz - Rüzgarlıbahçe Mahallesi,https://www.emlakjet.com//ilan/kavacik-r-bahcede-80-m-21-mustakil-ev-17067245/,,,,,,
818,17067241,24 Mart 2025,24 Mart 2025,Konut,Kiralık,Daire,90 m²,100 m²,2+1,21 Ve Üzeri,3.Kat,3,Kombi Doğalgaz,Boş,,Hisseli Tapu,Hayır,,1,,,,,,,,Genel Fiyat,,6145,18.000TL, Küçükçekmece - Cumhuriyet Mahallesi,https://www.emlakjet.com//ilan/baris-tan-ici-yeni-yenilenms-manzarali-teras-daire-17067241/,,,,,,
819,17067201,24 Mart 2025,03 Nisan 2025,Konut,Kiralık,Daire,90 m²,100 m²,2+1,21 Ve Üzeri,1.Kat,3,Kombi Doğalgaz,Boş,,Arsa Tapulu,Hayır,,1,,,,,,1,,Genel Fiyat,,,21.000TL, Bağcılar - Merkez Mahallesi,https://www.emlakjet.com//ilan/gunesli-baglar-mahallesi-kiralik-21-daire-17067201/,İkinci El,,Boş,Yok,,
820,17067163,24 Mart 2025,26 Mart 2025,Konut,Kiralık,Daire,75 m²,78 m²,1+1,4,20.Kat,23,Merkezi Doğalgaz,Boş,,Kat Mülkiyeti,Hayır,,1,,,,,,,,Genel Fiyat,2292,5,12.000TL, Esenyurt - Akevler Mahallesi,https://www.emlakjet.com//ilan/esenyurt-akevler-mh-kiralik-daire-site-icerisin-de-11-17067163/,,,,,,
821,17067151,24 Mart 2025,04 Nisan 2025,Konut,Kiralık,Daire,80 m²,90 m²,2+1,21 Ve Üzeri,3.Kat,4,Kombi Doğalgaz,Boş,,Hisseli Tapu,Hayır,14000 TL,1,4 m²,Var,1,Kapalı Balkon,4 m²,1,6 m²,Genel Fiyat,,2991,14.000TL, Arnavutköy - Nenehatun Mahallesi,https://www.emlakjet.com//ilan/arnavutkoy-nenehatun-mah-kiralik-21-ara-kat-daire-17067151/,İkinci El,Betonarme,Boş,Yok,Hayır,20 m²
822,17067104,24 Mart 2025,24 Mart 2025,Konut,Kiralık,Daire,54 m²,70 m²,2+1,21 Ve Üzeri,Kot 1 (-1).Kat,3,Kombi Doğalgaz,Boş,150 TL,Kat İrtifakı,Hayır,22000 TL,1,4 m²,Yok,,,,1,,Genel Fiyat,998,27,22.000TL, Eyüpsultan - Düğmeciler Mahallesi,https://www.emlakjet.com//ilan/eyupsultan-galip-ozger-caddesi-nde-kiralik-esyali-21-daire-17067104/,İkinci El,Betonarme,Eşyalı,Yok,Hayır,24 m²
823,17067093,24 Mart 2025,02 Nisan 2025,Konut,Kiralık,Daire,120 m²,188 m²,3+1,1,24.Kat,30,Merkezi (Pay Ölçer),Boş,,Kat Mülkiyeti,Evet,,2,,,,,,,,Genel Fiyat,10622,2,100.000TL, Sarıyer - Maslak Mahallesi,https://www.emlakjet.com//ilan/agoglu-maslak-1453-te-31-kiralik-daire-17067093/,,,Boş,Yok,,
824,17067078,24 Mart 2025,04 Nisan 2025,Konut,Kiralık,Daire,125 m²,130 m²,3+1,21 Ve Üzeri,2.Kat,3,Kombi Doğalgaz,Boş,,Kat Mülkiyeti,Hayır,,1,,Var,2,,,2,,Genel Fiyat,1060,4,21.000TL, Bağcılar - Fevzi Çakmak Mahallesi,https://www.emlakjet.com//ilan/bagcilar-fevzi-cakmak-kiralik-31-daire-17067078/,,,,,,
825,17067078,24 Mart 2025,04 Nisan 2025,Konut,Kiralık,Daire,125 m²,130 m²,3+1,21 Ve Üzeri,2.Kat,3,Kombi Doğalgaz,Boş,,Kat Mülkiyeti,Hayır,,1,,Var,2,,,2,,Genel Fiyat,1060,4,21.000TL, Bağcılar - Fevzi Çakmak Mahallesi,https://www.emlakjet.com//ilan/bagcilar-fevzi-cakmak-kiralik-31-daire-17067078/,,,,,,
826,17066964,24 Mart 2025,04 Nisan 2025,Konut,Kiralık,Daire,145 m²,150 m²,3+1,21 Ve Üzeri,3.Kat,3,Kombi Doğalgaz,Boş,,Tapu Kaydı Yok,Hayır,50000 TL,2,,Var,1,Açık Balkon,,2,,Genel Fiyat,,,50.000TL, Sarıyer - Tarabya Mahallesi,https://www.emlakjet.com//ilan/sariyer-tarabyada-esyali-manzarali-31-kiralik-daire-17066964/,İkinci El,Betonarme,Eşyalı,Yok,Hayır,
827,17066913,24 Mart 2025,04 Nisan 2025,Konut,Kiralık,Daire,70 m²,85 m²,1+1,5-10,5.Kat,18,Kombi Doğalgaz,Boş,,Kat Mülkiyeti,Hayır,,1,,,,,,,,Genel Fiyat,1022,6,14.500TL, Esenyurt - Barbaros Hayrettin Paşa Mahallesi,https://www.emlakjet.com//ilan/sima-yapi-da-metrobuse-10-dk-site-ici-11-genis-m2-kiralik-daire-17066913/,,,,,,
828,17066762,24 Mart 2025,04 Nisan 2025,Konut,Kiralık,Daire,35 m²,45 m²,Stüdyo,5-10,1.Kat,14,Merkezi (Pay Ölçer),Boş,,Kat İrtifakı,Evet,,1,,,,,,,,Genel Fiyat,2039,28,9.500TL, Esenyurt - Talatpaşa Mahallesi,https://www.emlakjet.com//ilan/merkezi-konumda-acunkent-sitesinde-10-kiralik-daire-17066762/,,,,,,
829,17066671,24 Mart 2025,24 Mart 2025,Konut,Kiralık,Daire,135 m²,145 m²,3+1,5-10,Çatı Dubleks,3,Kombi Doğalgaz,Boş,350 TL,Kat Mülkiyeti,Hayır,35000 TL,2,,,,,,,,Genel Fiyat,,12715,35.000TL, Kağıthane - Mehmet Akif Ersoy Mahallesi,https://www.emlakjet.com//ilan/iletisim-den-kiralik-asansorlu-dubleks-daire-17066671/,,,,,,
830,17066394,24 Mart 2025,02 Nisan 2025,Konut,Kiralık,Daire,95 m²,100 m²,2+1,16-20,3.Kat,5,Kombi Doğalgaz,Boş,100 TL,Kat Mülkiyeti,Hayır,21000 TL,1,,Var,,,,1,,Genel Fiyat,10103,6964,21.000TL, Gaziosmanpaşa - Yeni Mahalle Mahallesi,https://www.emlakjet.com//ilan/gaziosmanpasa-kucukkoy-merkez-de-kiralik-daire-3-kat-21-100-m2-17066394/,İkinci El,Betonarme,Boş,Yok,Evet,
831,17066355,24 Mart 2025,24 Mart 2025,Konut,Kiralık,Daire,210 m²,220 m²,4+1,21 Ve Üzeri,3.Kat,7,Kombi Doğalgaz,Boş,,Kat Mülkiyeti,Hayır,240000 TL,2,,,,,,,,Genel Fiyat,,,120.000TL, Şişli - Teşvikiye Mahallesi,https://www.emlakjet.com//ilan/tesvikiyede-kiralik-41-daire-17066355/,İkinci El,Betonarme,,Yok,,
832,17066353,24 Mart 2025,28 Mart 2025,Konut,Kiralık,Daire,90 m²,100 m²,2+1,21 Ve Üzeri,5.Kat,5,Kombi Doğalgaz,Boş,,Tapu Kaydı Yok,Hayır,20000 TL,1,,,,,,,,Genel Fiyat,,,16.500TL, Beyoğlu - Kaptanpaşa Mahallesi,https://www.emlakjet.com//ilan/beyoglu-kaptanpasa-yay-meydani-21-daire-17066353/,İkinci El,Betonarme,,Yok,,
833,17066200,24 Mart 2025,24 Mart 2025,Konut,Kiralık,Daire,70 m²,80 m²,2+1,0 (Yeni),Bahçe Katı,4,Kombi Doğalgaz,Boş,,Kat Mülkiyeti,Hayır,,1,,,,,,,,Genel Fiyat,,,14.000TL, Başakşehir - Altınşehir Mahallesi,https://www.emlakjet.com//ilan/basaksehir-guvercintepede-bahceli-bahce-kati-21daire-17066200/,,,Boş,Yok,,
834,17066196,24 Mart 2025,24 Mart 2025,Konut,Kiralık,Daire,85 m²,90 m²,2+1,0 (Yeni),1.Kat,4,Kombi Doğalgaz,Boş,,Kat Mülkiyeti,Hayır,,1,,,,,,,,Genel Fiyat,,,15.000TL, Başakşehir - Altınşehir Mahallesi,https://www.emlakjet.com//ilan/basaksehir-altinsehirde-kiralik-daire-guler-yapi-17066196/,,,Boş,Yok,,
835,17066175,24 Mart 2025,24 Mart 2025,Konut,Kiralık,Daire,105 m²,110 m²,3+1,21 Ve Üzeri,3.Kat,6,Kombi Doğalgaz,Boş,,Arsa Tapulu,Hayır,17000 TL,1,,,,,,,,Genel Fiyat,,3499,17.000TL, Bahçelievler - Şirinevler Mahallesi,https://www.emlakjet.com//ilan/sirinevler-meydan-da-31-kiralik-daire-17066175/,,,,,,
836,17066148,24 Mart 2025,24 Mart 2025,Konut,Kiralık,Daire,130 m²,150 m²,3+1,21 Ve Üzeri,5.Kat,5,Kombi Doğalgaz,Boş,,Kat Mülkiyeti,Hayır,,1,,,,,,,,Genel Fiyat,,,25.000TL, Avcılar - Merkez Mahallesi,https://www.emlakjet.com//ilan/avcilar-merkez-mahallesinde-yuruyus-yolunda-kiralik-daire-17066148/,,,Boş,Yok,,
837,17066104,24 Mart 2025,24 Mart 2025,Konut,Kiralık,Daire,65 m²,75 m²,2+1,5-10,Bahçe Katı,4,Kombi Doğalgaz,Boş,,Kat Mülkiyeti,Hayır,,1,,,,,,,,Genel Fiyat,,1089,17.500TL, Ümraniye - Altınşehir Mahallesi,https://www.emlakjet.com//ilan/engin-emlak-tan-altinsehir-metrosuna-yakin-21-bahce-kat-17066104/,,,,,,
838,17066091,24 Mart 2025,24 Mart 2025,Konut,Kiralık,Daire,46 m²,71 m²,1+1,2,10.Kat,15,Merkezi Doğalgaz,Boş,,Kat Mülkiyeti,Evet,,1,,,,,,,,Genel Fiyat,16773,2,43.000TL, Maltepe - Çınar Mahallesi,https://www.emlakjet.com//ilan/nidapark-kucukyali-sedef-etabinda-kiralik-balkonlu-11-daire-17066091/,,,,,,
839,17065840,24 Mart 2025,24 Mart 2025,Konut,Kiralık,Daire,110 m²,120 m²,3+1,5-10,8.Kat,12,Merkezi (Pay Ölçer),Boş,,Yabancıdan,Evet,,1,,Var,1,Açık Balkon,,,,Genel Fiyat,,,25.000TL, Arnavutköy - Deliklikaya Mahallesi,https://www.emlakjet.com//ilan/soyak-konforia-buyuk-tip-31-17065840/,,,,,,
840,17065766,24 Mart 2025,24 Mart 2025,Konut,Kiralık,Daire,50 m²,60 m²,1+1,21 Ve Üzeri,Bodrum Kat,5,Kombi Doğalgaz,Boş,,Kat Mülkiyeti,Hayır,,1,,,,,,,,Genel Fiyat,,,13.000TL, Beyoğlu - Yenişehir Mahallesi,https://www.emlakjet.com//ilan/diyar-gayrimenkul-11-kiralik-kurtulus-son-durak-yani-17065766/,,,Boş,Yok,,
841,17065579,24 Mart 2025,24 Mart 2025,Konut,Kiralık,Daire,80 m²,85 m²,2+1,21 Ve Üzeri,1.Kat,5,Kombi Doğalgaz,Boş,100 TL,Kat Mülkiyeti,Hayır,17000 TL,1,,Yok,,,,,,Genel Fiyat,1110,43,17.000TL, Fatih - Aksaray Mahallesi,https://www.emlakjet.com//ilan/cerrahpasa-da-21-kombili-80m2-kiralik-daire-17065579/,,,,,,
842,17065544,24 Mart 2025,24 Mart 2025,Konut,Kiralık,Daire,70 m²,75 m²,2+1,21 Ve Üzeri,Bodrum Kat,5,Kombi Doğalgaz,Boş,100 TL,Kat Mülkiyeti,Hayır,12000 TL,1,,Yok,,,,,,Genel Fiyat,1329,37,12.000TL, Fatih - Silivrikapı Mahallesi,https://www.emlakjet.com//ilan/kocamustafapasa-silivrikapi-da-21-kombili-75m2-kiralik-daire-17065544/,,,,,,
843,17065477,24 Mart 2025,24 Mart 2025,Konut,Kiralık,Daire,120 m²,155 m²,2+1,0 (Yeni),1.Kat,3,Yerden Isıtma,Boş,,Yabancıdan,Evet,,2,,,,,,,,Genel Fiyat,,,50.000TL, Başakşehir - Bahçeşehir 2. Kısım Mahallesi,https://www.emlakjet.com//ilan/emlak-konut-vadievleri-buyuk-bahceli-terasli-21-17065477/,,,,,,
844,17065466,24 Mart 2025,24 Mart 2025,Konut,Kiralık,Daire,95 m²,100 m²,2+1,16-20,2.Kat,4,Kombi Doğalgaz,Boş,,Tapu Kaydı Yok,Hayır,30000 TL,1,,Var,1,Açık Balkon,,,,Genel Fiyat,,,30.000TL, Sarıyer - Sarıyer Merkez Mahallesi,https://www.emlakjet.com//ilan/sariyer-merkezde-kiralik-daire-17065466/,,,,,,
845,17065409,24 Mart 2025,24 Mart 2025,Konut,Kiralık,Daire,90 m²,95 m²,2+1,21 Ve Üzeri,1.Kat,5,Kombi Doğalgaz,Boş,,Bilinmiyor,Hayır,,1,,,,,,,,Genel Fiyat,,,16.000TL, Kağıthane - Harmantepe Mahallesi,https://www.emlakjet.com//ilan/kagithane-harmantepe-mah-21-balkonlu-kiralik-daire-17065409/,İkinci El,Betonarme,,Yok,,
846,17065074,24 Mart 2025,24 Mart 2025,Konut,Kiralık,Daire,100 m²,110 m²,2+1,21 Ve Üzeri,6.Kat,8,Kombi Doğalgaz,Kiracı Oturuyor,250 TL,Tapu Kaydı Yok,Hayır,30000 TL,1,10 m²,Var,1,Kapalı Balkon,4 m²,1,10 m²,Genel Fiyat,,,28.000TL, Şişli - Eskişehir Mahallesi,https://www.emlakjet.com//ilan/kurtulusta-genis-onu-acik-sehir-manzarali-21-daire-17065074/,İkinci El,Betonarme,Boş,Yok,Hayır,20 m²
847,17065070,24 Mart 2025,24 Mart 2025,Konut,Kiralık,Daire,90 m²,100 m²,2+1,5-10,9.Kat,13,Kombi Doğalgaz,Boş,2300 TL,Kat Mülkiyeti,Evet,22000 TL,1,,Var,2,"Açık Balkon, Kapalı Balkon",,1,,Genel Fiyat,738,5,22.000TL, Esenyurt - Mevlana Mahallesi,https://www.emlakjet.com//ilan/guzelyurt-residence-21-kiralik-daire-17065070/,İkinci El,,Boş,,,
848,17065042,24 Mart 2025,04 Nisan 2025,Konut,Kiralık,Daire,90 m²,100 m²,2+1,21 Ve Üzeri,2.Kat,4,Kombi Doğalgaz,Boş,100 TL,Kat İrtifakı,Evet,20000 TL,1,,Var,,,,,,Genel Fiyat,,,18.500TL, Bağcılar - Kirazlı Mahallesi,https://www.emlakjet.com//ilan/kirazlida-sitede-21-kiralik-daire-metroya-yakin-ve-pazarlik-var-17065042/,,,,,,
849,17065038,24 Mart 2025,24 Mart 2025,Konut,Kiralık,Daire,90 m²,152 m²,2+1,0 (Yeni),Bahçe Katı,2,Yerden Isıtma,Boş,,Yabancıdan,Evet,,2,,Var,1,Açık Balkon,,,,Genel Fiyat,,,45.000TL, Başakşehir - Bahçeşehir 2. Kısım Mahallesi,https://www.emlakjet.com//ilan/emlak-konutvadi-evleri-1-etap-bahceli-balkonlu-21-17065038/,,,,,,
850,17065033,24 Mart 2025,27 Mart 2025,Konut,Kiralık,Daire,110 m²,120 m²,3+1,21 Ve Üzeri,2.Kat,5,Kombi Doğalgaz,Boş,,Yabancıdan,Hayır,,1,,Var,,,,,,Genel Fiyat,,,23.500TL, Küçükçekmece - Kartaltepe Mahallesi,https://www.emlakjet.com//ilan/seba-dan-emlak-tan-sefakoy-merkezde-31-120m2-2-kat-kiralik-daire-17065033/,,,,,Evet,
851,17064724,24 Mart 2025,24 Mart 2025,Konut,Kiralık,Daire,80 m²,95 m²,3+1,0 (Yeni),1.Kat,5,Kombi Doğalgaz,Boş,,Kat İrtifakı,Hayır,24000 TL,2,,Var,2,Açık Balkon,,,,Birim Fiyat,8307,12,24.000TL, Sultanbeyli - Fatih Mahallesi,https://www.emlakjet.com//ilan/fatih-mahallesinde-31-ebeveyn-banyolu-kiralik-daire-17064724/,Sıfır,,Boş,,,
852,17064616,24 Mart 2025,02 Nisan 2025,Konut,Kiralık,Daire,110 m²,120 m²,2+1,21 Ve Üzeri,Bahçe Katı,4,Kombi Doğalgaz,Boş,,Kat İrtifakı,Hayır,15500 TL,1,,Var,1,Açık Balkon,,1,,Birim Fiyat,null,19991,15.500TL, Avcılar - Merkez Mahallesi,https://www.emlakjet.com//ilan/uzemar-dan-avcilar-merkez-mh-kiralik-daire-17064616/,İkinci El,Betonarme,Boş,Yok,Evet,
853,17064603,24 Mart 2025,24 Mart 2025,Konut,Kiralık,Daire,90 m²,152 m²,2+1,0 (Yeni),2.Kat,3,Yerden Isıtma,Boş,,Yabancıdan,Hayır,,2,,Var,1,,,,,Genel Fiyat,,,55.000TL, Başakşehir - Bahçeşehir 2. Kısım Mahallesi,https://www.emlakjet.com//ilan/vadi-evleri-onu-acik-21-sifir-daire-17064603/,,,,,,
854,17064557,24 Mart 2025,24 Mart 2025,Konut,Kiralık,Daire,65 m²,70 m²,1+1,11-15,5.Kat,12,Kombi Doğalgaz,Boş,1200 TL,Kat Mülkiyeti,Evet,20000 TL,1,,Yok,,,,1,,Genel Fiyat,1724,1,17.500TL, Esenyurt - Turgut Özal Mahallesi,https://www.emlakjet.com//ilan/metrobus-ve-avm-dibi-kiralik-daire-17064557/,,,,,,
855,17064454,24 Mart 2025,25 Mart 2025,Konut,Kiralık,Daire,50 m²,75 m²,1+1,5-10,9.Kat,22,Merkezi (Pay Ölçer),Boş,,Kat Mülkiyeti,Hayır,,1,,,,,,,,Genel Fiyat,,,42.000TL, Kadıköy - Dumlupınar Mahallesi,https://www.emlakjet.com//ilan/saglam-dan-nuhoglun-da-11-kiralik-daire-yillik-pesin-17064454/,,,Eşyalı,Yok,,
856,17064428,24 Mart 2025,24 Mart 2025,Konut,Kiralık,Daire,75 m²,90 m²,2+1,11-15,3.Kat,10,Kombi Doğalgaz,Boş,1000 TL,Kat Mülkiyeti,Hayır,,2,,,,,,,,Genel Fiyat,404,18,33.000TL, Ümraniye - Tatlısu Mahallesi,https://www.emlakjet.com//ilan/serifali-lavella-14-sitesinde-arakat-firsat-21-kiralik-daire-17064428/,,,,,,
857,17064300,24 Mart 2025,24 Mart 2025,Konut,Kiralık,Daire,80 m²,85 m²,2+1,21 Ve Üzeri,Kot 1 (-1).Kat,5,Kombi Doğalgaz,Boş,100 TL,Bilinmiyor,Hayır,,1,,,,,,,,Genel Fiyat,,,15.500TL, Üsküdar - Zeynep Kamil Mahallesi,https://www.emlakjet.com//ilan/zeynepkamil-hastane-yakininda-21-kombili-kiralik-daire-17064300/,İkinci El,Betonarme,,Yok,,
858,17064296,24 Mart 2025,24 Mart 2025,Konut,Kiralık,Daire,65 m²,70 m²,1+1,21 Ve Üzeri,4.Kat,5,Kombi Doğalgaz,Boş,150 TL,Bilinmiyor,Hayır,,1,,,,,,,,Genel Fiyat,,,24.500TL, Üsküdar - Zeynep Kamil Mahallesi,https://www.emlakjet.com//ilan/uskudar-zeynepkamil-ara-kat-11-kombili-kiralik-daire-17064296/,İkinci El,Betonarme,,Yok,,
859,17064295,24 Mart 2025,24 Mart 2025,Konut,Kiralık,Daire,75 m²,85 m²,2+1,21 Ve Üzeri,4.Kat,4,Kombi Doğalgaz,Boş,100 TL,Bilinmiyor,Hayır,,1,,,,,,,,Genel Fiyat,,,23.000TL, Üsküdar - Zeynep Kamil Mahallesi,https://www.emlakjet.com//ilan/zeynepkamilhastane-yakininda-cift-cephe-ferah-21-kiralik-daire-17064295/,İkinci El,Betonarme,Eşyalı,Yok,,
860,17064269,24 Mart 2025,24 Mart 2025,Konut,Kiralık,Daire,110 m²,115 m²,3+1,21 Ve Üzeri,Çatı Katı,3,Kombi Doğalgaz,Boş,1 TL,Bilinmiyor,Hayır,,1,,,,,,,,Genel Fiyat,,,20.000TL, Beykoz - Akbaba Mahallesi,https://www.emlakjet.com//ilan/beykoz-akbaba-da-kiralik-31-daire-huzurlu-ve-sakin-yasam-17064269/,İkinci El,,,Yok,,
861,17064268,24 Mart 2025,24 Mart 2025,Konut,Kiralık,Daire,60 m²,80 m²,4+1,11-15,Düz Giriş (Zemin),2,Kombi Doğalgaz,Boş,1 TL,Bilinmiyor,Hayır,,1,,,,,,,,Genel Fiyat,,,16.900TL, Beykoz - İncirköy Mahallesi,https://www.emlakjet.com//ilan/beykoz-incirkoy-de-11-kiralik-daire-17064268/,İkinci El,Betonarme,,Yok,,
862,17064266,24 Mart 2025,24 Mart 2025,Konut,Kiralık,Daire,70 m²,80 m²,2+1,21 Ve Üzeri,Yüksek Giriş,4,Kombi Doğalgaz,Boş,1 TL,Bilinmiyor,Hayır,,1,,,,,,,,Genel Fiyat,,,16.000TL, Beykoz - Akbaba Mahallesi,https://www.emlakjet.com//ilan/beykoz-akbaba-da-kiralik-21-daire-doga-ile-ic-ice-sakin-yasam-17064266/,İkinci El,Betonarme,,Yok,,
863,17064152,24 Mart 2025,24 Mart 2025,Konut,Kiralık,Daire,70 m²,75 m²,2+1,11-15,Kot 1 (-1).Kat,6,Kombi Doğalgaz,Boş,300 TL,Kat Mülkiyeti,Hayır,,1,,Yok,,,,,,Birim Fiyat,448,25,18.000TL, Beylikdüzü - Yakuplu Mahallesi,https://www.emlakjet.com//ilan/metrobuse-10-dk-17064152/,,,Boş,,,
864,17063937,24 Mart 2025,24 Mart 2025,Konut,Kiralık,Daire,85 m²,95 m²,2+1,5-10,6.Kat,15,Merkezi (Pay Ölçer),Boş,,Kat Mülkiyeti,Evet,,1,,,,,,,,Genel Fiyat,,,20.500TL, Esenyurt - Yunus Emre Mahallesi,https://www.emlakjet.com//ilan/esenyurt-kiptas-5-etap-kiralik-21-daire-temiz-ic-peyzaja-bakiyo-17063937/,,,Boş,Yok,,
865,17063840,24 Mart 2025,24 Mart 2025,Konut,Kiralık,Daire,100 m²,110 m²,3+1,21 Ve Üzeri,2.Kat,3,Doğalgaz Sobalı,Boş,,Hisseli Tapu,Hayır,,1,,,,,,,,Genel Fiyat,,,18.000TL, Bayrampaşa - Cevatpaşa Mahallesi,https://www.emlakjet.com//ilan/cevatpasada-31-kiralik-2-kat-daire-17063840/,,,Boş,Yok,,
866,17063804,24 Mart 2025,24 Mart 2025,Konut,Kiralık,Daire,75 m²,80 m²,2+1,5-10,3.Kat,4,Kombi Doğalgaz,Boş,,Kat Mülkiyeti,Hayır,,1,,,,,,,,Genel Fiyat,,,25.000TL, Bahçelievler - Zafer Mahallesi,https://www.emlakjet.com//ilan/anka-emlak-tan-zafer-mah-cadde-ustu-ara-kat-super-daire-17063804/,,,Boş,Yok,,
867,17063802,24 Mart 2025,24 Mart 2025,Konut,Kiralık,Daire,100 m²,105 m²,2+1,21 Ve Üzeri,3.Kat,3,Kombi Doğalgaz,Boş,,Hisseli Tapu,Hayır,,1,,,,,,,,Genel Fiyat,,,22.000TL, Bahçelievler - Zafer Mahallesi,https://www.emlakjet.com//ilan/anka-emlak-tan-zafer-mah-21-super-daire-100-m2-cift-balkon-17063802/,,,Boş,Yok,,
868,17063776,24 Mart 2025,24 Mart 2025,Konut,Kiralık,Daire,50 m²,55 m²,1.5+1,21 Ve Üzeri,Bahçe Katı,6,Kombi Doğalgaz,Boş,50 TL,Hisseli Tapu,Hayır,20000 TL,1,2 m²,Yok,,,,1,1 m²,Genel Fiyat,1542,4,20.000TL, Sarıyer - Tarabya Mahallesi,https://www.emlakjet.com//ilan/haciosman-metroya-yakin-11-50-m2-bahce-kati-20-000-tl-17063776/,İkinci El,Betonarme,Boş,Yok,Evet,
869,17063659,24 Mart 2025,24 Mart 2025,Konut,Kiralık,Daire,98 m²,120 m²,1+1,5-10,13.Kat,30,Merkezi (Pay Ölçer),Boş,,Tapu Kaydı Yok,Evet,,1,,,,,,,,Genel Fiyat,,,30.000TL, Esenyurt - Koza Mahallesi,https://www.emlakjet.com//ilan/akbati-sedef-bloklari-esyali-kiralik-21-17063659/,,,Eşyalı,Yok,,
870,17063571,24 Mart 2025,24 Mart 2025,Konut,Kiralık,Daire,130 m²,230 m²,4+1,1,Bahçe Katı,14,Yerden Isıtma,Kiracı Oturuyor,,Kat Mülkiyeti,Evet,,3,,,,,,,,Genel Fiyat,,,98.000TL, Çekmeköy - Mehmet Akif Mahallesi,https://www.emlakjet.com//ilan/agaoglu-cekmekoy-park-kiralik-41-bahce-kati-rw-filiz-17063571/,,,Boş,Yok,,
871,17063494,24 Mart 2025,24 Mart 2025,Konut,Kiralık,Daire,60 m²,70 m²,1+1,4,3.Kat,8,Merkezi (Pay Ölçer),Boş,,Kat Mülkiyeti,Hayır,,1,,,,,,,,Genel Fiyat,,,19.000TL, Beylikdüzü - Yakuplu Mahallesi,https://www.emlakjet.com//ilan/yakuplu-liv-marmara-residans-11-esyali-kiralik-17063494/,,,Eşyalı,Yok,,
872,17063469,24 Mart 2025,24 Mart 2025,Konut,Kiralık,Daire,105 m²,125 m²,3+1,11-15,Yüksek Giriş,11,Kombi Doğalgaz,Boş,,Kat Mülkiyeti,Hayır,,2,,,,,,,,Genel Fiyat,,,36.750TL, Ümraniye - Tatlısu Mahallesi,https://www.emlakjet.com//ilan/elalmis-cad-31-125m2-site-ozlkli-binada-17063469/,,,Boş,Yok,,
873,17063462,24 Mart 2025,24 Mart 2025,Konut,Kiralık,Daire,87 m²,114 m²,2+1,5-10,9.Kat,13,Merkezi (Pay Ölçer),Boş,,Kat Mülkiyeti,Evet,,2,,,,,,,,Genel Fiyat,,,32.000TL, Sultanbeyli - Adil Mahallesi,https://www.emlakjet.com//ilan/adil-mah-selcuklu-evleri-sitesi-peyzaj-cephe-21-kiralik-daire-17063462/,,,Boş,Yok,,
874,17063377,24 Mart 2025,24 Mart 2025,Konut,Kiralık,Daire,55 m²,60 m²,1+1,11-15,Çatı Katı,4,Kombi Doğalgaz,Boş,,Kat Mülkiyeti,Hayır,,1,,,,,,,,Genel Fiyat,,,21.000TL, Ataşehir - İnönü Mahallesi,https://www.emlakjet.com//ilan/ogrenciye-calisana-faturalar-dahil-11-esyali-cati-kati-daire-17063377/,,,Eşyalı,Yok,,
875,17063140,24 Mart 2025,03 Nisan 2025,Konut,Kiralık,Daire,115 m²,120 m²,2+1,21 Ve Üzeri,7.Kat,7,Kombi Doğalgaz,Boş,,Hisseli Tapu,Hayır,25000 TL,1,,Var,1,Açık Balkon,,,,Genel Fiyat,7265,7,25.000TL, Sarıyer - Ayazağa Mahallesi,https://www.emlakjet.com//ilan/sariyer-ayazaga-da-21-kiralik-daire-17063140/,,,,,,
876,17063100,24 Mart 2025,24 Mart 2025,Konut,Kiralık,Daire,60 m²,70 m²,2+1,11-15,2.Kat,4,Kombi Doğalgaz,Boş,,Kat İrtifakı,Hayır,,1,,,,,,,,Genel Fiyat,,,22.000TL, Ümraniye - Esenevler Mahallesi,https://www.emlakjet.com//ilan/21-2-kat-70-m-arakat-17063100/,,,Boş,Yok,,
877,17063089,24 Mart 2025,28 Mart 2025,Konut,Kiralık,Daire,75 m²,80 m²,2+1,16-20,2.Kat,5,Kombi Doğalgaz,Boş,,Tapu Kaydı Yok,Hayır,19000 TL,1,,Var,1,Açık Balkon,,1,,Genel Fiyat,,,19.000TL, Beyoğlu - Kadımehmet Efendi Mahallesi,https://www.emlakjet.com//ilan/beyoglu-kasimpasa-kadimehmet-efendi-mah-21-daire-17063089/,,,,Yok,,
878,17062945,23 Mart 2025,26 Mart 2025,Konut,Kiralık,Daire,90 m²,100 m²,2+1,21 Ve Üzeri,Çatı Katı,5,Doğalgaz Sobalı,Boş,0 TL,Tapu Kaydı Yok,Hayır,12000 TL,1,,Var,1,Kapalı Teras,,1,,Genel Fiyat,,,12.000TL, Sultangazi - 50. Yıl Mahallesi,https://www.emlakjet.com//ilan/zaferyapigayrimenkulden-kiralikcatikatidaire-21-90m2-bayanbekara-yabanciya-aileye-uygun-50-yilmahde-17062945/,İkinci El,Betonarme,Boş,,,
879,17062922,23 Mart 2025,23 Mart 2025,Konut,Kiralık,Daire,100 m²,110 m²,2+1,5-10,Bahçe Katı,6,Kombi Doğalgaz,Boş,100 TL,Kat Mülkiyeti,Hayır,15000 TL,1,5 m²,Var,1,Açık Balkon,25 m²,1,3 m²,Genel Fiyat,2015,33,12.000TL, Esenyurt - Talatpaşa Mahallesi,https://www.emlakjet.com//ilan/kiralik-en-uygun-full-esyali-21-daire-17062922/,İkinci El,Betonarme,Eşyalı,Yok,Evet,20 m²
880,17062815,23 Mart 2025,01 Nisan 2025,Konut,Kiralık,Daire,145 m²,155 m²,3+1,21 Ve Üzeri,6.Kat,9,Merkezi Doğalgaz,Kiracı Oturuyor,,Kat Mülkiyeti,Hayır,,2,,Var,1,Kapalı Balkon,8 m²,2,,Genel Fiyat,,3618,30.000TL, Büyükçekmece - Sinanoba Mahallesi,https://www.emlakjet.com//ilan/sinanoba-emlak-konut-5-kisim-31-kiralama-nisan-sonu-teslim-17062815/,İkinci El,Betonarme,Boş,,,40 m²
881,17062780,23 Mart 2025,04 Nisan 2025,Konut,Kiralık,Daire,75 m²,80 m²,2+1,11-15,1.Kat,6,Kombi Doğalgaz,Boş,0 TL,Kooperatiften Tapu,Hayır,27000 TL,1,,Yok,,,,1,6 m²,Genel Fiyat,,,27.000TL, Ümraniye - Site Mahallesi,https://www.emlakjet.com//ilan/umraniye-cakmak-site-mahallesi-bekara-yabanci-ya-atay-caddesi-uzerinde-yeni-bina-kiralik-1-kat-17062780/,İkinci El,Betonarme,Boş,Yok,Hayır,
882,17062769,23 Mart 2025,23 Mart 2025,Konut,Kiralık,Daire,90 m²,95 m²,2+1,16-20,Çatı Katı,5,Kombi Doğalgaz,Boş,100 TL,Arsa Tapulu,Hayır,10000 TL,1,25 m²,Var,1,Açık Balkon,25 m²,,,Genel Fiyat,2957,23,15.000TL, Bağcılar - Güneşli Mahallesi,https://www.emlakjet.com//ilan/21-yabanciya-uygun-kiralik-daire-17062769/,,Betonarme,Eşyalı,,Hayır,30 m²
883,17062558,23 Mart 2025,25 Mart 2025,Konut,Kiralık,Daire,70 m²,75 m²,1+1,5-10,Bahçe Katı,4,Kombi Doğalgaz,Boş,,Yabancıdan,Hayır,,1,,Yok,,,,,,Genel Fiyat,,,13.500TL, Beylikdüzü - Yakuplu Mahallesi,https://www.emlakjet.com//ilan/yakuplu-da-kaymakamliga-yakin-genis-ferah-11-kiralik-17062558/,,,Boş,,,
884,17062546,23 Mart 2025,23 Mart 2025,Konut,Kiralık,Daire,90 m²,95 m²,2+1,0 (Yeni),6.Kat,13,Kombi Doğalgaz,Boş,,Yabancıdan,Hayır,,1,,Var,,,,,,Genel Fiyat,,,29.000TL, Beylikdüzü - Marmara Mahallesi,https://www.emlakjet.com//ilan/marmara-mah-referans-beylidkuzu-sitesinde-kiralik-21-17062546/,,,Boş,,,
885,17062522,23 Mart 2025,02 Nisan 2025,Konut,Kiralık,Daire,70 m²,80 m²,2+1,0 (Yeni),1.Kat,3,Kombi Doğalgaz,Boş,,Kat Mülkiyeti,Hayır,21500 TL,1,,Var,1,Kapalı Balkon,,1,,Genel Fiyat,628,7,21.500TL, Sancaktepe - Sarıgazi Mahallesi,https://www.emlakjet.com//ilan/sarigazi-mah-de-21-arakat-yeni-binada-17062522/,Sıfır,Betonarme,Boş,Yok,,
886,17062473,23 Mart 2025,23 Mart 2025,Konut,Kiralık,Daire,85 m²,95 m²,2+1,11-15,2.Kat,5,Kombi Doğalgaz,Boş,250 TL,Kat Mülkiyeti,Hayır,18000 TL,2,,Var,,,,,,Genel Fiyat,426,23,18.000TL, Beylikdüzü - Sahil Mahallesi,https://www.emlakjet.com//ilan/kavakli-sahil-mahallesi-21-kiralik-17062473/,,,,,,
887,17062392,23 Mart 2025,04 Nisan 2025,Konut,Kiralık,Daire,80 m²,110 m²,2+1,0 (Yeni),5.Kat,5,Kombi Doğalgaz,Boş,250 TL,Kat Mülkiyeti,Hayır,30000 TL,1,,Var,1,Açık Balkon,,1,,Genel Fiyat,5986,9,30.000TL, Tuzla - İçmeler Mahallesi,https://www.emlakjet.com//ilan/kiralik-daire-tuzla-icmler-mahallesi-17062392/,Sıfır,Betonarme,Boş,,Hayır,
888,17062391,23 Mart 2025,23 Mart 2025,Konut,Kiralık,Daire,120 m²,125 m²,3+1,5-10,1.Kat,4,Kombi Doğalgaz,Boş,,Tapu Kaydı Yok,Hayır,,1,,,,,,,,Genel Fiyat,,,17.000TL, Esenyurt - Mehmet Akif Ersoy Mahallesi,https://www.emlakjet.com//ilan/marmarapark-ve-metrobuse-12dk-kiralik-31-arakat-daire-17062391/,,,,,,
889,17062246,23 Mart 2025,23 Mart 2025,Konut,Kiralık,Daire,85 m²,95 m²,2+1,11-15,2.Kat,4,Kombi Doğalgaz,Boş,,Kat Mülkiyeti,Hayır,,1,,,,,,,,Genel Fiyat,108,13,33.000TL, Eyüpsultan - Göktürk Merkez Mahallesi,https://www.emlakjet.com//ilan/eyup-gokturk-te-metroya-yakin-muhtesem-95m2-21-kiralik-daire-17062246/,,,,,,
890,17062241,23 Mart 2025,04 Nisan 2025,Konut,Kiralık,Daire,75 m²,80 m²,2+1,21 Ve Üzeri,3.Kat,4,Kombi Doğalgaz,Boş,,Tapu Kaydı Yok,Hayır,,1,,,,,,,,Genel Fiyat,,,28.000TL, Üsküdar - Valide,https://www.emlakjet.com//ilan/naz-emlaktan-zeynep-kamil-cocuk-acil-karsisinda-21-kiralik-daire-17062241/,,,,,,
891,17062225,23 Mart 2025,24 Mart 2025,Konut,Kiralık,Daire,80 m²,85 m²,2+1,5-10,Yüksek Giriş,4,Kombi Doğalgaz,Boş,,Kooperatiften Tapu,Hayır,,1,,,,,,,,Genel Fiyat,,,45.000TL, Üsküdar - Salacak Mahallesi,https://www.emlakjet.com//ilan/naz-emlaktan-uskudar-salacak-mahallesinde-yeni-binada-21-kiralik-daire-17062225/,,,,,,
892,17062224,23 Mart 2025,23 Mart 2025,Konut,Kiralık,Daire,69 m²,75 m²,2+1,11-15,9.Kat,12,Merkezi Doğalgaz,Boş,1450 TL,Kat Mülkiyeti,Evet,45000 TL,1,4 m²,Var,1,Açık Balkon,4 m²,1,,Genel Fiyat,1006,2,23.000TL, Başakşehir - Kayabaşı Mahallesi,https://www.emlakjet.com//ilan/kayasehir-en-guzel-konumu-17062224/,,,Boş,Yok,Hayır,
893,17062038,23 Mart 2025,23 Mart 2025,Konut,Kiralık,Daire,100 m²,110 m²,2+1,21 Ve Üzeri,5.Kat,7,Kombi Doğalgaz,Boş,,Kat Mülkiyeti,Hayır,,1,,,,,,,,Genel Fiyat,,,17.500TL, Avcılar - Merkez Mahallesi,https://www.emlakjet.com//ilan/21-ara-kat-asansorlu-17062038/,,,Boş,Yok,,
894,17062027,23 Mart 2025,23 Mart 2025,Konut,Kiralık,Daire,55 m²,70 m²,1+1,5-10,6.Kat,15,Merkezi (Pay Ölçer),Boş,,Kat İrtifakı,Evet,,1,,,,,,,,Genel Fiyat,,,17.000TL, Esenyurt - Cumhuriyet Mahallesi,https://www.emlakjet.com//ilan/sonsuzdan-new-rezidance-da-esyali-kiralik-1-1-daire-17062027/,,,Eşyalı,Yok,,
895,17061890,23 Mart 2025,23 Mart 2025,Konut,Kiralık,Daire,90 m²,105 m²,2+1,11-15,5.Kat,6,Kombi Doğalgaz,Boş,,Kat Mülkiyeti,Hayır,,2,,,,,,,,Genel Fiyat,406,5,18.000TL, Arnavutköy - Hastane Mahallesi,https://www.emlakjet.com//ilan/sahibinden-21-komisyonsuz-17061890/,,,,,,
896,17061840,23 Mart 2025,23 Mart 2025,Konut,Kiralık,Daire,50 m²,60 m²,2+1,21 Ve Üzeri,1.Kat,4,Kombi Doğalgaz,Boş,,Kat İrtifakı,Hayır,25000 TL,1,,,,,,,,Genel Fiyat,15189,29,25.000TL, Maltepe - Altıntepe Mahallesi,https://www.emlakjet.com//ilan/altintepe-sekerbank-in-sokaginda-minibus-yoluna-yakin-1-kat-21-17061840/,,,,,,
897,17061829,23 Mart 2025,23 Mart 2025,Konut,Kiralık,Daire,115 m²,135 m²,3+1,21 Ve Üzeri,3.Kat,6,Kombi Doğalgaz,Boş,450 TL,Kat İrtifakı,Hayır,40000 TL,1,,,,,,,,Genel Fiyat,931,172,37.500TL, Ataşehir - İçerenköy Mahallesi,https://www.emlakjet.com//ilan/icerenkoy-merkezde-ana-cadde-ustunde-asansorlu-otoparkli-3-kat-on-cephe-genis-31-17061829/,,,,,,
898,17061817,23 Mart 2025,28 Mart 2025,Konut,Kiralık,Daire,135 m²,150 m²,3+1,21 Ve Üzeri,4.Kat,5,Kombi Doğalgaz,Boş,2800 TL,Kat Mülkiyeti,Evet,55000 TL,2,,Var,2,"Açık Teras, Kapalı Balkon",,2,,Genel Fiyat,393,1,55.000TL, Sarıyer - İstinye Mahallesi,https://www.emlakjet.com//ilan/sariyer-istinye-bogazici-sitesinde-kiralik-31-terasli-dubleks-17061817/,İkinci El,Betonarme,Boş,Yok,Hayır,35 m²
899,17061650,23 Mart 2025,23 Mart 2025,Konut,Kiralık,Daire,135 m²,140 m²,3+1,2,1.Kat,3,Kombi Doğalgaz,Boş,,Yabancıdan,Hayır,,2,,Var,,,,,,Genel Fiyat,,,34.500TL, Beylikdüzü - Sahil Mahallesi,https://www.emlakjet.com//ilan/kavakli-sahil-bolgesinde-kiralik-31-daire-17061650/,,,Boş,,,
900,17061650,23 Mart 2025,23 Mart 2025,Konut,Kiralık,Daire,135 m²,140 m²,3+1,2,1.Kat,3,Kombi Doğalgaz,Boş,,Yabancıdan,Hayır,,2,,Var,,,,,,Genel Fiyat,,,34.500TL, Beylikdüzü - Sahil Mahallesi,https://www.emlakjet.com//ilan/kavakli-sahil-bolgesinde-kiralik-31-daire-17061650/,,,Boş,,,
901,17061643,23 Mart 2025,28 Mart 2025,Konut,Kiralık,Daire,70 m²,80 m²,2+1,21 Ve Üzeri,3.Kat,4,Kombi Doğalgaz,Boş,100 TL,Kat Mülkiyeti,Hayır,37500 TL,1,6 m²,Var,1,Açık Balkon,4 m²,1,6 m²,Genel Fiyat,1082,19,37.500TL, Beşiktaş - Gayrettepe Mahallesi,https://www.emlakjet.com//ilan/gayrettepede-21-85-m2-3-kat-kombili-balkonlu-ferah-temiz-daire-17061643/,İkinci El,Betonarme,Boş,Yok,Hayır,22 m²
902,17061619,23 Mart 2025,24 Mart 2025,Konut,Kiralık,Daire,90 m²,95 m²,2+1,5-10,4.Kat,5,Kombi Doğalgaz,Mülk Sahibi Oturuyor,15 TL,Kat Mülkiyeti,Hayır,23000 TL,1,,Var,1,,,1,,Genel Fiyat,1,1,23.000TL, Sultangazi - Uğur Mumcu Mahallesi,https://www.emlakjet.com//ilan/ozgur-insaat-tan-ugurmumcu-mah-de-21-95m2-firsat-daire-acil-kiralik-17061619/,İkinci El,Betonarme,Boş,,Hayır,
903,17061475,23 Mart 2025,23 Mart 2025,Konut,Kiralık,Daire,105 m²,120 m²,3+1,16-20,3.Kat,12,Kombi Doğalgaz,Boş,1000 TL,Kat Mülkiyeti,Evet,40000 TL,1,15 m²,Var,1,Kapalı Balkon,10 m²,1,,Genel Fiyat,501,1,20.000TL, Beylikdüzü - Büyükşehir Mahallesi,https://www.emlakjet.com//ilan/super-konum-kiralik-31-daire-17061475/,İkinci El,Betonarme,Boş,Yok,Evet,
904,17061330,23 Mart 2025,23 Mart 2025,Konut,Kiralık,Daire,95 m²,120 m²,2+1,11-15,Kot 1 (-1).Kat,5,Kombi Doğalgaz,Boş,,Kat Mülkiyeti,Hayır,,1,,,,,,,,Genel Fiyat,,,18.000TL, Sultangazi - 75. Yıl Mahallesi,https://www.emlakjet.com//ilan/hakaydin-2-den-75-yil-mah-ici-sifir-95m-21-kiralik-daire-17061330/,,,Boş,Yok,,
905,17061050,23 Mart 2025,29 Mart 2025,Konut,Kiralık,Daire,55 m²,60 m²,1+1,3,Bahçe Dublex,2,Kombi Doğalgaz,Boş,,Tapu Kaydı Yok,Hayır,30000 TL,1,4 m²,Yok,,,,1,3 m²,Genel Fiyat,,,30.000TL, Sarıyer - Sarıyer Merkez Mahallesi,https://www.emlakjet.com//ilan/sariyer-kozdere-de-kiralik-daire-17061050/,Sıfır,Çelik,,Yok,Hayır,300 m²
906,17061020,23 Mart 2025,23 Mart 2025,Konut,Kiralık,Daire,55 m²,65 m²,1+1,5-10,7.Kat,23,Merkezi (Pay Ölçer),Boş,,Kat Mülkiyeti,Evet,,1,,,,,,,,Genel Fiyat,,,28.000TL, Bağcılar - Bağlar Mahallesi,https://www.emlakjet.com//ilan/kiralik-divan-rezidans-buyuk-tip-11-esyali-daire-17061020/,,,Eşyalı,Yok,,
907,17060942,23 Mart 2025,24 Mart 2025,Konut,Kiralık,Daire,180 m²,190 m²,3.5+1,21 Ve Üzeri,5.Kat,5,Kombi Doğalgaz,Boş,,Kat Mülkiyeti,Hayır,,2,,,,,,,,Genel Fiyat,,,35.000TL, Bayrampaşa - Yıldırım Mahallesi,https://www.emlakjet.com//ilan/bayrampasa-yildirim-mah-3-51-180m2-kiralik-temiz-dubleks-daire-17060942/,,,Boş,Yok,,
908,17060915,23 Mart 2025,24 Mart 2025,Konut,Kiralık,Daire,80 m²,90 m²,2+1,5-10,1.Kat,3,Kombi Doğalgaz,Boş,,Kat Mülkiyeti,Hayır,,1,,,,,,,,Genel Fiyat,,,30.000TL, Kağıthane - Hamidiye Mahallesi,https://www.emlakjet.com//ilan/toplu-ulasima-sifir-nokta-arakat-asansorlu-yeni-bina-21-17060915/,,,Boş,Yok,,
909,17060901,23 Mart 2025,24 Mart 2025,Konut,Kiralık,Daire,67 m²,76 m²,2+1,5-10,8.Kat,10,Merkezi (Pay Ölçer),Boş,,Kat Mülkiyeti,Evet,,1,,,,,,,,Genel Fiyat,,,25.000TL, Sancaktepe - Osmangazi Mahallesi,https://www.emlakjet.com//ilan/mahal-sancaktepe-site-ici-21-kiralik-daire-metro-duragina-5-dk-17060901/,,,Boş,Yok,,
910,17060897,23 Mart 2025,24 Mart 2025,Konut,Kiralık,Daire,80 m²,90 m²,2+1,11-15,2.Kat,5,Doğalgaz Sobalı,Boş,,Kat Mülkiyeti,Hayır,,1,,,,,,,,Genel Fiyat,,,25.000TL, Çekmeköy - Çamlık Mahallesi,https://www.emlakjet.com//ilan/cekmekoy-de-kiralik-21-daire-ara-kat-17060897/,,,Boş,Yok,,
911,17060895,23 Mart 2025,24 Mart 2025,Konut,Kiralık,Daire,67 m²,85 m²,2+1,5-10,2.Kat,9,Merkezi (Pay Ölçer),Boş,,Kat Mülkiyeti,Evet,,1,,,,,,,,Genel Fiyat,,,30.000TL, Sancaktepe - Osmangazi Mahallesi,https://www.emlakjet.com//ilan/mahal-sancaktepe-site-ici-kiralik-21-acik-mutfakli-daire-17060895/,,,Boş,Yok,,
912,17060871,23 Mart 2025,23 Mart 2025,Konut,Kiralık,Daire,65 m²,90 m²,2+1,0 (Yeni),2.Kat,8,Kombi Doğalgaz,Boş,,Kat Mülkiyeti,Hayır,35000 TL,1,,Var,2,Açık Balkon,,,,Genel Fiyat,11360,4,35.000TL, Pendik - Kaynarca Mahallesi,https://www.emlakjet.com//ilan/kaynarca-mah-kiralik-21-sifir-daire-17060871/,,,,,,
913,17060860,23 Mart 2025,23 Mart 2025,Konut,Kiralık,Daire,100 m²,110 m²,2+1,11-15,Çatı Katı,4,Kombi Doğalgaz,Boş,250 TL,Tapu Kaydı Yok,Hayır,15000 TL,1,,Var,,,,,,Genel Fiyat,,,14.000TL, Küçükçekmece - İnönü Mahallesi,https://www.emlakjet.com//ilan/inonu-mahallesi-2-1-cati-kati-cinar-yolu-yakin-100-metre-kiralik-daire-17060860/,,,,,,
914,17060844,23 Mart 2025,23 Mart 2025,Konut,Kiralık,Daire,65 m²,70 m²,2+1,4,Yüksek Giriş,4,Kombi Doğalgaz,Boş,,Kat Mülkiyeti,Hayır,,1,,,,,,,,Genel Fiyat,,,26.000TL, Eyüpsultan - Esentepe Mahallesi,https://www.emlakjet.com//ilan/etok-dan-yeni-bina-da-vialand-avm-yakin-lux-esyali-21-daire-17060844/,,,Eşyalı,Yok,,
915,17060843,23 Mart 2025,23 Mart 2025,Konut,Kiralık,Daire,85 m²,90 m²,2+1,21 Ve Üzeri,9.Kat,10,Kombi Doğalgaz,Boş,,Hisseli Tapu,Hayır,,1,,,,,,,,Genel Fiyat,,,24.500TL, Şişli - Mecidiyeköy Mahallesi,https://www.emlakjet.com//ilan/etok-dan-nezih-mahalle-meydan-ve-metro-8-dk-21-full-esyali-17060843/,,,Eşyalı,Yok,,
916,17060834,23 Mart 2025,04 Nisan 2025,Konut,Kiralık,Daire,90 m²,100 m²,2+1,16-20,5.Kat,5,Kombi Doğalgaz,Boş,,Tapu Kaydı Yok,Hayır,20000 TL,1,1 m²,Var,1,Açık Balkon,,1,,Genel Fiyat,,,16.500TL, Beyoğlu - Kaptanpaşa Mahallesi,https://www.emlakjet.com//ilan/beyoglu-kaptanpasa-mah-yay-meydaninda-dogalgazli-cati-kati-21-daire-17060834/,İkinci El,Betonarme,Boş,Yok,Hayır,
917,17060827,23 Mart 2025,04 Nisan 2025,Konut,Kiralık,Daire,80 m²,85 m²,2+1,21 Ve Üzeri,3.Kat,5,Kombi Doğalgaz,Boş,,Tapu Kaydı Yok,Hayır,2 TL,1,,Var,1,Kapalı Balkon,,1,,Genel Fiyat,,,28.000TL, Beyoğlu - Kamer Hatun Mahallesi,https://www.emlakjet.com//ilan/beyoglu-istiklal-cad-5-dk-21-daire-aile-apartmani-17060827/,İkinci El,Betonarme,Boş,Yok,,
918,17060822,23 Mart 2025,04 Nisan 2025,Konut,Kiralık,Daire,45 m²,50 m²,1+1,21 Ve Üzeri,2.Kat,4,Kombi Doğalgaz,Boş,,Tapu Kaydı Yok,Hayır,22500 TL,1,,Yok,,,,1,,Genel Fiyat,,,22.500TL, Beyoğlu - Kamer Hatun Mahallesi,https://www.emlakjet.com//ilan/beyoglu-taksim-esyali-dogal-gazli-11-daire-istiklal-cad-1-dk-17060822/,İkinci El,Betonarme,Eşyalı,Yok,,
919,17060819,23 Mart 2025,04 Nisan 2025,Konut,Kiralık,Daire,50 m²,55 m²,1+1,4,2.Kat,4,Kombi Doğalgaz,Boş,,Tapu Kaydı Yok,Hayır,18000 TL,1,,Var,1,Açık Balkon,,1,,Genel Fiyat,,,18.000TL, Beyoğlu - Bülbül Mahallesi,https://www.emlakjet.com//ilan/beyoglu-taksim-meydana-yakin-11-daire-metro-otobus-5dk-17060819/,İkinci El,Betonarme,,Yok,Hayır,
920,17060808,23 Mart 2025,23 Mart 2025,Konut,Kiralık,Daire,48 m²,58 m²,1+1,11-15,11.Kat,23,Merkezi (Pay Ölçer),Boş,3392 TL,Bilinmiyor,Hayır,,1,,,,,,,,Genel Fiyat,,,12.000TL, Esenyurt - Yeşilkent Mahallesi,https://www.emlakjet.com//ilan/innovia-2-etap-11-esyasiz-kiralik-daire-17060808/,İkinci El,Betonarme,,Yok,,
921,17060807,23 Mart 2025,28 Mart 2025,Konut,Kiralık,Daire,80 m²,90 m²,2+1,4,2.Kat,5,Kombi Doğalgaz,Boş,100 TL,Kat Mülkiyeti,Hayır,,1,,,,,,,,Genel Fiyat,2007,55,15.000TL, Esenyurt - Talatpaşa Mahallesi,https://www.emlakjet.com//ilan/esenyurt-talatpasa-mah-kiralik-21-cok-temiz-daire-17060807/,İkinci El,Betonarme,,Yok,,
922,17060801,23 Mart 2025,04 Nisan 2025,Konut,Kiralık,Daire,30 m²,35 m²,Stüdyo,11-15,2.Kat,5,Kombi Doğalgaz,Boş,,Tapu Kaydı Yok,Hayır,19000 TL,1,,,,,,1,,Genel Fiyat,,,19.000TL, Beyoğlu - Kamer Hatun Mahallesi,https://www.emlakjet.com//ilan/beyoglu-esyali-studyo-daire-17060801/,İkinci El,Betonarme,Boş,Yok,,
923,17060799,23 Mart 2025,04 Nisan 2025,Konut,Kiralık,Daire,55 m²,60 m²,1+1,21 Ve Üzeri,1.Kat,3,Kombi Doğalgaz,Boş,,Tapu Kaydı Yok,Hayır,22500 TL,1,,,,,,2,,Genel Fiyat,,,22.500TL, Beyoğlu - Kamer Hatun Mahallesi,https://www.emlakjet.com//ilan/beyoglu-istiklal-cad-1-dk-esyali-11-daire-17060799/,İkinci El,Betonarme,,Yok,,
924,17060794,23 Mart 2025,04 Nisan 2025,Konut,Kiralık,Daire,35 m²,40 m²,Stüdyo,21 Ve Üzeri,5.Kat,5,Kombi Doğalgaz,Boş,,Tapu Kaydı Yok,Hayır,26000 TL,1,,Var,1,Açık Balkon,,1,,Genel Fiyat,,,26.000TL, Beyoğlu - Kamer Hatun Mahallesi,https://www.emlakjet.com//ilan/beyoglu-istiklal-cad-1-dk-esyali-studyo-daire-17060794/,İkinci El,Betonarme,Eşyalı,Yok,,
925,17060740,23 Mart 2025,23 Mart 2025,Konut,Kiralık,Daire,100 m²,120 m²,2+1,16-20,Bahçe Katı,2,Doğalgaz Sobalı,Boş,0 TL,Tapu Kaydı Yok,Hayır,12000 TL,2,25 m²,Yok,1,Açık Balkon,,2,15 m²,Genel Fiyat,15,546,12.000TL, Pendik - Velibaba Mahallesi,https://www.emlakjet.com//ilan/mrt-emlakdan-pendikde-kiralik-daire-17060740/,İkinci El,Taş Bina,Boş,Yok,Hayır,35 m²
926,17060678,22 Mart 2025,22 Mart 2025,Konut,Kiralık,Daire,99 m²,100 m²,2+1,16-20,4.Kat,5,Kombi Doğalgaz,Mülk Sahibi Oturuyor,,Kat İrtifakı,Hayır,11000 TL,1,15 m²,Var,1,Kapalı Balkon,20 m²,,,Birim Fiyat,2972,8,11.000TL, Bağcılar - Güneşli Mahallesi,https://www.emlakjet.com//ilan/kiralik-paylasimli-daire-17060678/,,,Eşyalı,,,
927,17060642,22 Mart 2025,26 Mart 2025,Konut,Kiralık,Daire,110 m²,120 m²,3+1,21 Ve Üzeri,1.Kat,5,Kombi Doğalgaz,Boş,100 TL,Tapu Kaydı Yok,Hayır,35000 TL,1,8 m²,Var,1,Açık Balkon,8 m²,2,5 m²,Birim Fiyat,63,213,24.000TL, Bahçelievler - Şirinevler Mahallesi,https://www.emlakjet.com//ilan/pakemlakdan-metro-metrobuse-yakin-ful-esyali-daire-17060642/,İkinci El,Betonarme,Eşyalı,Yok,Evet,22 m²
928,17060558,22 Mart 2025,22 Mart 2025,Konut,Kiralık,Daire,90 m²,95 m²,2+1,16-20,2.Kat,5,Kombi Doğalgaz,Boş,0 TL,Kooperatiften Tapu,Hayır,18000 TL,1,,Var,,,,,,Birim Fiyat,,,18.000TL, Sultangazi - Cebeci Mahallesi,https://www.emlakjet.com//ilan/baykal-ins-cebeci-mah-21-90m-kiralik-daire-17060558/,,,,,,
929,17060414,22 Mart 2025,03 Nisan 2025,Konut,Kiralık,Daire,90 m²,100 m²,2+1,21 Ve Üzeri,3.Kat,7,Doğalgaz Sobalı,Boş,50 TL,Hisseli Tapu,Hayır,12500 TL,1,,Var,2,"Açık Balkon, Kapalı Balkon",,,,Genel Fiyat,200,18,12.500TL, Küçükçekmece - Mehmet Akif Mahallesi,https://www.emlakjet.com//ilan/yasar-emlak-tan-kiralik-21-kat-3-17060414/,,,Boş,,,
930,17060376,22 Mart 2025,04 Nisan 2025,Konut,Kiralık,Daire,70 m²,85 m²,1+1,21 Ve Üzeri,1.Kat,5,Doğalgaz Sobalı,Boş,0 TL,Arsa Tapulu,Evet,12500 TL,1,,Var,1,Açık Balkon,,1,,Genel Fiyat,267,8,12.500TL, Bağcılar - Çınar Mahallesi,https://www.emlakjet.com//ilan/bagcilar-cinar-mahallesinde-11-70-mt-on-cephe-balkonlu-kiralik-daire-17060376/,,,Boş,,,
931,17060345,22 Mart 2025,24 Mart 2025,Konut,Kiralık,Daire,190 m²,220 m²,4+1,5-10,2.Kat,12,Merkezi (Pay Ölçer),Kiracı Oturuyor,,Kat Mülkiyeti,Evet,,3,,,,,,,,Genel Fiyat,,,70.000TL, Küçükçekmece - Cumhuriyet Mahallesi,https://www.emlakjet.com//ilan/cennet-koru-41-gol-manzarali-kiralik-daire-17060345/,,,Boş,Yok,,
932,17060344,22 Mart 2025,24 Mart 2025,Konut,Kiralık,Daire,110 m²,143 m²,2+1,5-10,8.Kat,23,Merkezi (Pay Ölçer),Boş,,Kat Mülkiyeti,Evet,,2,,,,,,,,Genel Fiyat,,,35.000TL, Esenyurt - Zafer Mahallesi,https://www.emlakjet.com//ilan/hepistanbul-aveb-21-143-m-full-esyali-kiralik-daire-17060344/,,,Eşyalı,Yok,,
933,17060287,22 Mart 2025,24 Mart 2025,Konut,Kiralık,Daire,65 m²,102 m²,1+1,5-10,10.Kat,17,Merkezi (Pay Ölçer),Boş,,Kat Mülkiyeti,Evet,,1,,,,,,,,Genel Fiyat,,,33.000TL, Gaziosmanpaşa - Karadeniz Mahallesi,https://www.emlakjet.com//ilan/viaport-venezia-da-kare-salon-balkonlu-bos-kiralik-11-daire-17060287/,,,Boş,Yok,,
934,17060260,22 Mart 2025,22 Mart 2025,Konut,Kiralık,Daire,100 m²,118 m²,3+1,5-10,4.Kat,11,Merkezi (Pay Ölçer),Kiracı Oturuyor,,Tapu Kaydı Yok,Evet,,1,,,,,,,,Genel Fiyat,,,30.000TL, Başakşehir - Kayabaşı Mahallesi,https://www.emlakjet.com//ilan/kayasehir-toki-9-bolge-de-kiralik-3-oda-1-salon-118-m2-daire-17060260/,,,Boş,Yok,,
935,17060234,22 Mart 2025,24 Mart 2025,Konut,Kiralık,Daire,85 m²,95 m²,2+1,5-10,3.Kat,13,Merkezi (Pay Ölçer),Boş,,Kat Mülkiyeti,Evet,,1,,,,,,,,Genel Fiyat,,,21.000TL, Tuzla - Mimar Sinan Mahallesi,https://www.emlakjet.com//ilan/21-arakat-site-ici-asansorlu-17060234/,,,Boş,Yok,,
936,17060222,22 Mart 2025,22 Mart 2025,Konut,Kiralık,Daire,90 m²,100 m²,3+1,21 Ve Üzeri,Düz Giriş (Zemin),2,Kombi Doğalgaz,Boş,,Arsa Tapulu,Hayır,,1,,,,,,,,Genel Fiyat,,,16.200TL, Ümraniye - Madenler Mahallesi,https://www.emlakjet.com//ilan/madenler-de-metro-yurume-mesafesi-genis-31-giris-kati-daire-17060222/,,,Boş,Yok,,
937,17060214,22 Mart 2025,22 Mart 2025,Konut,Kiralık,Daire,85 m²,115 m²,3+1,11-15,1.Kat,3,Kombi Doğalgaz,Boş,,Kat İrtifakı,Hayır,,2,,,,,,,,Genel Fiyat,,,37.000TL, Ümraniye - İnkılap Mahallesi,https://www.emlakjet.com//ilan/umraniye-inkilapmh-31-arakat-115-m2-ebeveyn-banyo-kiralik-daire-17060214/,,,Boş,Yok,,
938,17060028,22 Mart 2025,22 Mart 2025,Konut,Kiralık,Daire,120 m²,130 m²,3+1,5-10,1.Kat,4,Kombi Doğalgaz,Boş,,Kat Mülkiyeti,Hayır,,2,,,,,,,,Genel Fiyat,,,15.000TL, Esenyurt - Akşemseddin Mahallesi,https://www.emlakjet.com//ilan/esyasiz-esyali-31-kiralik-daire-17060028/,,,Eşyalı,Yok,,
939,17059962,22 Mart 2025,02 Nisan 2025,Konut,Kiralık,Daire,97 m²,109 m²,3+1,2,2.Kat,5,Kombi Doğalgaz,Boş,,Kat Mülkiyeti,Hayır,52500 TL,2,,Var,1,Açık Balkon,,2,,Genel Fiyat,443,3,52.500TL, Üsküdar - Aziz Mahmut Hüdayi Mahallesi,https://www.emlakjet.com//ilan/aziz-mahmut-hudayi-de-yeni-binada-kiralik-31-17059962/,İkinci El,Betonarme,,Yok,Evet,
940,17059943,22 Mart 2025,22 Mart 2025,Konut,Kiralık,Daire,100 m²,115 m²,2+1,5-10,5.Kat,5,Kombi Doğalgaz,Boş,,Kat Mülkiyeti,Hayır,,1,,,,,,,,Genel Fiyat,,,17.000TL, Esenyurt - İncirtepe Mahallesi,https://www.emlakjet.com//ilan/incirtepe-de-kiralik-21-daire-17059943/,,,Boş,Yok,,
941,17059942,22 Mart 2025,22 Mart 2025,Konut,Kiralık,Daire,100 m²,130 m²,2+1,4,4.Kat,7,Kombi Doğalgaz,Boş,,Kat İrtifakı,Hayır,,2,,,,,,,,Genel Fiyat,,,20.000TL, Esenyurt - Akşemseddin Mahallesi,https://www.emlakjet.com//ilan/butik-site-icinde-kiralik-daire-17059942/,,,Boş,Yok,,
942,17059924,22 Mart 2025,25 Mart 2025,Konut,Kiralık,Daire,60 m²,85 m²,1+1,3,24.Kat,30,Merkezi Doğalgaz,Boş,,Kat Mülkiyeti,Evet,,1,,,,,,,,Genel Fiyat,,,20.000TL, Esenyurt - Orhan Gazi Mahallesi,https://www.emlakjet.com//ilan/hayat-park2-11-buyuk-tip-17059924/,,,Boş,Yok,,
943,17059832,22 Mart 2025,26 Mart 2025,Konut,Kiralık,Daire,80 m²,85 m²,2+1,21 Ve Üzeri,2.Kat,4,Kombi Doğalgaz,Boş,,Kat Mülkiyeti,Hayır,30000 TL,1,,,,,,,,Genel Fiyat,1340,44,30.000TL, Üsküdar - Sultantepe Mahallesi,https://www.emlakjet.com//ilan/aktas-tan-sultantepe-de-21-ici-sifirlanmis-konsept-giris-daire-17059832/,,,,,,
944,17059814,22 Mart 2025,22 Mart 2025,Konut,Kiralık,Daire,65 m²,70 m²,1+1,11-15,1.Kat,30,Kombi Doğalgaz,Boş,,Kat Mülkiyeti,Evet,,1,,,,,,,,Genel Fiyat,,,14.000TL, Esenyurt - Akevler Mahallesi,https://www.emlakjet.com//ilan/imtilaa-gayrimenkul-den-solarkent-11-70-m2-kirailk-daire-17059814/,,,Boş,Yok,,
945,17059725,22 Mart 2025,22 Mart 2025,Konut,Kiralık,Daire,45 m²,50 m²,1+1,5-10,3.Kat,4,Kombi Doğalgaz,Boş,,Kat Mülkiyeti,Hayır,,1,,,,,,,,Genel Fiyat,,,26.000TL, Ataşehir - İnönü Mahallesi,https://www.emlakjet.com//ilan/19-mayis-cd-uzerinde-ara-kat-full-esyali-11-daire-17059725/,İkinci El,,Eşyalı,Yok,,
946,17059607,22 Mart 2025,26 Mart 2025,Konut,Kiralık,Daire,115 m²,135 m²,2+1,21 Ve Üzeri,3.Kat,4,Doğalgaz Sobalı,Boş,,Arsa Tapulu,Hayır,,1,,Var,2,Açık Balkon,,1,,Genel Fiyat,3175,15,15.500TL, Gaziosmanpaşa - Kazım Karabekir Mahallesi,https://www.emlakjet.com//ilan/sahibinden-21-kiralik-daire-17059607/,İkinci El,Betonarme,,,,
947,17059589,22 Mart 2025,22 Mart 2025,Konut,Kiralık,Daire,130 m²,140 m²,3+1,0 (Yeni),2.Kat,4,Kombi Doğalgaz,Boş,150 TL,Kat Mülkiyeti,Hayır,25000 TL,1,,Var,2,Açık Balkon,4 m²,1,,Genel Fiyat,328,17,25.000TL, Sancaktepe - Yunus Emre Mahallesi,https://www.emlakjet.com//ilan/istanbul-sancaktepe-yunusemre-mah-kiralik-31-sifir-daire-140-m2-17059589/,Sıfır,Betonarme,Boş,Yok,Evet,30 m²
948,17059521,22 Mart 2025,22 Mart 2025,Konut,Kiralık,Daire,135 m²,150 m²,3+1,5-10,4.Kat,6,Kombi Doğalgaz,Boş,,Yabancıdan,Hayır,60000 TL,2,,Var,1,Açık Balkon,,1,,Genel Fiyat,,,30.000TL, Beylikdüzü - Adnan Kahveci Mahallesi,https://www.emlakjet.com//ilan/beylikduzu-adnan-kahvecide-kolejler-bolgesinde-31-kiralik-daire-17059521/,İkinci El,Betonarme,Boş,Yok,Evet,
949,17059404,22 Mart 2025,04 Nisan 2025,Konut,Kiralık,Daire,120 m²,130 m²,3+1,21 Ve Üzeri,3.Kat,5,Kombi Doğalgaz,Boş,,Tapu Kaydı Yok,Evet,25000 TL,1,,,,,,,,Genel Fiyat,,,25.000TL, Bahçelievler - Şirinevler Mahallesi,https://www.emlakjet.com//ilan/s-evler-merkezde-metrobuse-2dk-bekarada-uygun-17059404/,,,,,,
950,17059404,22 Mart 2025,04 Nisan 2025,Konut,Kiralık,Daire,120 m²,130 m²,3+1,21 Ve Üzeri,3.Kat,5,Kombi Doğalgaz,Boş,,Tapu Kaydı Yok,Evet,25000 TL,1,,,,,,,,Genel Fiyat,,,25.000TL, Bahçelievler - Şirinevler Mahallesi,https://www.emlakjet.com//ilan/s-evler-merkezde-metrobuse-2dk-bekarada-uygun-17059404/,,,,,,
951,17059218,22 Mart 2025,04 Nisan 2025,Konut,Kiralık,Daire,50 m²,65 m²,1+1,21 Ve Üzeri,Düz Giriş (Zemin),4,Kombi Doğalgaz,Boş,,Arsa Tapulu,Hayır,11000 TL,1,,Yok,,,,,,Genel Fiyat,297,5,10.500TL, Başakşehir - Güvercintepe Mahallesi,https://www.emlakjet.com//ilan/guvercintepe-de-kiralik-11-65m2-daire-eray-insaat-emlak-17059218/,,,,,Evet,
952,17059116,22 Mart 2025,23 Mart 2025,Konut,Kiralık,Daire,90 m²,95 m²,2+1,21 Ve Üzeri,1.Kat,4,Kombi Doğalgaz,Boş,50 TL,Kat Mülkiyeti,Hayır,20000 TL,1,,Var,3,"Açık Balkon, Kapalı Balkon",,,,Genel Fiyat,null,8505,18.500TL, Bahçelievler - Hürriyet Mahallesi,https://www.emlakjet.com//ilan/sirinevler-meydana-yakinesyali-daire-17059116/,İkinci El,Betonarme,Eşyalı,,Evet,
953,17059035,22 Mart 2025,22 Mart 2025,Konut,Kiralık,Daire,65 m²,67 m²,2+1,21 Ve Üzeri,4.Kat,4,Kombi Doğalgaz,Boş,,Kat Mülkiyeti,Hayır,15000 TL,1,,,,,,1,,Birim Fiyat,1176,42,15.000TL, Fatih - Sümbül Efendi Mahallesi,https://www.emlakjet.com//ilan/kocamustafapasa-sumbulefendi-mah-cambaziye-cikmazinda-21-cift-cephe-kiralik-daire-17059035/,,,,,,
954,17058633,22 Mart 2025,22 Mart 2025,Konut,Kiralık,Daire,50 m²,55 m²,1+1,5-10,3.Kat,4,Kombi Doğalgaz,Kiracı Oturuyor,,Kat Mülkiyeti,Hayır,,1,,,,,,,,Genel Fiyat,,,26.000TL, Ataşehir - İnönü Mahallesi,https://www.emlakjet.com//ilan/19-mayis-cd-genc-binada-ara-kat-balkonlu-ve-esyali-11-17058633/,İkinci El,,Eşyalı,Yok,,
955,17058598,22 Mart 2025,22 Mart 2025,Konut,Kiralık,Daire,90 m²,100 m²,2+1,21 Ve Üzeri,3.Kat,3,Kombi Doğalgaz,Boş,,Kat İrtifakı,Hayır,,1,,,,,,,,Genel Fiyat,,6831,18.500TL, Küçükçekmece - Cumhuriyet Mahallesi,https://www.emlakjet.com//ilan/baris-tan-tepeustu-karanfil-sokakta-kiralik-21-daire-17058598/,,,,,,
956,17058511,22 Mart 2025,04 Nisan 2025,Konut,Kiralık,Daire,60 m²,70 m²,1+1,0 (Yeni),Bahçe Katı,6,Kombi Doğalgaz,Boş,200 TL,Kat Mülkiyeti,Hayır,40000 TL,1,,Yok,,,,1,,Genel Fiyat,,11895,23.500TL, Avcılar - Denizköşkler Mahallesi,https://www.emlakjet.com//ilan/avcilar-denizkoskler-mahallesi-11-esyali-kiralik-sifir-daire-denize-cok-yakin-metrobuse-5-dk-17058511/,Sıfır,Betonarme,Eşyalı,Yok,Hayır,
957,17058497,22 Mart 2025,22 Mart 2025,Konut,Kiralık,Daire,250 m²,300 m²,5+2,5-10,4.Kat,5,Kombi Doğalgaz,Boş,1500 TL,Yabancıdan,Hayır,120000 TL,3,,Var,3,"Açık Balkon, Açık Teras",,3,,Genel Fiyat,,,60.000TL, Beylikdüzü - Dereağzı Mahallesi,https://www.emlakjet.com//ilan/beylikduzu-dereagzinda-52-dublex-butik-sitede-kiralik-daire-17058497/,İkinci El,Betonarme,Boş,Yok,Evet,
958,17058324,22 Mart 2025,27 Mart 2025,Konut,Kiralık,Daire,60 m²,65 m²,1 Oda,5-10,Kot 1 (-1).Kat,4,Kombi Doğalgaz,Boş,,Kat Mülkiyeti,Hayır,,1,,Yok,,,,1,,Genel Fiyat,9072,12,22.000TL, Şişli - Mecidiyeköy Mahallesi,https://www.emlakjet.com//ilan/tuncay-dan-sisli-de-cadde-uzerinde-11-esyali-otoparkli-daire-17058324/,,,,,,
959,17058262,22 Mart 2025,23 Mart 2025,Konut,Kiralık,Daire,69 m²,75 m²,2+1,11-15,9.Kat,12,Merkezi Doğalgaz,Boş,1450 TL,Kat Mülkiyeti,Evet,45000 TL,1,4 m²,Var,1,Açık Balkon,4 m²,1,,Genel Fiyat,1006,2,23.000TL, Başakşehir - Kayabaşı Mahallesi,https://www.emlakjet.com//ilan/son-5-gun-emlakci-araci-yok-direk-mal-sahibinden-kiralik-17058262/,Sıfır,,Boş,Yok,,
960,17058030,22 Mart 2025,24 Mart 2025,Konut,Kiralık,Daire,52 m²,70 m²,1+1,5-10,19.Kat,30,Merkezi (Pay Ölçer),Boş,,Yabancıdan,Evet,,1,,,,,,,,Genel Fiyat,,,30.000TL, Avcılar - Üniversite Mahallesi,https://www.emlakjet.com//ilan/universite-mah-allure-tower-da-11-deniz-manzarali-kiralik-daire-17058030/,,,,,,
961,17057952,22 Mart 2025,04 Nisan 2025,Konut,Kiralık,Daire,120 m²,140 m²,2+1,5-10,2.Kat,5,Kombi Doğalgaz,Boş,50 TL,Yabancıdan,Hayır,14000 TL,2,,Var,1,Açık Balkon,,,,Genel Fiyat,,,14.000TL, Esenyurt - Şehitler Mahallesi,https://www.emlakjet.com//ilan/kirac-sehitler-mahallesi-nde-genis-ailelere-ozel-temiz-daire-17057952/,,,,,,
962,17057913,22 Mart 2025,22 Mart 2025,Konut,Kiralık,Daire,47 m²,55 m²,1+1,5-10,1.Kat,4,Kombi Doğalgaz,Kiracı Oturuyor,,Kat İrtifakı,Hayır,,1,,,,,,,,Genel Fiyat,2202,2,17.000TL, Zeytinburnu - Sümer Mahallesi,https://www.emlakjet.com//ilan/sumerde-11-55m2-yeni-bina-asansorlu-1-kat-17057913/,,,,,,
963,17057910,22 Mart 2025,22 Mart 2025,Konut,Kiralık,Daire,75 m²,85 m²,2+1,21 Ve Üzeri,1.Kat,3,Kombi Doğalgaz,Boş,,Kat Mülkiyeti,Hayır,,1,,,,,,,,Genel Fiyat,483,7,32.500TL, Kadıköy - Hasanpaşa Mahallesi,https://www.emlakjet.com//ilan/eurocity-den-acibademde-telekoma-yakin-ara-kat-ici-yapili-21-17057910/,,,,,,
964,17057823,22 Mart 2025,22 Mart 2025,Konut,Kiralık,Daire,60 m²,65 m²,1+1,0 (Yeni),Düz Giriş (Zemin),3,Kombi Doğalgaz,Boş,,Kat Mülkiyeti,Hayır,,1,,,,,,,,Genel Fiyat,,,23.000TL, Ataşehir - İnönü Mahallesi,https://www.emlakjet.com//ilan/19-mayis-cad-uzerinde-sifir-binada-kiralik-11-ters-dublex-17057823/,İkinci El,,Boş,Yok,,
965,17057800,22 Mart 2025,04 Nisan 2025,Konut,Kiralık,Daire,80 m²,90 m²,2+1,4,2.Kat,6,Kombi Doğalgaz,Boş,,Kat Mülkiyeti,Hayır,13500 TL,1,,Yok,,,,2,,Genel Fiyat,3155,4,13.500TL, Esenyurt - Süleymaniye Mahallesi,https://www.emlakjet.com//ilan/esenyurt-ardicli-suleymaniye-mahallesi-21-kiralik-daire-80-m2-2-kat-asansorlu-temiz-bos-daire-17057800/,İkinci El,Betonarme,Boş,Yok,Hayır,
966,17057721,22 Mart 2025,22 Mart 2025,Konut,Kiralık,Daire,120 m²,130 m²,3+1,21 Ve Üzeri,2.Kat,4,Kombi Doğalgaz,Boş,,Kat İrtifakı,Hayır,,1,,,,,,,,Genel Fiyat,,,32.000TL, Ataşehir - İçerenköy Mahallesi,https://www.emlakjet.com//ilan/alanaldi-caddesi-uzerinde-ara-kat-genis-31-daire-17057721/,İkinci El,,Boş,Yok,,
967,17057594,22 Mart 2025,04 Nisan 2025,Konut,Kiralık,Daire,125 m²,135 m²,3+1,11-15,3.Kat,4,Kombi Doğalgaz,Boş,,Kat Mülkiyeti,Hayır,,1,,,,,,,,Genel Fiyat,5442,4,20.000TL, Silivri - Piri Mehmet Paşa Mahallesi,https://www.emlakjet.com//ilan/silivri-carsi-merkezde-31-kiralik-daire-17057594/,,,,,,
968,17057583,22 Mart 2025,02 Nisan 2025,Konut,Kiralık,Daire,150 m²,190 m²,3+1,21 Ve Üzeri,5.Kat,5,Kombi Doğalgaz,Boş,,Yabancıdan,Evet,,2,,,,,,,,Genel Fiyat,,,29.000TL, Esenyurt - Zafer Mahallesi,https://www.emlakjet.com//ilan/esenyurt-zafer-mh-ozlensehir-sitesinde-full-esyali-31-merkezi-k-17057583/,,,,,,
969,17057581,22 Mart 2025,04 Nisan 2025,Konut,Kiralık,Daire,80 m²,90 m²,2+1,4,2.Kat,4,Kombi Doğalgaz,Boş,,Kat Mülkiyeti,Hayır,13000 TL,1,,Yok,,,,1,,Genel Fiyat,522,4,13.500TL, Esenyurt - Yenikent Mahallesi,https://www.emlakjet.com//ilan/esenyurt-yenikent-mahallesi-21-kiralik-daire-2-kat-80-m2-asansorlu-cadde-uzeri-merkezi-konum-17057581/,İkinci El,Betonarme,Boş,Yok,Hayır,
970,17057574,22 Mart 2025,04 Nisan 2025,Konut,Kiralık,Daire,80 m²,85 m²,2+1,21 Ve Üzeri,4.Kat,4,Kombi Doğalgaz,Boş,150 TL,Kat Mülkiyeti,Hayır,30000 TL,1,,Var,1,Kapalı Balkon,,2,,Genel Fiyat,2639,298,30.000TL, Üsküdar - Sultantepe Mahallesi,https://www.emlakjet.com//ilan/as-emlak-tan-21-sultantepede-merkeze-yakin-4-kat-85m2-daire-17057574/,İkinci El,Betonarme,Boş,Yok,Evet,
971,17057544,22 Mart 2025,22 Mart 2025,Konut,Kiralık,Daire,120 m²,150 m²,4+1,16-20,5.Kat,7,Kombi Doğalgaz,Boş,,Kat Mülkiyeti,Evet,,2,,,,,,,,Genel Fiyat,1949,3,60.000TL, Ataşehir - Küçükbakkalköy Mahallesi,https://www.emlakjet.com//ilan/atasehir-or-ko-sitesinde-kiralik-41-daire-17057544/,,,,,,
972,17057543,22 Mart 2025,29 Mart 2025,Konut,Kiralık,Daire,47 m²,48 m²,1+1,21 Ve Üzeri,2.Kat,5,Merkezi Doğalgaz,Boş,,Kat Mülkiyeti,Evet,,1,,,,,,,,Genel Fiyat,560,4,20.000TL, Küçükçekmece - Atakent Mahallesi,https://www.emlakjet.com//ilan/kucukcekmece-atakent-3-etap-560-ada-da-arakat-bos-kiralik-11-47m2-daire-17057543/,,,,,,
973,17057514,22 Mart 2025,22 Mart 2025,Konut,Kiralık,Daire,58 m²,68 m²,1+1,5-10,2.Kat,8,Merkezi (Pay Ölçer),Boş,,Kat Mülkiyeti,Evet,,1,,,,,,,,Genel Fiyat,,1949,23.000TL, Sancaktepe - Emek Mahallesi,https://www.emlakjet.com//ilan/seeworld-dore-life-11-kiralik-70m2-dorelife-sancaktepe-17057514/,,,,,,
974,17057458,22 Mart 2025,26 Mart 2025,Konut,Kiralık,Daire,120 m²,130 m²,3+1,16-20,3.Kat,5,Kombi Doğalgaz,Boş,,Kat İrtifakı,Hayır,,1,,,,,,,,Genel Fiyat,,9652,30.000TL, Bahçelievler - Cumhuriyet Mahallesi,https://www.emlakjet.com//ilan/cumhuriyet-mh-genc-binada-31-ara-kat-ceylan-gayrimenkul-den-17057458/,,,,,,
975,17057270,22 Mart 2025,22 Mart 2025,Konut,Kiralık,Daire,120 m²,140 m²,3+1,11-15,5.Kat,6,Kombi Doğalgaz,Boş,500 TL,Bilinmiyor,Hayır,,1,,,,,,,,Genel Fiyat,,,38.000TL, Kartal - Atalar Mahallesi,https://www.emlakjet.com//ilan/atalarin-merkezinde-genc-binada-genis-31-17057270/,İkinci El,Betonarme,,Yok,,
976,17057211,22 Mart 2025,22 Mart 2025,Konut,Kiralık,Daire,60 m²,70 m²,1+1,5-10,Bahçe Katı,5,Kombi Doğalgaz,Boş,,Kat Mülkiyeti,Hayır,,1,,,,,,,,Genel Fiyat,704,1,13.500TL, Eyüpsultan - Esentepe Mahallesi,https://www.emlakjet.com//ilan/ozer-emlak-tan-kiralik-daire-11-5-17057211/,,,,,,
977,17057207,22 Mart 2025,24 Mart 2025,Konut,Kiralık,Daire,65 m²,70 m²,2+0,21 Ve Üzeri,Düz Giriş (Zemin),3,Kombi Doğalgaz,Boş,,Kat Mülkiyeti,Hayır,,1,,,,,,,,Genel Fiyat,,,28.000TL, Sarıyer - Emirgan Mahallesi,https://www.emlakjet.com//ilan/istanbul-sariyer-emirgan-kiralik-20-daire-17057207/,,,Boş,Yok,,
978,17057112,22 Mart 2025,22 Mart 2025,Konut,Kiralık,Daire,100 m²,110 m²,3+1,21 Ve Üzeri,4.Kat,4,Kombi Doğalgaz,Boş,,Kat İrtifakı,Hayır,,1,,,,,,,,Genel Fiyat,,,19.000TL, Güngören - Güven Mahallesi,https://www.emlakjet.com//ilan/cesit-emlak-guven-mahallesi-yuruyus-yolu-yakini-31kiralik-daire-17057112/,,,Boş,Yok,,
979,17057097,22 Mart 2025,24 Mart 2025,Konut,Kiralık,Daire,72 m²,84 m²,2+1,21 Ve Üzeri,6.Kat,7,Merkezi Doğalgaz,Boş,,Kat Mülkiyeti,Evet,,1,,,,,,,,Genel Fiyat,,,25.000TL, Esenyurt - Aşık Veysel Mahallesi,https://www.emlakjet.com//ilan/esenkent-orkide-evlerinde-kiralik-21-tadilatli-temiz-17057097/,,,Eşyalı,Yok,,
980,17056972,22 Mart 2025,22 Mart 2025,Konut,Kiralık,Daire,70 m²,76 m²,1+1,3,6.Kat,15,Merkezi (Pay Ölçer),Boş,,Tapu Kaydı Yok,Evet,,1,,,,,,,,Genel Fiyat,,,33.000TL, Zeytinburnu - Sümer Mahallesi,https://www.emlakjet.com//ilan/loca-mahal-sitesinde-peyzaj-manzarali-11-kiralik-daire-17056972/,,,Boş,Yok,,
981,17056931,22 Mart 2025,22 Mart 2025,Konut,Kiralık,Daire,170 m²,190 m²,5+2,1,5.Kat,5,Kombi Doğalgaz,Boş,,Kat Mülkiyeti,Hayır,,2,,,,,,,,Genel Fiyat,,,35.500TL, Sultanbeyli - Adil Mahallesi,https://www.emlakjet.com//ilan/heradan-adilde-52-lux-kiralik-dubleks-daire-17056931/,,,Boş,Yok,,
982,17056875,22 Mart 2025,24 Mart 2025,Konut,Kiralık,Daire,85 m²,90 m²,2+1,5-10,Bahçe Katı,4,Kombi Doğalgaz,Boş,,Kat Mülkiyeti,Hayır,,Yok,,,,,,,,Genel Fiyat,,,15.000TL, Sultangazi - Cebeci Mahallesi,https://www.emlakjet.com//ilan/gulistan-ins-kiralik-daire-17056875/,,,,Yok,,
983,17056866,21 Mart 2025,04 Nisan 2025,Konut,Kiralık,Daire,75 m²,95 m²,1+1,5-10,Yüksek Giriş,5,Kombi Doğalgaz,Boş,100 TL,Yabancıdan,Hayır,28000 TL,1,,Var,,,,,,Genel Fiyat,,,14.000TL, Esenyurt - Turgut Özal Mahallesi,https://www.emlakjet.com//ilan/merkezi-ve-nezih-lokasyonunda-full-esyali-temiz-daire-17056866/,,,Eşyalı,,,
984,17056861,21 Mart 2025,04 Nisan 2025,Konut,Kiralık,Daire,35 m²,60 m²,Stüdyo,5-10,5.Kat,15,Kombi Doğalgaz,Boş,1200 TL,Yabancıdan,Evet,24000 TL,1,,,,,,,,Genel Fiyat,,,12.000TL, Esenyurt - Barbaros Hayrettin Paşa Mahallesi,https://www.emlakjet.com//ilan/metrobuse-yurume-mesafesi-ultra-luks-temiz-studyo-esyali-daire-17056861/,,,Eşyalı,,,
985,17056792,21 Mart 2025,02 Nisan 2025,Konut,Kiralık,Daire,45 m²,50 m²,2+1,21 Ve Üzeri,3.Kat,4,Kombi Doğalgaz,Boş,,Kat Mülkiyeti,Hayır,50000 TL,1,,Var,1,Kapalı Balkon,,,,Genel Fiyat,313,18,27.500TL, Üsküdar - Selimiye Mahallesi,https://www.emlakjet.com//ilan/selimiye-sifirlanmis-kiralik-21-kombili-daire-3-kat-17056792/,İkinci El,Betonarme,Boş,Yok,Evet,
986,17056785,21 Mart 2025,21 Mart 2025,Konut,Kiralık,Daire,45 m²,58 m²,1+1,5-10,10.Kat,26,Merkezi (Pay Ölçer),Boş,,Kat Mülkiyeti,Evet,,1,,,,,,,,Genel Fiyat,,,18.500TL, Başakşehir - Bahçeşehir 2. Kısım Mahallesi,https://www.emlakjet.com//ilan/bahcekent-emlak-konutlari-kiralik-11-daire-17056785/,,,Boş,Yok,,
987,17056754,21 Mart 2025,21 Mart 2025,Konut,Kiralık,Daire,105 m²,120 m²,2+1,21 Ve Üzeri,4.Kat,5,Kombi Doğalgaz,Boş,,Hisseli Tapu,Hayır,40000 TL,1,,Var,1,Kapalı Balkon,5 m²,1,,Genel Fiyat,278,16,20.000TL, Bağcılar - Çınar Mahallesi,https://www.emlakjet.com//ilan/sahibinden-merkezi-konumda-120m2-masrafsiz-daire-17056754/,İkinci El,,Boş,Yok,,
988,17056740,21 Mart 2025,24 Mart 2025,Konut,Kiralık,Daire,80 m²,85 m²,2+1,3,Kot 1 (-1).Kat,5,Kombi Doğalgaz,Boş,,Kat Mülkiyeti,Hayır,,1,,,,,,,,Genel Fiyat,,,20.000TL, Şişli - Kuştepe Mahallesi,https://www.emlakjet.com//ilan/paradan-bos-balkonlu-ayri-mutfak-luks-21-daire-metro-15dk-17056740/,,,Boş,Yok,,
989,17056651,21 Mart 2025,27 Mart 2025,Konut,Kiralık,Daire,140 m²,150 m²,3+1,0 (Yeni),4.Kat,4,Kombi Doğalgaz,Boş,,Yabancıdan,Hayır,,2,,Var,1,,,,,Genel Fiyat,,,36.000TL, Küçükçekmece - Yeni Mahalle Mahallesi,https://www.emlakjet.com//ilan/seba-dan-yeni-mh-31-150m2-sifir-asansorlu-genis-terasli-dubleks-17056651/,,,,,Evet,
990,17056596,21 Mart 2025,24 Mart 2025,Konut,Kiralık,Daire,125 m²,130 m²,3+1,21 Ve Üzeri,Çatı Katı,5,Doğalgaz Sobalı,Boş,,Kat İrtifakı,Hayır,,1,,,,,,,,Genel Fiyat,,,16.000TL, Sultangazi - İsmetpaşa Mahallesi,https://www.emlakjet.com//ilan/ismetpasa-mah-kiralik-31-130m2-4-kat-17056596/,,,Boş,Yok,,
991,17056538,21 Mart 2025,21 Mart 2025,Konut,Kiralık,Daire,110 m²,120 m²,3+1,21 Ve Üzeri,3.Kat,4,Kombi Doğalgaz,Boş,,Tapu Kaydı Yok,Hayır,32000 TL,1,,Var,2,Açık Balkon,,1,,Genel Fiyat,,,32.000TL, Sarıyer - Tarabya Mahallesi,https://www.emlakjet.com//ilan/tarabyada-31-ara-kat-kiralik-daire-17056538/,,,,Yok,,
992,17056514,21 Mart 2025,21 Mart 2025,Konut,Kiralık,Daire,100 m²,110 m²,2+1,21 Ve Üzeri,3.Kat,3,Kombi Doğalgaz,Boş,,Hisseli Tapu,Hayır,40000 TL,1,,Var,1,Açık Balkon,,,,Genel Fiyat,974,28,40.000TL, Sarıyer - Yeniköy Mahallesi,https://www.emlakjet.com//ilan/yenikoy-de-21-kiralik-daire-17056514/,,,Boş,,Hayır,
993,17056419,21 Mart 2025,21 Mart 2025,Konut,Kiralık,Daire,175 m²,180 m²,2+2,5-10,4.Kat,4,Kombi Doğalgaz,Boş,,Yabancıdan,Evet,,2,,Var,,,,,,Genel Fiyat,,,23.000TL, Beylikdüzü - Kavaklı Mahallesi,https://www.emlakjet.com//ilan/aqua-kavakli-da-22-dubleks-daire-17056419/,,,,,,
994,17056336,21 Mart 2025,04 Nisan 2025,Konut,Kiralık,Daire,90 m²,95 m²,2+1,16-20,1.Kat,4,Kombi Doğalgaz,Boş,0 TL,Kooperatiften Tapu,Hayır,17000 TL,1,6 m²,Var,1,Kapalı Balkon,9 m²,2,6 m²,Genel Fiyat,,,17.000TL, Ümraniye - Ihlamurkuyu Mahallesi,https://www.emlakjet.com//ilan/umraniye-ihlamurkuyu-metro-yurume-mesafesi-1-kat-90-metre-bolkon-mevcut-bekara-yabanci-ya-17056336/,İkinci El,Betonarme,Boş,Yok,Hayır,25 m²
995,17056307,21 Mart 2025,21 Mart 2025,Konut,Kiralık,Daire,80 m²,85 m²,2+1,5-10,3.Kat,5,Kombi Doğalgaz,Boş,10 TL,Kooperatiften Tapu,Hayır,25000 TL,1,,,,,,,,Genel Fiyat,,,25.000TL, Sultangazi - Cebeci Mahallesi,https://www.emlakjet.com//ilan/cebeci-mah-21-85m2-3-kat-kira-25-000-asansorlu-17056307/,,,,,,
996,17056226,21 Mart 2025,21 Mart 2025,Konut,Kiralık,Daire,90 m²,110 m²,2+1,21 Ve Üzeri,2.Kat,6,Kombi Doğalgaz,Boş,,Bilinmiyor,Hayır,,1,,,,,,,,Genel Fiyat,,,20.000TL, Küçükçekmece - Cennet Mahallesi,https://www.emlakjet.com//ilan/kucukcekmece-cennet-mahallesinde-kiralik-esyali-21-daire-17056226/,İkinci El,Betonarme,,Yok,,
997,17056213,21 Mart 2025,24 Mart 2025,Konut,Kiralık,Daire,90 m²,100 m²,2+1,21 Ve Üzeri,1.Kat,2,Kombi Doğalgaz,Boş,,Arsa Tapulu,Hayır,,1,,,,,,,,Genel Fiyat,,,24.000TL, Beykoz - Merkez Mahallesi,https://www.emlakjet.com//ilan/beykoz-merkez-21-mustakil-giris-tadilatli-boyali-temiz-kiralik-17056213/,,,Boş,Yok,,
998,17056196,21 Mart 2025,04 Nisan 2025,Konut,Kiralık,Daire,190 m²,200 m²,5+1,11-15,3.Kat,3,Kombi Doğalgaz,Boş,200 TL,Kat Mülkiyeti,Hayır,37500 TL,2,4 m²,Var,2,"Açık Balkon, Açık Teras",6 m²,2,2 m²,Genel Fiyat,,5600,37.500TL, Küçükçekmece - Yeni Mahalle Mahallesi,https://www.emlakjet.com//ilan/meral-r6338-merkezi-konumda-yeni-10yas-3katli-binada-3-kat-3cephe-dubleks-17056196/,İkinci El,Betonarme,Boş,Yok,Evet,30 m²
999,17056174,21 Mart 2025,21 Mart 2025,Konut,Kiralık,Daire,80 m²,85 m²,1+1,16-20,1.Kat,5,Isıtma Yok,Boş,,Yabancıdan,Hayır,9500 TL,1,,Yok,,,,,,Genel Fiyat,,,9.500TL, Sultangazi - Sultançiftliği Mahallesi,https://www.emlakjet.com//ilan/sultanciftligi-mahde-kiralik-bekara-yabanciya-uygun-kiralik-arakat-daire-17056174/,İkinci El,Betonarme,,Var,Evet,
1000,17056174,21 Mart 2025,21 Mart 2025,Konut,Kiralık,Daire,80 m²,85 m²,1+1,16-20,1.Kat,5,Isıtma Yok,Boş,,Yabancıdan,Hayır,9500 TL,1,,Yok,,,,,,Genel Fiyat,,,9.500TL, Sultangazi - Sultançiftliği Mahallesi,https://www.emlakjet.com//ilan/sultanciftligi-mahde-kiralik-bekara-yabanciya-uygun-kiralik-arakat-daire-17056174/,İkinci El,Betonarme,,Var,Evet,
1001,17056170,21 Mart 2025,21 Mart 2025,Konut,Kiralık,Daire,70 m²,80 m²,1+1,11-15,1.Kat,5,Sobalı,Boş,,Kooperatiften Tapu,Hayır,10000 TL,1,,Var,,,,,,Genel Fiyat,,,10.000TL, Sultangazi - Sultançiftliği Mahallesi,https://www.emlakjet.com//ilan/sultanciftligi-mah-de-yabancilara-bekarlara-uygun-orta-kat-daire-17056170/,,,,,,
1002,17056143,21 Mart 2025,22 Mart 2025,Konut,Kiralık,Daire,170 m²,180 m²,3+1,16-20,Çatı Dubleks,5,Kombi Doğalgaz,Boş,,Kooperatiften Tapu,Hayır,21000 TL,2,,Var,,,,,,Genel Fiyat,,,21.000TL, Sultangazi - Cebeci Mahallesi,https://www.emlakjet.com//ilan/cebeci-mah-de-hastanenin-karsisinda-ici-sifir-dubleks-daire-17056143/,,,,,,
1003,17056059,21 Mart 2025,01 Nisan 2025,Konut,Kiralık,Daire,70 m²,75 m²,1+1,21 Ve Üzeri,Çatı Katı,3,Kombi Doğalgaz,Boş,,Yabancıdan,Hayır,20000 TL,1,,Var,1,Açık Teras,,1,,Genel Fiyat,,,20.000TL, Sarıyer - Maden Mahallesi,https://www.emlakjet.com//ilan/sariyer-madende-11-kiralik-daire-17056059/,İkinci El,Betonarme,Boş,,,
1004,17056006,21 Mart 2025,04 Nisan 2025,Konut,Kiralık,Daire,120 m²,125 m²,3+1,0 (Yeni),4.Kat,8,Kombi Doğalgaz,Boş,,Kat Mülkiyeti,Evet,,2,,Var,2,Açık Balkon,,2,,Genel Fiyat,2311,1,25.000TL, Esenyurt - Barbaros Hayrettin Paşa Mahallesi,https://www.emlakjet.com//ilan/esyali-kiralik-31-metrobuse-5-dakika-17056006/,,,Eşyalı,,,
1005,17055572,21 Mart 2025,04 Nisan 2025,Konut,Kiralık,Daire,80 m²,90 m²,2+1,4,Bahçe Katı,5,Kombi Doğalgaz,Boş,,Kat Mülkiyeti,Hayır,,1,,,,,,,,Genel Fiyat,609,31,8.750TL, Esenyurt - Balıkyolu Mahallesi,https://www.emlakjet.com//ilan/merkezi-konumda-21-kiralik-bahceli-bahce-kati-17055572/,,,,,,
1006,17055498,21 Mart 2025,21 Mart 2025,Konut,Kiralık,Daire,55 m²,75 m²,1+1,5-10,2.Kat,15,Merkezi Doğalgaz,Boş,,Kat Mülkiyeti,Evet,,1,,,,,,,,Genel Fiyat,,,20.000TL, Başakşehir - Bahçeşehir 2. Kısım Mahallesi,https://www.emlakjet.com//ilan/bahcesehir-spradon-vadi-evleri-11-kiralik-daire-17055498/,,,Boş,Yok,,
1007,17055450,21 Mart 2025,21 Mart 2025,Konut,Kiralık,Daire,80 m²,90 m²,2+1,21 Ve Üzeri,3.Kat,4,Kombi Doğalgaz,Boş,150 TL,Bilinmiyor,Hayır,,1,,,,,,,,Genel Fiyat,,,22.000TL, Üsküdar - Zeynep Kamil Mahallesi,https://www.emlakjet.com//ilan/zeynepkamil-ara-kat-21-full-esyali-kiralik-daire-17055450/,İkinci El,Betonarme,Eşyalı,Yok,,
1008,17055174,21 Mart 2025,04 Nisan 2025,Konut,Kiralık,Daire,95 m²,110 m²,2+1,5-10,Yüksek Giriş,4,Kombi Doğalgaz,Boş,50 TL,Yabancıdan,Hayır,10000 TL,2,,,,,,,,Genel Fiyat,,,10.000TL, Esenyurt - Mehterçeşme Mahallesi,https://www.emlakjet.com//ilan/metrobuse-yakin-yenilenmis-temiz-daire-17055174/,,,,,,
1009,17055161,21 Mart 2025,28 Mart 2025,Konut,Kiralık,Daire,70 m²,75 m²,2+1,21 Ve Üzeri,Bahçe Katı,4,Kombi Doğalgaz,Boş,,Kat İrtifakı,Hayır,,1,,,,,,,,Genel Fiyat,2169,14,15.000TL, Zeytinburnu - Gökalp Mahallesi,https://www.emlakjet.com//ilan/gokalp-te-21-yari-bodrum-kiralik-daire-17055161/,,,,,,
1010,17055160,21 Mart 2025,04 Nisan 2025,Konut,Kiralık,Daire,110 m²,120 m²,2+1,5-10,Yüksek Giriş,4,Kombi Doğalgaz,Boş,50 TL,Yabancıdan,Hayır,10000 TL,2,,,,,,,,Genel Fiyat,,,10.000TL, Esenyurt - Atatürk Mahallesi,https://www.emlakjet.com//ilan/kirac-ataturk-mahallesi-nde-temiz-daire-17055160/,,,,,,
1011,17055090,21 Mart 2025,03 Nisan 2025,Konut,Kiralık,Daire,50 m²,65 m²,1+1,21 Ve Üzeri,3.Kat,5,Kombi Doğalgaz,Boş,,Tapu Kaydı Yok,Hayır,,1,,,,,,,,Genel Fiyat,,,15.000TL, Fatih - Hırka,https://www.emlakjet.com//ilan/arslan-emlak-11-kombili-17055090/,,,,,,
1012,17055060,21 Mart 2025,04 Nisan 2025,Konut,Kiralık,Daire,120 m²,140 m²,3+1,4,Düz Giriş (Zemin),4,Kombi Doğalgaz,Boş,50 TL,Yabancıdan,Hayır,15000 TL,2,,Var,,,,,,Genel Fiyat,,,15.000TL, Esenyurt - Piri Reis Mahallesi,https://www.emlakjet.com//ilan/merkezi-konumda-metrobuse-yakin-full-esyali-daire-17055060/,,,Eşyalı,,,
1013,17054995,21 Mart 2025,02 Nisan 2025,Konut,Kiralık,Daire,140 m²,150 m²,3+1,0 (Yeni),7.Kat,41,Kombi Doğalgaz,Boş,,Kat Mülkiyeti,Evet,,2,,Var,,,,,,Genel Fiyat,1001,14,30.000TL, Esenyurt - Gökevler Mahallesi,https://www.emlakjet.com//ilan/secret-house-dan-peyzaj-cepheli-balkonlu-31-sifir-17054995/,,,,,,
1014,17054943,21 Mart 2025,21 Mart 2025,Konut,Kiralık,Daire,50 m²,60 m²,1+1,4,8.Kat,9,Kombi Doğalgaz,Boş,,Kat Mülkiyeti,Evet,,1,,,,,,,,Genel Fiyat,7215,6,21.000TL, Pendik - Velibaba Mahallesi,https://www.emlakjet.com//ilan/dg-den-dogatoria-sitesi-nde-full-site-ozellikli-11-kiralik-17054943/,,,,,,
1015,17054838,21 Mart 2025,04 Nisan 2025,Konut,Kiralık,Daire,50 m²,60 m²,1+1,1,12.Kat,20,Kombi Doğalgaz,Boş,,Kat Mülkiyeti,Hayır,,1,,,,,,,,Genel Fiyat,2945,100,15.000TL, Esenyurt - Yeşilkent Mahallesi,https://www.emlakjet.com//ilan/site-icinde-balkonlu-kullanisli-11-kiralik-daire-17054838/,,,,,,
1016,17054792,21 Mart 2025,21 Mart 2025,Konut,Kiralık,Daire,60 m²,70 m²,1+1,21 Ve Üzeri,Düz Giriş (Zemin),3,Sobalı,Kiracı Oturuyor,,Yabancıdan,Hayır,,1,,,,,,,,Genel Fiyat,,,10.000TL, Eyüpsultan - Karadolap Mahallesi,https://www.emlakjet.com//ilan/eyupsultan-karadolap-ta-kiralik-komur-sobali-giris-daire-17054792/,,,,,,
1017,17054773,21 Mart 2025,04 Nisan 2025,Konut,Kiralık,Daire,55 m²,70 m²,2+1,11-15,Düz Giriş (Zemin),4,Kombi Doğalgaz,Boş,,Kat İrtifakı,Hayır,19000 TL,1,,,,,,,,Genel Fiyat,335,34,19.000TL, Ümraniye - Armağanevler Mahallesi,https://www.emlakjet.com//ilan/umraniye-armaganevler-kiralik-21-daire-17054773/,,,,,,
1018,17054765,21 Mart 2025,04 Nisan 2025,Konut,Kiralık,Daire,80 m²,90 m²,2+1,4,Bahçe Katı,5,Kombi Doğalgaz,Boş,,Kat Mülkiyeti,Evet,,1,,,,,,,,Genel Fiyat,274,14,15.000TL, Esenyurt - Mehterçeşme Mahallesi,https://www.emlakjet.com//ilan/metrobuse-yakin-21-kiralik-bahce-kati-daire-17054765/,,,,,,
1019,17054694,21 Mart 2025,04 Nisan 2025,Konut,Kiralık,Daire,105 m²,125 m²,3+1,16-20,2.Kat,5,Kombi Doğalgaz,Boş,850 TL,Kat İrtifakı,Evet,30000 TL,1,,Var,2,Kapalı Balkon,,2,,Genel Fiyat,10550,1,30.000TL, Kartal - Uğur Mumcu Mahallesi,https://www.emlakjet.com//ilan/cevik-ten-ugurmumcuda-kiralik-31-daire-17054694/,İkinci El,Betonarme,Boş,Yok,,
1020,17054671,21 Mart 2025,03 Nisan 2025,Konut,Kiralık,Daire,90 m²,100 m²,2+1,21 Ve Üzeri,Bahçe Katı,2,Kombi Doğalgaz,Boş,,Kat Mülkiyeti,Hayır,,1,,Var,,,,,,Genel Fiyat,893,73,38.500TL, Bakırköy - Şenlikköy Mahallesi,https://www.emlakjet.com//ilan/secret-house-dan-metrobuse-yurume-mesafesinde-bahce-kullanimli-bakimli-21-duz-giris-17054671/,,,,,,
1021,17054670,21 Mart 2025,21 Mart 2025,Konut,Kiralık,Daire,70 m²,80 m²,2+1,21 Ve Üzeri,Kot 1 (-1).Kat,4,Merkezi Doğalgaz,Boş,,Kat Mülkiyeti,Hayır,,1,,,,,,,,Genel Fiyat,117,23,15.500TL, Eyüpsultan - Akşemsettin Mahallesi,https://www.emlakjet.com//ilan/eyup-aksemsettinde-kiralik-21-giris-alti-daire-17054670/,,,,,,
1022,17054605,21 Mart 2025,21 Mart 2025,Konut,Kiralık,Daire,55 m²,70 m²,1+1,0 (Yeni),2.Kat,3,Kombi Doğalgaz,Boş,,Kat Mülkiyeti,Hayır,,1,,,,,,,,Genel Fiyat,,,16.000TL, Sancaktepe - Mevlana Mahallesi,https://www.emlakjet.com//ilan/hemen-tasinmaya-hazir-kullanisli-sifir-11-kiralik-daire-17054605/,,,Boş,Yok,,
1023,17054562,21 Mart 2025,21 Mart 2025,Konut,Kiralık,Daire,80 m²,90 m²,2+1,5-10,2.Kat,5,Kombi Doğalgaz,Boş,,Kat Mülkiyeti,Hayır,,1,,,,,,,,Genel Fiyat,,,27.500TL, Çekmeköy - Mehmet Akif Mahallesi,https://www.emlakjet.com//ilan/mehmet-akif-mah-2185m2-balkonlu-masrafsiz-daire-17054562/,,,Boş,Yok,,
1024,17054522,21 Mart 2025,01 Nisan 2025,Konut,Kiralık,Daire,60 m²,75 m²,1+1,4,Bahçe Katı,5,Kombi Doğalgaz,Boş,,Kat İrtifakı,Hayır,,1,,Var,1,,30 m²,,,Genel Fiyat,,3027,25.000TL, Bahçelievler - Hürriyet Mahallesi,https://www.emlakjet.com//ilan/cadde-uzeri-yeni-binada-11-90-m2-esyali-ve-bahceli-kiralik-17054522/,,,Eşyalı,,,
1025,17054459,21 Mart 2025,23 Mart 2025,Konut,Kiralık,Daire,80 m²,90 m²,3+1,21 Ve Üzeri,Kot 1 (-1).Kat,3,Kombi Doğalgaz,Boş,100 TL,Arsa Tapulu,Hayır,15000 TL,2,,Yok,,,,,,Genel Fiyat,11196,6,15.000TL, Pendik - Çınardere Mahallesi,https://www.emlakjet.com//ilan/pendik-cinardere-mh-kiralik-daire-15-000-tl-17054459/,,,Boş,,,
1026,17054446,21 Mart 2025,04 Nisan 2025,Konut,Kiralık,Daire,80 m²,90 m²,2+1,21 Ve Üzeri,Düz Giriş (Zemin),4,Kombi Doğalgaz,Boş,,Kooperatiften Tapu,Hayır,22000 TL,1,,Var,1,Açık Teras,,,,Genel Fiyat,,,22.000TL, Üsküdar - Selami Ali Mahallesi,https://www.emlakjet.com//ilan/naz-emlaktan-selami-ali-mahallesinde-genis-balkonlu-21-kiralik-daire-17054446/,,,,,,
1027,17054356,21 Mart 2025,04 Nisan 2025,Konut,Kiralık,Daire,50 m²,65 m²,1+1,0 (Yeni),Çatı Dubleks,5,Kombi Doğalgaz,Boş,,Yabancıdan,Hayır,,1,,,,,,,,Genel Fiyat,,,25.000TL, Bahçelievler - Siyavuşpaşa Mahallesi,https://www.emlakjet.com//ilan/bahcelievler-siyavuspasa-ful-esyali-kiralik-sifir-11-daire-vizyo-17054356/,,,,,,
1028,17054109,21 Mart 2025,21 Mart 2025,Konut,Kiralık,Daire,98 m²,130 m²,3+1,5-10,6.Kat,14,Merkezi (Pay Ölçer),Boş,,Kat Mülkiyeti,Hayır,,2,,,,,,,,Genel Fiyat,1404,190,80.000TL, Kadıköy - Erenköy Mahallesi,https://www.emlakjet.com//ilan/erenkoy-de-site-icerisinde-caddeye-yakin-kiralik-31-daire-17054109/,,,,,,
1029,17054063,21 Mart 2025,30 Mart 2025,Konut,Kiralık,Daire,110 m²,120 m²,3+1,21 Ve Üzeri,3.Kat,4,Kombi Doğalgaz,Boş,,Tapu Kaydı Yok,Hayır,22000 TL,1,,Var,2,Açık Balkon,,,,Genel Fiyat,,,22.000TL, Sultanbeyli - Abdurrahmangazi Mahallesi,https://www.emlakjet.com//ilan/sultanbeyli-merkeze-yakin-31-110m2-kiralik-daire-17054063/,,,,,,
1030,17053870,21 Mart 2025,22 Mart 2025,Konut,Kiralık,Daire,55 m²,60 m²,1+1,21 Ve Üzeri,3.Kat,3,Kombi Doğalgaz,Boş,,Kat Mülkiyeti,Hayır,,1,,,,,,,,Genel Fiyat,1310,11,13.250TL, Fatih - Sümbül Efendi Mahallesi,https://www.emlakjet.com//ilan/altin-emlak-tan-balkonlu-cift-cephe-kiralik-11-17053870/,,,,,,
1031,17053821,21 Mart 2025,21 Mart 2025,Konut,Kiralık,Daire,85 m²,95 m²,2+1,11-15,Yüksek Giriş,5,Kombi Doğalgaz,Boş,,Kat Mülkiyeti,Hayır,,1,,,,,,,,Genel Fiyat,,,23.000TL, Gaziosmanpaşa - Merkez Mahallesi,https://www.emlakjet.com//ilan/gaziosmanpasa-merkez-mah-liralik-yuksek-giris-daire-17053821/,,,Boş,Yok,,
1032,17053818,21 Mart 2025,21 Mart 2025,Konut,Kiralık,Daire,75 m²,85 m²,2+1,16-20,Bodrum Kat,3,Kombi Doğalgaz,Boş,,Kat İrtifakı,Hayır,,1,,,,,,,,Genel Fiyat,,,16.750TL, Bayrampaşa - Kartaltepe Mahallesi,https://www.emlakjet.com//ilan/kiralik-21-85m-18-yillik-yuksek-bodrum-metroya-tramvaya-yakin-17053818/,,,Boş,Yok,,
1033,17053808,21 Mart 2025,21 Mart 2025,Konut,Kiralık,Daire,45 m²,55 m²,1+1,21 Ve Üzeri,3.Kat,6,Merkezi (Pay Ölçer),Boş,,Tapu Kaydı Yok,Evet,,1,,,,,,,,Genel Fiyat,,,23.000TL, Başakşehir - Bahçeşehir 1. Kısım Mahallesi,https://www.emlakjet.com//ilan/basaksehir-1-kisimda-kiralik-arakat-17053808/,,,Boş,Yok,,
1034,17053788,21 Mart 2025,21 Mart 2025,Konut,Kiralık,Daire,85 m²,90 m²,2+1,11-15,2.Kat,5,Kombi Doğalgaz,Boş,,Kat İrtifakı,Hayır,,1,,,,,,,,Genel Fiyat,368,1,21.500TL, Küçükçekmece - İstasyon Mahallesi,https://www.emlakjet.com//ilan/halkali-istasyon-mah-mamaray-yakini-bankacilar116-kiralik-daire-17053788/,İkinci El,Betonarme,,Yok,,
1035,17053775,21 Mart 2025,21 Mart 2025,Konut,Kiralık,Daire,32 m²,46 m²,1 Oda,11-15,8.Kat,16,Merkezi (Pay Ölçer),Boş,2235 TL,Kat Mülkiyeti,Hayır,,1,,,,,,,,Genel Fiyat,844,3,21.500TL, Küçükçekmece - Atakent Mahallesi,https://www.emlakjet.com//ilan/halkali-atakent-soyak-park-aparts-10-esyali-kiralik-daire-17053775/,İkinci El,Betonarme,,Yok,,
1036,17053739,21 Mart 2025,21 Mart 2025,Konut,Kiralık,Daire,84 m²,94 m²,1+1,5-10,12.Kat,22,Merkezi (Pay Ölçer),Boş,,Kat Mülkiyeti,Hayır,,1,,,,,,,,Genel Fiyat,801,21,32.500TL, Küçükçekmece - Atakent Mahallesi,https://www.emlakjet.com//ilan/halkali-atakent-istanbul-saraylari-nda-11-84m2-kiralik-daire-17053739/,İkinci El,Betonarme,,Yok,,
1037,17053611,21 Mart 2025,21 Mart 2025,Konut,Kiralık,Daire,116 m²,132 m²,3+1,5-10,5.Kat,12,Kombi Doğalgaz,Kiracı Oturuyor,2245 TL,Kat Mülkiyeti,Hayır,,1,,,,,,,,Genel Fiyat,654,1,35.000TL, Küçükçekmece - Atakent Mahallesi,https://www.emlakjet.com//ilan/halkali-atakent-toki-fulya-sitesinde-31-kiralik-daire-17053611/,İkinci El,Betonarme,,Yok,,
1038,17053607,21 Mart 2025,25 Mart 2025,Konut,Kiralık,Daire,40 m²,50 m²,1+1,0 (Yeni),Düz Giriş (Zemin),5,Kombi Doğalgaz,Boş,,Kat İrtifakı,Hayır,30000 TL,1,,Yok,,,,1,,Genel Fiyat,2084,19,18.000TL, Ümraniye - İnkılap Mahallesi,https://www.emlakjet.com//ilan/umraniye-inkilap-mah-hastaneye-yakin-11-kiralik-17053607/,Sıfır,,Boş,,,
1039,17053593,21 Mart 2025,21 Mart 2025,Konut,Kiralık,Daire,30 m²,38 m²,1+1,11-15,3.Kat,3,Kombi Doğalgaz,Boş,,Kat Mülkiyeti,Hayır,,1,,,,,,,,Genel Fiyat,,,20.250TL, Ataşehir - Küçükbakkalköy Mahallesi,https://www.emlakjet.com//ilan/kucukbakkalkoyde-merkezi-konumda-kiralik-cati-kat-11-bos-daire-17053593/,,,Boş,Yok,,
1040,17053578,21 Mart 2025,21 Mart 2025,Konut,Kiralık,Daire,35 m²,45 m²,1+1,0 (Yeni),Yüksek Giriş,4,Kombi Doğalgaz,Boş,,Kat İrtifakı,Hayır,22000 TL,1,,Yok,,,,,,Genel Fiyat,7217,5,22.000TL, Sancaktepe - Osmangazi Mahallesi,https://www.emlakjet.com//ilan/osmangazi-mah-butik-sitede-11-giris-daire-17053578/,Sıfır,Betonarme,,,,
1041,17053521,21 Mart 2025,21 Mart 2025,Konut,Kiralık,Daire,85 m²,95 m²,2+1,0 (Yeni),7.Kat,13,Merkezi (Pay Ölçer),Boş,3028 TL,Kat İrtifakı,Hayır,,1,,,,,,,,Genel Fiyat,243,13,25.000TL, Başakşehir - Güvercintepe Mahallesi,https://www.emlakjet.com//ilan/kayasehir-kayapark-sakura-evleri-21-sifir-kiralik-daire-17053521/,Sıfır,Betonarme,,Yok,,
1042,17053484,21 Mart 2025,21 Mart 2025,Konut,Kiralık,Daire,36 m²,45 m²,1+1,11-15,11.Kat,19,Merkezi (Pay Ölçer),Boş,4500 TL,Kat İrtifakı,Evet,60000 TL,1,,,,,,,,Genel Fiyat,15718,16,30.000TL, Maltepe - Başıbüyük Mahallesi,https://www.emlakjet.com//ilan/universitelere-yakin-kentplus-centrium-11-esyali-kiralik-daire-17053484/,,,,,,
1043,17053424,21 Mart 2025,21 Mart 2025,Konut,Kiralık,Daire,45 m²,55 m²,1+1,5-10,4.Kat,28,Merkezi (Pay Ölçer),Boş,,Kat Mülkiyeti,Evet,,1,,,,,,,,Genel Fiyat,,,25.500TL, Başakşehir - Başakşehir Mahallesi,https://www.emlakjet.com//ilan/basaksehir-medikule-de-11-esyali-kiralik-arakat-daire-17053424/,,,Eşyalı,Yok,,
1044,17053349,21 Mart 2025,21 Mart 2025,Konut,Kiralık,Daire,80 m²,90 m²,2+1,5-10,Bahçe Katı,4,Kombi Doğalgaz,Boş,,Kat Mülkiyeti,Hayır,,1,,,,,,,,Genel Fiyat,,5397,18.000TL, Avcılar - Cihangir Mahallesi,https://www.emlakjet.com//ilan/avcilarda-yeni-binada-21-kiralik-bahce-kati-daire-17053349/,,,,,,
1045,17053233,21 Mart 2025,21 Mart 2025,Konut,Kiralık,Daire,110 m²,130 m²,2+1,3,5.Kat,5,Kombi Doğalgaz,Boş,350 TL,Kat Mülkiyeti,Hayır,28000 TL,1,,Var,1,Açık Teras,40 m²,2,,Genel Fiyat,5460,1,28.000TL, Arnavutköy - Taşoluk Mahallesi,https://www.emlakjet.com//ilan/esyali-merto-istasyonuna-5-dkk-yurume-mesafesinde-17053233/,Sıfır,Betonarme,Eşyalı,,Evet,
1046,17053196,21 Mart 2025,21 Mart 2025,Konut,Kiralık,Daire,80 m²,85 m²,3+1,21 Ve Üzeri,Yüksek Giriş,4,Kombi Doğalgaz,Boş,,Kat Mülkiyeti,Hayır,,2,,,,,,,,Genel Fiyat,,,23.000TL, Üsküdar - Valide,https://www.emlakjet.com//ilan/uskudar-valide-i-atikte-31-yuksek-giris-kiralik-daire-17053196/,,,Boş,Yok,,
1047,17053164,21 Mart 2025,21 Mart 2025,Konut,Kiralık,Daire,85 m²,95 m²,2+1,16-20,Kot 1 (-1).Kat,4,Kombi Doğalgaz,Boş,,Arsa Tapulu,Hayır,,1,,,,,,,,Genel Fiyat,,,12.000TL, Pendik - Ahmet Yesevi Mahallesi,https://www.emlakjet.com//ilan/ahmet-yesevi-hurriyyet-caddesine-yakin-21-genis-kiralik-daire-17053164/,,,Boş,Yok,,
1048,17053161,21 Mart 2025,26 Mart 2025,Konut,Kiralık,Daire,84 m²,123 m²,2+1,5-10,4.Kat,4,Merkezi (Pay Ölçer),Boş,,Kat İrtifakı,Evet,,1,,,,,,,,Genel Fiyat,8401,2,30.500TL, Tuzla - Aydınlı Mahallesi,https://www.emlakjet.com//ilan/tuzla-dumankaya-adres-su-esyali-123m2-buyuk-tip-21-kiralik-17053161/,,,,,,
1049,17052947,21 Mart 2025,21 Mart 2025,Konut,Kiralık,Daire,110 m²,120 m²,3+1,11-15,5.Kat,7,Kombi Doğalgaz,Boş,,Kat Mülkiyeti,Hayır,,1,,,,,,,,Genel Fiyat,,,27.500TL, Pendik - Fevzi Çakmak Mahallesi,https://www.emlakjet.com//ilan/cift-banyo-ve-asansor-otopark-carsinin-icinde-aciklama-okuyun-17052947/,,,Boş,Yok,,
1050,17052806,21 Mart 2025,21 Mart 2025,Konut,Kiralık,Daire,171 m²,200 m²,4+1,0 (Yeni),4.Kat,5,Merkezi (Pay Ölçer),Boş,,Tapu Kaydı Yok,Evet,,2,,,,,,,,Genel Fiyat,,,65.000TL, Pendik - Batı Mahallesi,https://www.emlakjet.com//ilan/pendik-koru-plus-ta-deniz-manzarali-genis-4-51-17052806/,,,Boş,Yok,,
1051,17052803,21 Mart 2025,21 Mart 2025,Konut,Kiralık,Daire,70 m²,80 m²,2+1,0 (Yeni),4.Kat,4,Kombi Doğalgaz,Boş,,Kat Mülkiyeti,Hayır,,1,,,,,,,,Genel Fiyat,,,25.500TL, Esenler - Havaalanı Mahallesi,https://www.emlakjet.com//ilan/0-insaatdan-4-kat-full-esyali-21-lux-kiralik-daire-17052803/,,,Eşyalı,Yok,,
1052,17052762,21 Mart 2025,21 Mart 2025,Konut,Kiralık,Daire,120 m²,135 m²,3+1,11-15,Yüksek Giriş,7,Kombi Doğalgaz,Boş,,Kat İrtifakı,Hayır,,2,,,,,,,,Genel Fiyat,,,36.000TL, Ümraniye - Mehmet Akif Mahallesi,https://www.emlakjet.com//ilan/nev-start-gayrimenkulden-17052762/,,,,Yok,,
1053,17052732,21 Mart 2025,24 Mart 2025,Konut,Kiralık,Daire,55 m²,65 m²,1+1,21 Ve Üzeri,Düz Giriş (Zemin),5,Kombi Doğalgaz,Boş,,Arsa Tapulu,Hayır,,1,,,,,,,,Genel Fiyat,,,13.750TL, Kağıthane - Çeliktepe Mahallesi,https://www.emlakjet.com//ilan/metroya-6-7-dk-mesafede-ulasima-yakin-11kiralik-daire-17052732/,,,Boş,Yok,,
1054,17052731,21 Mart 2025,21 Mart 2025,Konut,Kiralık,Daire,75 m²,85 m²,2+1,5-10,13.Kat,14,Merkezi (Pay Ölçer),Boş,,Kat Mülkiyeti,Evet,,1,,,,,,,,Genel Fiyat,,,40.000TL, Kağıthane - Sultan Selim Mahallesi,https://www.emlakjet.com//ilan/toplu-ulasima-sifir-nokta-full-esyali-21-artum-dan-17052731/,,,Eşyalı,Yok,,
1055,17052724,21 Mart 2025,21 Mart 2025,Konut,Kiralık,Daire,100 m²,110 m²,2+1,5-10,1.Kat,3,Kombi Doğalgaz,Boş,,Kat Mülkiyeti,Hayır,,2,,,,,,,,Genel Fiyat,,,14.000TL, Esenyurt - Yeşilkent Mahallesi,https://www.emlakjet.com//ilan/tek-depozito-100-m2-ebeveyn-banyolu-1-kat-17052724/,,,Boş,Yok,,
1056,17052723,21 Mart 2025,21 Mart 2025,Konut,Kiralık,Daire,65 m²,75 m²,1+1,5-10,24.Kat,29,Merkezi (Pay Ölçer),Boş,,Kat Mülkiyeti,Evet,,2,,,,,,,,Genel Fiyat,,,14.499TL, Esenyurt - Yeşilkent Mahallesi,https://www.emlakjet.com//ilan/havuz-cephe-ebeveyn-banyolu-buyuk-tip-11-17052723/,,,Boş,Yok,,
1057,17052667,21 Mart 2025,21 Mart 2025,Konut,Kiralık,Daire,65 m²,70 m²,1+1,3,4.Kat,4,Kombi Doğalgaz,Boş,,Kat Mülkiyeti,Hayır,,1,,,,,,,,Genel Fiyat,,,25.000TL, Eyüpsultan - Emniyettepe Mahallesi,https://www.emlakjet.com//ilan/imserden-bilgi-unv-yakin-esyali-terasli-11-lux-daire-17052667/,,,Eşyalı,Yok,,
1058,17052660,21 Mart 2025,25 Mart 2025,Konut,Kiralık,Daire,85 m²,100 m²,2+1,5-10,2.Kat,5,Kombi Doğalgaz,Boş,,Kat Mülkiyeti,Evet,,1,,,,,,,,Genel Fiyat,,,33.000TL, Eyüpsultan - Sakarya Mahallesi,https://www.emlakjet.com//ilan/imserden-sakarya-mahallesi-esyali-21-kiralik-daire-17052660/,,,Eşyalı,Yok,,
1059,17052650,21 Mart 2025,21 Mart 2025,Konut,Kiralık,Daire,70 m²,75 m²,1+1,0 (Yeni),4.Kat,6,Merkezi (Pay Ölçer),Boş,,Kat Mülkiyeti,Hayır,,1,,,,,,,,Genel Fiyat,,,27.000TL, Eyüpsultan - Emniyettepe Mahallesi,https://www.emlakjet.com//ilan/emsalsiz-universiteler-alaninda-esyali-1-1-daire-17052650/,,,Boş,Yok,,
1060,17052647,21 Mart 2025,21 Mart 2025,Konut,Kiralık,Daire,70 m²,75 m²,1+1,4,Kot 1 (-1).Kat,5,Kombi Doğalgaz,Boş,,Kat Mülkiyeti,Hayır,,1,,,,,,,,Genel Fiyat,,,19.000TL, Eyüpsultan - Emniyettepe Mahallesi,https://www.emlakjet.com//ilan/bilgi-universitesine-yakin-esyali-1-1-daire-17052647/,,,Eşyalı,Yok,,
1061,17052644,21 Mart 2025,21 Mart 2025,Konut,Kiralık,Daire,140 m²,150 m²,4+1,0 (Yeni),3.Kat,3,Kombi Doğalgaz,Boş,,Kat Mülkiyeti,Hayır,,2,,,,,,,,Genel Fiyat,,,30.000TL, Kağıthane - Gürsel Mahallesi,https://www.emlakjet.com//ilan/kagithane-gurselde-yeni-binada-4-1-dublex-daire-17052644/,,,Boş,Yok,,
1062,17052539,21 Mart 2025,21 Mart 2025,Konut,Kiralık,Daire,85 m²,90 m²,2+1,0 (Yeni),Düz Giriş (Zemin),4,Kombi Doğalgaz,Boş,,Kat Mülkiyeti,Hayır,,1,,,,,,,,Genel Fiyat,,,57.000TL, Bahçelievler - Bahçelievler Mahallesi,https://www.emlakjet.com//ilan/ev-yap-tan-bahcelievler-mahallesi-piramit-karsisi-ofise-uygun-17052539/,,,Boş,Yok,,
1063,17052538,21 Mart 2025,21 Mart 2025,Konut,Kiralık,Daire,75 m²,80 m²,2+1,5-10,Yüksek Giriş,5,Kombi Doğalgaz,Boş,,Kat Mülkiyeti,Hayır,,1,,,,,,,,Genel Fiyat,,,26.000TL, Bahçelievler - Siyavuşpaşa Mahallesi,https://www.emlakjet.com//ilan/bahcelievler-yayla-bolgesinde-21-12-yillik-bina-da-esyali-daire-17052538/,,,Eşyalı,Yok,,
1064,17052456,20 Mart 2025,20 Mart 2025,Konut,Kiralık,Daire,95 m²,115 m²,3+1,21 Ve Üzeri,3.Kat,5,Kombi Doğalgaz,Boş,,Kat İrtifakı,Hayır,,1,,,,,,,,Genel Fiyat,,,26.000TL, Kartal - Petroliş Mahallesi,https://www.emlakjet.com//ilan/kartal-petrolis-mahallesinde-31-ara-kat-daire-17052456/,,,Boş,Yok,,
1065,17052432,20 Mart 2025,21 Mart 2025,Konut,Kiralık,Daire,76 m²,121 m²,2+1,0 (Yeni),7.Kat,11,Merkezi (Pay Ölçer),Boş,,Kat Mülkiyeti,Evet,,1,,,,,,,,Genel Fiyat,,,29.000TL, Tuzla - Yayla Mahallesi,https://www.emlakjet.com//ilan/ella-dan-sehriyaz-besevler-sitesinde-kapali-mutfak-21-kiralik-17052432/,,,Boş,Yok,,
1066,17052414,20 Mart 2025,21 Mart 2025,Konut,Kiralık,Daire,50 m²,70 m²,1+1,4,Bodrum Kat,6,Kombi Doğalgaz,Boş,,Kat Mülkiyeti,Hayır,,1,,,,,,,,Genel Fiyat,,,22.000TL, Maltepe - Aydınevler Mahallesi,https://www.emlakjet.com//ilan/maltepe-aydinevler-mah-kiralik-11-daire-17052414/,,,Boş,Yok,,
1067,17052413,20 Mart 2025,21 Mart 2025,Konut,Kiralık,Daire,90 m²,100 m²,2+1,1,Çatı Katı,11,Kombi Doğalgaz,Boş,,Kat Mülkiyeti,Hayır,,1,,,,,,,,Genel Fiyat,,,25.000TL, Çekmeköy - Sultançiftliği Mahallesi,https://www.emlakjet.com//ilan/cekmekoy-sultancifligi-mah-kiralik-21-daire-17052413/,,,Boş,Yok,,
1068,17052359,20 Mart 2025,04 Nisan 2025,Konut,Kiralık,Daire,70 m²,75 m²,2+1,3,Yüksek Giriş,3,Kombi Doğalgaz,Boş,,Kat Mülkiyeti,Hayır,,1,,Var,,,,,,Genel Fiyat,null,14461,20.000TL, Avcılar - Cihangir Mahallesi,https://www.emlakjet.com//ilan/avcilar-cihangirde-kiralik-daire-17052359/,,,,,,
1069,17052201,20 Mart 2025,21 Mart 2025,Konut,Kiralık,Daire,75 m²,85 m²,2+1,5-10,4.Kat,5,Kombi Doğalgaz,Boş,,Kat Mülkiyeti,Hayır,,1,,,,,,,,Genel Fiyat,,,24.999TL, Sancaktepe - Meclis Mahallesi,https://www.emlakjet.com//ilan/sancaktepe-meclis-mh-metroya-1-dakika-mesafede-24999-tl-17052201/,,,Boş,Yok,,
1070,17052184,20 Mart 2025,21 Mart 2025,Konut,Kiralık,Daire,65 m²,80 m²,1+1,5-10,Bahçe Katı,3,Kombi Doğalgaz,Boş,,Kat Mülkiyeti,Hayır,,1,,,,,,,,Genel Fiyat,,,15.500TL, Çekmeköy - Merkez Mahallesi,https://www.emlakjet.com//ilan/cekmekoy-kiralik-daire-11-bahce-kati-murat-altun-g-y-o-17052184/,,,Boş,Yok,,
1071,17052128,20 Mart 2025,21 Mart 2025,Konut,Kiralık,Daire,40 m²,45 m²,1 Oda,5-10,Bahçe Katı,1,Kombi Doğalgaz,Boş,0 TL,Tapu Kaydı Yok,Hayır,10000 TL,1,,Yok,,,,1,,Genel Fiyat,,,10.000TL, Sarıyer - Kocataş Mahallesi,https://www.emlakjet.com//ilan/sariyer-kocatas-ta-kiralik-17052128/,İkinci El,,Boş,Yok,Hayır,30 m²
1072,17052076,20 Mart 2025,21 Mart 2025,Konut,Kiralık,Daire,55 m²,65 m²,1+1,5-10,Çatı Katı,4,Kombi Doğalgaz,Boş,,Kat Mülkiyeti,Hayır,,1,,,,,,,,Genel Fiyat,,,15.500TL, Çekmeköy - Mehmet Akif Mahallesi,https://www.emlakjet.com//ilan/mehmet-akif-mah-11-65m2-terasli-cati-kati-asansorlu-17052076/,,,Boş,Yok,,
1073,17052060,20 Mart 2025,03 Nisan 2025,Konut,Kiralık,Daire,85 m²,90 m²,2+1,11-15,Bahçe Katı,5,Kombi Doğalgaz,Boş,,Tapu Kaydı Yok,Hayır,14000 TL,1,,,,,,,,Genel Fiyat,,,14.000TL, Sultangazi - Cebeci Mahallesi,https://www.emlakjet.com//ilan/sultan-gazi-de-kiralik-daire-17052060/,,,,,,
1074,17052034,20 Mart 2025,21 Mart 2025,Konut,Kiralık,Daire,180 m²,200 m²,5+2,3,Çatı Katı,6,Kombi Doğalgaz,Boş,,Kat Mülkiyeti,Hayır,,2,,,,,,,,Genel Fiyat,,,78.000TL, Üsküdar - Selami Ali Mahallesi,https://www.emlakjet.com//ilan/hanemden-uskudar-selami-ali-de-merkezi-konumda-52-cati-dubleks-17052034/,,,Boş,Yok,,
1075,17051998,20 Mart 2025,21 Mart 2025,Konut,Kiralık,Daire,50 m²,70 m²,1+1,3,3.Kat,5,Merkezi (Pay Ölçer),Boş,,Kat Mülkiyeti,Evet,,1,,,,,,,,Genel Fiyat,,,18.000TL, Esenyurt - Zafer Mahallesi,https://www.emlakjet.com//ilan/aveb-radius-1-1-full-esyali-kiralik-daire-17051998/,,,Eşyalı,Yok,,
1076,17051997,20 Mart 2025,21 Mart 2025,Konut,Kiralık,Daire,60 m²,70 m²,1+1,2,4.Kat,20,Merkezi (Pay Ölçer),Boş,,Kat Mülkiyeti,Evet,,1,,,,,,,,Genel Fiyat,,,17.000TL, Küçükçekmece - İnönü Mahallesi,https://www.emlakjet.com//ilan/nivo-istanbul-11-bos-sifir-kiralik-daire-17051997/,,,Boş,Yok,,
1077,17051996,20 Mart 2025,21 Mart 2025,Konut,Kiralık,Daire,140 m²,180 m²,3+1,5-10,2.Kat,12,Merkezi (Pay Ölçer),Boş,,Kat Mülkiyeti,Evet,,2,,,,,,,,Genel Fiyat,,,60.000TL, Küçükçekmece - Cumhuriyet Mahallesi,https://www.emlakjet.com//ilan/cennet-koru-sitesinde-31-sifir-kiralik-daire-17051996/,,,Boş,Yok,,
1078,17051986,20 Mart 2025,20 Mart 2025,Konut,Kiralık,Daire,90 m²,100 m²,2+1,21 Ve Üzeri,5.Kat,6,Kombi Doğalgaz,Kiracı Oturuyor,,Kat Mülkiyeti,Hayır,,1,,Yok,,,,,,Genel Fiyat,728,6,42.000TL, Beyoğlu - Gümüşsuyu Mahallesi,https://www.emlakjet.com//ilan/erkutun-dan-galataport-yakini-kiralik-sik-cihangir-dairesi-17051986/,İkinci El,Betonarme,Boş,,,
1079,17051919,20 Mart 2025,28 Mart 2025,Konut,Kiralık,Daire,110 m²,120 m²,3+1,21 Ve Üzeri,2.Kat,5,Kombi Doğalgaz,Boş,,Yabancıdan,Hayır,,2,,Var,,,,,,Genel Fiyat,,,23.500TL, Küçükçekmece - Kartaltepe Mahallesi,https://www.emlakjet.com//ilan/nest-emlak-tan-sefakoy-merkez-de-31-120m2-kiralik-temiz-daire-17051919/,İkinci El,,,,Evet,
1080,17051674,20 Mart 2025,20 Mart 2025,Konut,Kiralık,Daire,95 m²,100 m²,2+1,11-15,13.Kat,25,Kombi Doğalgaz,Boş,,Yabancıdan,Evet,,2,,,,,,,,Genel Fiyat,,,20.000TL, Esenyurt - Yeşilkent Mahallesi,https://www.emlakjet.com//ilan/esenyurt-yesilkent-fitowers-site-full-esyali-ebeveyn-bnyo-21-17051674/,,,,,,
1081,17051601,20 Mart 2025,21 Mart 2025,Konut,Kiralık,Daire,110 m²,120 m²,2+1,21 Ve Üzeri,2.Kat,3,Merkezi Fueloil,Boş,,Tapu Kaydı Yok,Hayır,25000 TL,1,,Var,1,Açık Balkon,10 m²,1,,Genel Fiyat,,,25.000TL, Sarıyer - Maden Mahallesi,https://www.emlakjet.com//ilan/sariyer-maden-mahallesinde-kiralik-21-daire-17051601/,İkinci El,Betonarme,Boş,Yok,Hayır,
1082,17051543,20 Mart 2025,20 Mart 2025,Konut,Kiralık,Daire,90 m²,100 m²,2+1,21 Ve Üzeri,Yüksek Giriş,6,Kombi Doğalgaz,Boş,50 TL,Hisseli Tapu,Hayır,30000 TL,1,,Var,2,,,1,,Genel Fiyat,null,5489,20.000TL, Bahçelievler - Şirinevler Mahallesi,https://www.emlakjet.com//ilan/simal-emlaktan-kiralik-esyali-daire-17051543/,,,Eşyalı,,,
1083,17051246,20 Mart 2025,25 Mart 2025,Konut,Kiralık,Daire,115 m²,125 m²,2+1,21 Ve Üzeri,Bodrum Kat,5,Elektrikli Radyatör,Boş,,Arsa Tapulu,Hayır,,1,,,,,,,,Genel Fiyat,7876,1,15.000TL, Pendik - Orhangazi Mahallesi,https://www.emlakjet.com//ilan/acil-pendik-esenyalida-orhangazi-mahallesin-de-esyali-kiralik-17051246/,,,,,,
1084,17051241,20 Mart 2025,20 Mart 2025,Konut,Kiralık,Daire,90 m²,95 m²,2+1,11-15,2.Kat,5,Kombi Doğalgaz,Boş,,Kooperatiften Tapu,Hayır,18000 TL,2,,Var,,,,,,Genel Fiyat,,,18.000TL, Sultangazi - Cebeci Mahallesi,https://www.emlakjet.com//ilan/cebeci-mah-de-kosebasi-kiralik-orta-17051241/,,,,,,
1085,17051236,20 Mart 2025,02 Nisan 2025,Konut,Kiralık,Daire,85 m²,95 m²,2+1,16-20,3.Kat,5,Kombi Doğalgaz,Boş,,Kooperatiften Tapu,Hayır,18000 TL,1,,Var,,,,,,Genel Fiyat,,,18.000TL, Sultangazi - Cebeci Mahallesi,https://www.emlakjet.com//ilan/cebeci-harika-konum-21-95-m2-kat-3-kiralik-kose-daire-17051236/,,,,,,
1086,17051227,20 Mart 2025,20 Mart 2025,Konut,Kiralık,Daire,115 m²,130 m²,3+1,0 (Yeni),3.Kat,6,Yerden Isıtma,Boş,,Kat Mülkiyeti,Evet,,2,,Var,1,,,,,Genel Fiyat,1366,13,31.000TL, Silivri - Yeni Mahallesi,https://www.emlakjet.com//ilan/silivri-yeni-mah-merkez-aysima-konaklari-sifir-31-kiralik-daire-17051227/,,,,,,
1087,17051196,20 Mart 2025,20 Mart 2025,Konut,Kiralık,Daire,85 m²,90 m²,2+1,11-15,1.Kat,5,Kombi Doğalgaz,Boş,,Kooperatiften Tapu,Hayır,18000 TL,1,,Var,,,,,,Genel Fiyat,,,18.000TL, Sultangazi - İsmetpaşa Mahallesi,https://www.emlakjet.com//ilan/ismetpasa-mah-de-yabanciya-temiz-orta-kat-daire-21-85-m2-17051196/,,,,,,
1088,17051142,20 Mart 2025,20 Mart 2025,Konut,Kiralık,Daire,60 m²,72 m²,1+1,11-15,7.Kat,11,Merkezi Doğalgaz,Boş,,Kat Mülkiyeti,Evet,,1,,,,,,,,Genel Fiyat,,1958,35.700TL, Sancaktepe - Emek Mahallesi,https://www.emlakjet.com//ilan/sinpas-aqua-city-2010-full-esyali-11-kiralik-daire-n709-17051142/,,,,,,
1089,17050958,20 Mart 2025,20 Mart 2025,Konut,Kiralık,Daire,110 m²,115 m²,3+1,21 Ve Üzeri,3.Kat,5,Kombi Doğalgaz,Boş,,Tapu Kaydı Yok,Evet,,1,,,,,,,,Genel Fiyat,,,25.000TL, Bahçelievler - Şirinevler Mahallesi,https://www.emlakjet.com//ilan/s-evler-meydanda-metrobuse-2dk-aileye-bekara-yabanciya-uygun31-110m2-kismi-esyali-arakat-3-kat-17050958/,,,,,,
1090,17050946,20 Mart 2025,04 Nisan 2025,Konut,Kiralık,Daire,90 m²,95 m²,2+1,21 Ve Üzeri,4.Kat,4,Kombi Doğalgaz,Boş,,Hisseli Tapu,Hayır,15000 TL,1,,Var,,,,,,Genel Fiyat,,,16.000TL, Bağcılar - Yenimahalle Mahallesi,https://www.emlakjet.com//ilan/yenimahallede-21-kiralik-daire-17050946/,,,,,,
1091,17050885,20 Mart 2025,26 Mart 2025,Konut,Kiralık,Daire,95 m²,100 m²,2+1,21 Ve Üzeri,1.Kat,5,Kombi Doğalgaz,Boş,,Tapu Kaydı Yok,Hayır,25000 TL,1,,Var,,,,,,Genel Fiyat,,,25.000TL, Bahçelievler - Şirinevler Mahallesi,https://www.emlakjet.com//ilan/sirinevler-mahmutbey-caddesi-uzerinde-kiralik-daire-17050885/,,,,,,
1092,17050855,20 Mart 2025,26 Mart 2025,Konut,Kiralık,Daire,60 m²,65 m²,2+1,5-10,Yüksek Giriş,5,Kombi Doğalgaz,Boş,,Tapu Kaydı Yok,Hayır,25000 TL,1,,,,,,,,Genel Fiyat,,,25.000TL, Bahçelievler - Şirinevler Mahallesi,https://www.emlakjet.com//ilan/sirinevler-de-yuksek-giris-kiralik-daire-17050855/,,,,,,
1093,17050762,20 Mart 2025,04 Nisan 2025,Konut,Kiralık,Daire,100 m²,110 m²,2+1,5-10,Bahçe Katı,4,Kombi Doğalgaz,Boş,,Kat Mülkiyeti,Hayır,14200 TL,1,,,,,,1,,Genel Fiyat,1201,11,14.200TL, Esenyurt - Mehmet Akif Ersoy Mahallesi,https://www.emlakjet.com//ilan/mehmet-akif-ersoy-mahallesi-bahceli-bahce-kati-14-000-kira-14-000-depozito-17050762/,,,,,,
1094,17050654,20 Mart 2025,28 Mart 2025,Konut,Kiralık,Daire,80 m²,90 m²,2+1,21 Ve Üzeri,Düz Giriş (Zemin),5,Kombi Doğalgaz,Kiracı Oturuyor,,Arsa Tapulu,Hayır,22000 TL,1,,,,,,,,Genel Fiyat,1250,169,22.000TL, Beykoz - Göksu Mahallesi,https://www.emlakjet.com//ilan/beykoz-goksu-da-anacadde-ustu-kiralik-arakat-daire-17050654/,,,,,,
1095,17050645,20 Mart 2025,20 Mart 2025,Konut,Kiralık,Daire,70 m²,80 m²,2+1,16-20,4.Kat,4,Kombi Doğalgaz,Boş,,Kat İrtifakı,Hayır,,1,,,,,,,,Genel Fiyat,,,21.000TL, Kağıthane - Nurtepe Mahallesi,https://www.emlakjet.com//ilan/kagithane-nurtepe-mh-70-m2-21-kiralik-daire-17050645/,,,Boş,Yok,,
1096,17050614,20 Mart 2025,01 Nisan 2025,Konut,Kiralık,Daire,100 m²,120 m²,2+1,11-15,3.Kat,10,Kombi Doğalgaz,Boş,,Kat Mülkiyeti,Evet,,1,,Var,2,Açık Balkon,,2,,Genel Fiyat,981,4,25.000TL, Beylikdüzü - Adnan Kahveci Mahallesi,https://www.emlakjet.com//ilan/beylikduzu-cumhuriyet-kiralik-daire-17050614/,İkinci El,,,,,
1097,17050582,20 Mart 2025,20 Mart 2025,Konut,Kiralık,Daire,65 m²,85 m²,2+1,0 (Yeni),1.Kat,5,Kombi Doğalgaz,Boş,,Kat Mülkiyeti,Hayır,,1,,,,,,,,Genel Fiyat,,,17.000TL, Beylikdüzü - Sahil Mahallesi,https://www.emlakjet.com//ilan/beylikduzu-kavakli-kiralik-21-17050582/,,,Boş,Yok,,
1098,17050563,20 Mart 2025,01 Nisan 2025,Konut,Kiralık,Daire,100 m²,110 m²,2+1,5-10,Müstakil,1,Klimalı,Boş,,Yabancıdan,Hayır,16500 TL,1,,Var,1,Açık Teras,10 m²,,,Genel Fiyat,105,2,16.500TL, Sarıyer - Ayazağa Mahallesi,https://www.emlakjet.com//ilan/mustekil-temiz-17050563/,,,,,Evet,
1099,17050499,20 Mart 2025,04 Nisan 2025,Konut,Kiralık,Daire,70 m²,75 m²,2+1,0 (Yeni),Yüksek Giriş,5,Yerden Isıtma,Boş,,Kat Mülkiyeti,Hayır,25000 TL,1,,Var,1,Kapalı Balkon,,1,,Genel Fiyat,,4517,25.000TL, Bayrampaşa - Altıntepsi Mahallesi,https://www.emlakjet.com//ilan/bayrampasa-altintepsi-yuksek-giris-21-acik-mutfak-yerden-isitma-sifir-bina-kapali-balkon-17050499/,İkinci El,Betonarme,Boş,Yok,,
1100,17050460,20 Mart 2025,20 Mart 2025,Konut,Kiralık,Daire,80 m²,90 m²,2+1,21 Ve Üzeri,4.Kat,5,Kombi Doğalgaz,Boş,,Kat Mülkiyeti,Hayır,,1,,,,,,,,Genel Fiyat,,3917,20.000TL, Bahçelievler - Hürriyet Mahallesi,https://www.emlakjet.com//ilan/istanbul-house-dan-hurriyette-21-kiralik-genis-daire-17050460/,,,,,,
1101,17050439,20 Mart 2025,20 Mart 2025,Konut,Kiralık,Daire,75 m²,90 m²,2+1,21 Ve Üzeri,Bahçe Katı,5,Kombi Doğalgaz,Boş,500 TL,Kat Mülkiyeti,Hayır,100000 TL,1,,Yok,,,,1,,Genel Fiyat,1343,152,47.000TL, Beşiktaş - Arnavutköy Mahallesi,https://www.emlakjet.com//ilan/besiktas-arnavutkoy-sahile-yakin-kiralik-21-bahce-kati-17050439/,İkinci El,Betonarme,Boş,,Evet,
1102,17050402,20 Mart 2025,04 Nisan 2025,Konut,Kiralık,Daire,75 m²,80 m²,2+1,21 Ve Üzeri,Bahçe Katı,5,Kombi Doğalgaz,Boş,,Kat Mülkiyeti,Hayır,13000 TL,1,,,,,,,,Genel Fiyat,954,16,13.000TL, Fatih - Koca Mustafapaşa Mahallesi,https://www.emlakjet.com//ilan/fatih-kocamustafapasa-merkezde-kiralik-bahce-kat-daire-17050402/,,,,,,
1103,17050148,20 Mart 2025,20 Mart 2025,Konut,Kiralık,Daire,120 m²,130 m²,3+1,16-20,4.Kat,5,Kombi Doğalgaz,Boş,,Arsa Tapulu,Hayır,,1,,,,,,,,Genel Fiyat,2772,19,22.000TL, Sultangazi - Esentepe Mahallesi,https://www.emlakjet.com//ilan/memur-ve-yeni-evli-ciftlere-kiralik-17050148/,,,,,,
1104,17050098,20 Mart 2025,20 Mart 2025,Konut,Kiralık,Daire,80 m²,85 m²,2+1,16-20,Düz Giriş (Zemin),4,Kombi Doğalgaz,Boş,,Kat Mülkiyeti,Hayır,,1,,,,,,,,Genel Fiyat,,,8.000TL, Başakşehir - Güvercintepe Mahallesi,https://www.emlakjet.com//ilan/basaksehir-guvercintepede-kiralik-21-daire-duz-giris-kat-daire-17050098/,,,Boş,Yok,,
1105,17050095,20 Mart 2025,20 Mart 2025,Konut,Kiralık,Daire,80 m²,85 m²,1+1,16-20,1.Kat,4,Sobalı,Boş,,Kat Mülkiyeti,Hayır,,1,,,,,,,,Genel Fiyat,,,11.000TL, Başakşehir - Güvercintepe Mahallesi,https://www.emlakjet.com//ilan/basaksehir-guvercintepede-kiralik-11arakat-daire-17050095/,,,Boş,Yok,,
1106,17050094,20 Mart 2025,20 Mart 2025,Konut,Kiralık,Daire,80 m²,85 m²,2+1,0 (Yeni),5.Kat,9,Kombi Doğalgaz,Boş,,Kat Mülkiyeti,Hayır,,1,,,,,,,,Genel Fiyat,,,18.000TL, Başakşehir - Güvercintepe Mahallesi,https://www.emlakjet.com//ilan/basaksehir-guvercintepede-kiralik-21arakat-daire-17050094/,,,Boş,Yok,,
1107,17049998,20 Mart 2025,25 Mart 2025,Konut,Kiralık,Daire,70 m²,100 m²,2+1,5-10,Kot 1 (-1).Kat,3,Kombi Doğalgaz,Boş,,Kat İrtifakı,Hayır,,1,,,,,,,,Genel Fiyat,2362,11,30.000TL, Üsküdar - Ünalan Mahallesi,https://www.emlakjet.com//ilan/sahibinden-esyali-kiralik-daire-21-yeni-bina-17049998/,,,,,,
1108,17049940,20 Mart 2025,20 Mart 2025,Konut,Kiralık,Daire,105 m²,120 m²,3+1,21 Ve Üzeri,2.Kat,7,Kombi Doğalgaz,Boş,,Kat İrtifakı,Hayır,37000 TL,1,,,,,,,,Genel Fiyat,3129,137,37.000TL, Ataşehir - İçerenköy Mahallesi,https://www.emlakjet.com//ilan/icerenkoyde-metroya-3-dk-site-icerisinde-kiralik-31-daire-17049940/,İkinci El,,,Yok,,
1109,17049934,20 Mart 2025,25 Mart 2025,Konut,Kiralık,Daire,100 m²,150 m²,2+1,21 Ve Üzeri,Yüksek Giriş,4,Kombi Doğalgaz,Boş,,Arsa Tapulu,Hayır,,2,,Var,1,Açık Teras,50 m²,,,Genel Fiyat,5128,6,23.000TL, Kağıthane - Sultan Selim Mahallesi,https://www.emlakjet.com//ilan/sultan-selim-mahallesi-nde-toplu-ulasima-yakin-17049934/,,,,,,
1110,17049921,20 Mart 2025,01 Nisan 2025,Konut,Kiralık,Daire,40 m²,50 m²,1+1,4,Yüksek Giriş,4,Kombi Doğalgaz,Boş,,Kat Mülkiyeti,Hayır,,1,,Yok,,,,1,,Genel Fiyat,15810,15,24.000TL, Maltepe - Çınar Mahallesi,https://www.emlakjet.com//ilan/ugur-uzman-dan-kucukyali-da-kombili-klimali-11-yuksek-giris-17049921/,İkinci El,Betonarme,Boş,,Hayır,
1111,17049787,20 Mart 2025,20 Mart 2025,Konut,Kiralık,Daire,65 m²,75 m²,2+1,5-10,Yüksek Giriş,4,Kombi Doğalgaz,Boş,,Kat Mülkiyeti,Hayır,,1,,,,,,,,Genel Fiyat,,7115,18.000TL, Avcılar - Mustafa Kemal Paşa Mahallesi,https://www.emlakjet.com//ilan/avcilar-gayrimenkul-den-kiralik-21-balkonlu-yuksek-giris-daire-17049787/,,,,,,
1112,17049756,20 Mart 2025,03 Nisan 2025,Konut,Kiralık,Daire,90 m²,100 m²,2+1,21 Ve Üzeri,3.Kat,4,Kombi Doğalgaz,Boş,,Kat Mülkiyeti,Hayır,,1,3 m²,Var,1,Açık Balkon,2 m²,1,,Genel Fiyat,1754,18,17.000TL, Fatih - Seyyid Ömer Mahallesi,https://www.emlakjet.com//ilan/destan-014-kucukhamam-cadde-yani-sok-21-son-3-kat-75-80m2-temiz-boya-bakimli-daire-aciklama-oku-17049756/,İkinci El,Betonarme,Boş,Yok,Evet,15 m²
1113,17049711,20 Mart 2025,20 Mart 2025,Konut,Kiralık,Daire,125 m²,140 m²,3+1,21 Ve Üzeri,4.Kat,5,Kombi Doğalgaz,Boş,,Kat Mülkiyeti,Hayır,,1,,,,,,,,Genel Fiyat,,,26.000TL, Avcılar - Gümüşpala Mahallesi,https://www.emlakjet.com//ilan/sezgin-emlaktan-31-140-m2-e-5-uzeri-esyali-daire-17049711/,,,Eşyalı,Yok,,
1114,17049707,20 Mart 2025,20 Mart 2025,Konut,Kiralık,Daire,115 m²,125 m²,2+1,21 Ve Üzeri,4.Kat,5,Kombi Doğalgaz,Boş,,Kat Mülkiyeti,Hayır,,1,,,,,,,,Genel Fiyat,,,23.000TL, Avcılar - Denizköşkler Mahallesi,https://www.emlakjet.com//ilan/sezgin-emlaktan-21-125-m2-esyali-4-kat-17049707/,,,Eşyalı,Yok,,
1115,17049705,20 Mart 2025,20 Mart 2025,Konut,Kiralık,Daire,80 m²,85 m²,2+1,5-10,Bahçe Katı,2,Kombi Doğalgaz,Boş,,Kat Mülkiyeti,Hayır,,1,,,,,,,,Genel Fiyat,,,22.000TL, Avcılar - Gümüşpala Mahallesi,https://www.emlakjet.com//ilan/sezgin-emlaktan-21-85-m2-villa-bahce-kati-60-m2-bahce-alani-17049705/,,,Boş,Yok,,
1116,17049703,20 Mart 2025,20 Mart 2025,Konut,Kiralık,Daire,140 m²,160 m²,4+1,4,Bahçe Katı,5,Kombi Doğalgaz,Boş,,Kat Mülkiyeti,Hayır,,1,,,,,,,,Genel Fiyat,,,16.500TL, Esenyurt - Mehterçeşme Mahallesi,https://www.emlakjet.com//ilan/esenyurt-mehtercesme-mah-kiralik-41-dublex-daire-17049703/,,,Boş,Yok,,
1117,17049699,20 Mart 2025,20 Mart 2025,Konut,Kiralık,Daire,90 m²,120 m²,2+1,5-10,9.Kat,11,Kombi Doğalgaz,Boş,,Kat Mülkiyeti,Evet,,1,,,,,,,,Genel Fiyat,,,39.000TL, Beylikdüzü - Barış Mahallesi,https://www.emlakjet.com//ilan/beylikduzu-semerkand-line-sit-21-arakat-kiralik-daire-17049699/,,,Boş,Yok,,
1118,17049685,20 Mart 2025,02 Nisan 2025,Konut,Kiralık,Daire,30 m²,35 m²,1 Oda,11-15,Bodrum Kat,3,Merkezi (Pay Ölçer),Boş,450 TL,Kat Mülkiyeti,Hayır,12500 TL,1,,Yok,,,,1,,Genel Fiyat,129,31,12.500TL, Küçükçekmece - Kartaltepe Mahallesi,https://www.emlakjet.com//ilan/uzemar-dan-kucukcekmece-sefakoy-kiralik-apart-daire-17049685/,İkinci El,Betonarme,Eşyalı,Yok,Evet,
1119,17049637,20 Mart 2025,20 Mart 2025,Konut,Kiralık,Daire,110 m²,120 m²,2+1,21 Ve Üzeri,3.Kat,5,Kombi Doğalgaz,Boş,,Hisseli Tapu,Hayır,,1,,,,,,,,Genel Fiyat,,,21.000TL, Esenler - Oruçreis Mahallesi,https://www.emlakjet.com//ilan/esenler-orucreiste-genis-temiz-masrafsiz-daire-17049637/,,,Boş,Yok,,
1120,17049392,20 Mart 2025,20 Mart 2025,Konut,Kiralık,Daire,82 m²,90 m²,2+1,21 Ve Üzeri,2.Kat,4,Kombi Doğalgaz,Boş,200 TL,Bilinmiyor,Hayır,,1,,,,,,,,Genel Fiyat,,,22.000TL, Zeytinburnu - Nuripaşa Mahallesi,https://www.emlakjet.com//ilan/zeytinburnu-nuripasa-mah-de-21-90m-2-kat-kombili-kiralik-kosebasi-daire-osmanli-emlak-17049392/,İkinci El,Betonarme,,Yok,,
1121,17049215,20 Mart 2025,23 Mart 2025,Konut,Kiralık,Daire,69 m²,75 m²,2+1,11-15,9.Kat,12,Merkezi Doğalgaz,Boş,1450 TL,Kat Mülkiyeti,Evet,45000 TL,1,,Var,1,Açık Balkon,4 m²,,,Birim Fiyat,1006,2,23.000TL, Başakşehir - Kayabaşı Mahallesi,https://www.emlakjet.com//ilan/sahibinden-kiralik-kayasehir-en-guzel-konumu-17049215/,,,,,,
1122,17049176,20 Mart 2025,20 Mart 2025,Konut,Kiralık,Daire,85 m²,105 m²,2+1,4,6.Kat,13,Merkezi (Pay Ölçer),Mülk Sahibi Oturuyor,,Kat İrtifakı,Hayır,,1,,,,,,,,Genel Fiyat,,,45.000TL, Küçükçekmece - Kanarya Mahallesi,https://www.emlakjet.com//ilan/kanarya-mah-mukemmel-konumda-gol-manzarali-21-esyali-daire-17049176/,,,Eşyalı,Yok,,
1123,17048971,20 Mart 2025,20 Mart 2025,Konut,Kiralık,Daire,85 m²,90 m²,2+1,4,1.Kat,5,Kombi Doğalgaz,Boş,,Kat İrtifakı,Hayır,,1,,,,,,,,Genel Fiyat,,,20.000TL, Sultangazi - Sultançiftliği Mahallesi,https://www.emlakjet.com//ilan/dogan-insaat-tan-s-cifligi-mah-21-90-m2-kiralik-daire-17048971/,,,Boş,Yok,,
1124,17048939,20 Mart 2025,04 Nisan 2025,Konut,Kiralık,Daire,90 m²,95 m²,2+1,21 Ve Üzeri,2.Kat,5,Kombi Doğalgaz,Boş,100 TL,Tapu Kaydı Yok,Hayır,0 TL,1,,Var,,,,1,,Genel Fiyat,,,16.000TL, Sultangazi - Cebeci Mahallesi,https://www.emlakjet.com//ilan/kiralik-daire-sultangazi-cebeci-mah-kartal-emlaktan-17048939/,,,Boş,,,
1125,17048939,20 Mart 2025,04 Nisan 2025,Konut,Kiralık,Daire,90 m²,95 m²,2+1,21 Ve Üzeri,2.Kat,5,Kombi Doğalgaz,Boş,100 TL,Tapu Kaydı Yok,Hayır,0 TL,1,,Var,,,,1,,Genel Fiyat,,,16.000TL, Sultangazi - Cebeci Mahallesi,https://www.emlakjet.com//ilan/kiralik-daire-sultangazi-cebeci-mah-kartal-emlaktan-17048939/,,,Boş,,,
1126,17048869,20 Mart 2025,20 Mart 2025,Konut,Kiralık,Daire,100 m²,120 m²,3+1,16-20,Bahçe Katı,3,Kombi Doğalgaz,Mülk Sahibi Oturuyor,,Kat Mülkiyeti,Evet,,1,,,,,,,,Genel Fiyat,,,65.000TL, Tuzla - Postane Mahallesi,https://www.emlakjet.com//ilan/postane-mahallesi-yesilin-verdigi-huzuru-villa-tadinda-yasayin-17048869/,,,Eşyalı,Yok,,
1127,17048865,20 Mart 2025,20 Mart 2025,Konut,Kiralık,Daire,100 m²,110 m²,3+1,21 Ve Üzeri,2.Kat,5,Kombi Doğalgaz,Boş,,Arsa Tapulu,Hayır,,1,,,,,,,,Genel Fiyat,,,22.000TL, Pendik - Güzelyalı Mahallesi,https://www.emlakjet.com//ilan/pendik-guzelyali-mahallesinde-31-masrafsiz-kiralik-daire-17048865/,,,Boş,Yok,,
1128,17048853,20 Mart 2025,20 Mart 2025,Konut,Kiralık,Daire,35 m²,50 m²,1+1,5-10,2.Kat,18,VRV,Boş,,Kat Mülkiyeti,Evet,,1,,,,,,,,Genel Fiyat,,,28.000TL, Maltepe - Altayçeşme Mahallesi,https://www.emlakjet.com//ilan/metronun-yani-dap-burgu-da-5-yildizli-otel-konforunda-11-17048853/,,,Eşyalı,Yok,,
1129,17048850,20 Mart 2025,20 Mart 2025,Konut,Kiralık,Daire,80 m²,104 m²,2+1,11-15,1.Kat,9,Kombi Doğalgaz,Boş,,Kat Mülkiyeti,Evet,,2,,,,,,,,Genel Fiyat,,,30.000TL, Pendik - Yenişehir Mahallesi,https://www.emlakjet.com//ilan/kiralik-21-kurtkoy-dumankaya-trend-arakat-daire-17048850/,,,Boş,Yok,,
1130,17048841,20 Mart 2025,24 Mart 2025,Konut,Kiralık,Daire,21 m²,34 m²,Stüdyo,5-10,3.Kat,9,Merkezi (Pay Ölçer),Boş,,Kat İrtifakı,Evet,,1,,,,,,,,Genel Fiyat,,,15.000TL, Pendik - Yenişehir Mahallesi,https://www.emlakjet.com//ilan/pendik-yenisehir-helenium-wings-sitesi-nde-studyo-10-daire-17048841/,,,Boş,Yok,,
1131,17048838,20 Mart 2025,20 Mart 2025,Konut,Kiralık,Daire,75 m²,85 m²,2+1,21 Ve Üzeri,2.Kat,9,Kombi Doğalgaz,Boş,,Müstakil Tapulu,Evet,,1,,,,,,,,Genel Fiyat,,,25.000TL, Pendik - Yenişehir Mahallesi,https://www.emlakjet.com//ilan/yenisehirde-merkezi-konumda-21-full-esyali-kiralik-daire-17048838/,,,Eşyalı,Yok,,
1132,17048810,20 Mart 2025,20 Mart 2025,Konut,Kiralık,Daire,48 m²,67 m²,1+1,11-15,1.Kat,8,Kombi Doğalgaz,Boş,,Kat Mülkiyeti,Evet,,1,,,,,,,,Genel Fiyat,,,34.000TL, Pendik - Yenişehir Mahallesi,https://www.emlakjet.com//ilan/dumankaya-konsept-sitesinde-esyali-kiralik-11-havuz-cephe-daire-17048810/,,,Eşyalı,Yok,,
1133,17048568,20 Mart 2025,20 Mart 2025,Konut,Kiralık,Daire,85 m²,95 m²,2+1,3,8.Kat,9,Kombi Doğalgaz,Boş,,Kat Mülkiyeti,Evet,,1,,,,,,,,Genel Fiyat,,,16.000TL, Silivri - Mimar Sinan Mahallesi,https://www.emlakjet.com//ilan/silivri-alipasa-evleri-nde-kiralik-21-sehir-ve-deniz-manzarali-17048568/,,,Boş,Yok,,
1134,17048544,20 Mart 2025,20 Mart 2025,Konut,Kiralık,Daire,60 m²,80 m²,1+1,5-10,15.Kat,30,Merkezi (Pay Ölçer),Boş,,Tapu Kaydı Yok,Evet,,1,,,,,,,,Genel Fiyat,,,20.000TL, Esenyurt - Koza Mahallesi,https://www.emlakjet.com//ilan/bahcesehir-akbati-kozapark-esyali-guncel-kiralik-11-daire-17048544/,,,Eşyalı,Yok,,
1135,17048542,20 Mart 2025,20 Mart 2025,Konut,Kiralık,Daire,75 m²,87 m²,2+1,5-10,3.Kat,12,Merkezi (Pay Ölçer),Boş,,Kat İrtifakı,Evet,,1,,,,,,,,Genel Fiyat,,,23.000TL, Esenyurt - Koza Mahallesi,https://www.emlakjet.com//ilan/bahcesehir-maximoon-sitesinde-21-esyali-temiz-havuzlu-site-ici-17048542/,,,Eşyalı,Yok,,
1136,17048541,20 Mart 2025,20 Mart 2025,Konut,Kiralık,Daire,40 m²,55 m²,1+1,5-10,3.Kat,12,Merkezi (Pay Ölçer),Boş,,Kat İrtifakı,Evet,,1,,,,,,,,Genel Fiyat,,,13.000TL, Esenyurt - Koza Mahallesi,https://www.emlakjet.com//ilan/bahcesehir-maximoon-sitesinde-11-havuz-cephe-bos-daire-kacmaz-17048541/,,,Boş,Yok,,
1137,17048540,20 Mart 2025,20 Mart 2025,Konut,Kiralık,Daire,55 m²,65 m²,2+1,5-10,2.Kat,4,Kombi Doğalgaz,Boş,,Kat Mülkiyeti,Hayır,,1,,,,,,,,Genel Fiyat,,,24.000TL, Ataşehir - İnönü Mahallesi,https://www.emlakjet.com//ilan/atasehir-inonu-mah-yeditepe-universitesinin-yani-kiralik-17048540/,,,Boş,Yok,,
1138,17048539,20 Mart 2025,20 Mart 2025,Konut,Kiralık,Daire,108 m²,115 m²,3+1,21 Ve Üzeri,2.Kat,9,Kombi Doğalgaz,Boş,,Kat İrtifakı,Hayır,,1,,,,,,,,Genel Fiyat,,,32.500TL, Ataşehir - İçerenköy Mahallesi,https://www.emlakjet.com//ilan/icerenkoyde-asansorlu-acik-otoparkli-31-kiralik-daire-17048539/,,,Boş,Yok,,
1139,17048448,20 Mart 2025,20 Mart 2025,Konut,Kiralık,Daire,60 m²,84 m²,1+1,5-10,3.Kat,15,Fancoil Ünitesi,Boş,,Kat Mülkiyeti,Evet,,1,,,,,,,,Genel Fiyat,,,55.000TL, Sarıyer - Maslak Mahallesi,https://www.emlakjet.com//ilan/agaoglu-maslak-1453-11-esyali-kiralik-guncel-daire-17048448/,,,Eşyalı,Yok,,
1140,17048447,20 Mart 2025,20 Mart 2025,Konut,Kiralık,Daire,130 m²,184 m²,3+1,5-10,23.Kat,30,Merkezi (Pay Ölçer),Boş,,Kat Mülkiyeti,Evet,,2,,,,,,,,Genel Fiyat,,,80.000TL, Sarıyer - Maslak Mahallesi,https://www.emlakjet.com//ilan/maslak-mashattan-31-a-tipi-kose-daire-yuksek-kat-orman-17048447/,,,Boş,Yok,,
1141,17048328,20 Mart 2025,20 Mart 2025,Konut,Kiralık,Daire,80 m²,90 m²,2+1,0 (Yeni),3.Kat,4,Kombi Doğalgaz,Boş,,Kat İrtifakı,Hayır,,1,,,,,,,,Genel Fiyat,,,42.000TL, Kağıthane - Çağlayan Mahallesi,https://www.emlakjet.com//ilan/kagithane-caglayan-mh-sifir-kiralik-90-m2-21-daire-17048328/,,,Boş,Yok,,
1142,17048324,20 Mart 2025,20 Mart 2025,Konut,Kiralık,Daire,40 m²,55 m²,1+1,0 (Yeni),Kot 1 (-1).Kat,5,Kombi Doğalgaz,Boş,,Kat Mülkiyeti,Hayır,,1,,,,,,,,Genel Fiyat,,,35.000TL, Eyüpsultan - Emniyettepe Mahallesi,https://www.emlakjet.com//ilan/bilgi-universitesi-ne-3-dk-yurume-mesafesinde-11-esyali-daire-17048324/,,,Eşyalı,Yok,,
1143,17048319,20 Mart 2025,20 Mart 2025,Konut,Kiralık,Daire,90 m²,110 m²,3+1,11-15,Bahçe Katı,5,Kombi Doğalgaz,Boş,,Kat İrtifakı,Hayır,,1,,,,,,,,Genel Fiyat,,,20.000TL, Kartal - Cumhuriyet Mahallesi,https://www.emlakjet.com//ilan/rotadan-cumhuriyetde-kartal-koprusune-yakin-31-bekara-ogrenciye-17048319/,,,Boş,Yok,,
1144,17048311,20 Mart 2025,20 Mart 2025,Konut,Kiralık,Daire,100 m²,120 m²,3+1,11-15,Çatı Katı,4,Kombi Doğalgaz,Boş,,Müstakil Tapulu,Hayır,,1,,,,,,,,Genel Fiyat,,,28.000TL, Ümraniye - Namık Kemal Mahallesi,https://www.emlakjet.com//ilan/umraniye-namik-kemal-mah-31-100m2-cati-kat-terasli-17048311/,,,Boş,Yok,,
1145,17048303,20 Mart 2025,20 Mart 2025,Konut,Kiralık,Daire,110 m²,145 m²,3+1,0 (Yeni),4.Kat,6,Yerden Isıtma,Boş,,Tapu Kaydı Yok,Evet,,2,,,,,,,,Genel Fiyat,,,80.000TL, Çekmeköy - Kirazlıdere Mahallesi,https://www.emlakjet.com//ilan/emlak-konut-cinarkoy-evlerinde-31-kiralik-daire-17048303/,,,Boş,Yok,,
1146,17048302,20 Mart 2025,20 Mart 2025,Konut,Kiralık,Daire,135 m²,185 m²,4+1,0 (Yeni),4.Kat,6,Yerden Isıtma,Boş,,Tapu Kaydı Yok,Evet,,2,,,,,,,,Genel Fiyat,,,100.000TL, Çekmeköy - Kirazlıdere Mahallesi,https://www.emlakjet.com//ilan/emlak-konut-cinarkoy-evlerinde-41-kiralik-daire-17048302/,,,Boş,Yok,,
1147,17048288,20 Mart 2025,20 Mart 2025,Konut,Kiralık,Daire,70 m²,80 m²,1+1,4,4.Kat,7,Kombi Doğalgaz,Boş,,Kat Mülkiyeti,Evet,,1,,,,,,,,Genel Fiyat,,,15.000TL, Esenyurt - Yeşilkent Mahallesi,https://www.emlakjet.com//ilan/merkezi-konumda-butik-site-icerisinde-otoparkli-kiralik-daire-17048288/,,,Boş,Yok,,
1148,17048240,20 Mart 2025,20 Mart 2025,Konut,Kiralık,Daire,80 m²,85 m²,2+1,11-15,3.Kat,5,Kombi Doğalgaz,Boş,,Kat İrtifakı,Hayır,,2,,,,,,,,Genel Fiyat,,,18.500TL, Sancaktepe - Yunus Emre Mahallesi,https://www.emlakjet.com//ilan/veysel-karani-caddesi-yani-basinda-ara-kat-21-kiralik-daire-17048240/,,,Boş,Yok,,
1149,17048238,20 Mart 2025,20 Mart 2025,Konut,Kiralık,Daire,50 m²,55 m²,1+1,5-10,3.Kat,4,Kombi Doğalgaz,Boş,,Kat Mülkiyeti,Hayır,,1,,,,,,,,Genel Fiyat,,,26.000TL, Ataşehir - Kayışdağı Mahallesi,https://www.emlakjet.com//ilan/yeditepe-karsisi-ogrenciye-calisana-arakat-lux-11-kiralik-daire-17048238/,,,Eşyalı,Yok,,
1150,17047902,19 Mart 2025,02 Nisan 2025,Konut,Kiralık,Daire,55 m²,65 m²,1+1,11-15,1.Kat,3,Kombi Doğalgaz,Boş,,Kat Mülkiyeti,Evet,,1,6 m²,Var,1,Fransız Balkon,,1,,Genel Fiyat,576,8,18.000TL, Büyükçekmece - Ekinoba Mahallesi,https://www.emlakjet.com//ilan/ekinoba-adliye-yani-guvenlikli-site-icinde-11-acik-mutfak-kiralik-17047902/,İkinci El,Betonarme,Boş,,Evet,20 m²
1151,17047845,19 Mart 2025,24 Mart 2025,Konut,Kiralık,Daire,82 m²,92 m²,2+1,2,Yüksek Giriş,3,Kombi Doğalgaz,Boş,150 TL,Kooperatiften Tapu,Hayır,15000 TL,1,,Yok,,,,,,Genel Fiyat,,,15.000TL, Başakşehir - Güvercintepe Mahallesi,https://www.emlakjet.com//ilan/nadir-gayrimenkul-den-kiralik-21-yuksek-giris-17047845/,,,,,,
1152,17047774,19 Mart 2025,20 Mart 2025,Konut,Kiralık,Daire,85 m²,90 m²,2+1,4,Yüksek Giriş,4,Kombi Doğalgaz,Boş,,Kat Mülkiyeti,Hayır,,1,,,,,,,,Genel Fiyat,,,15.000TL, Başakşehir - Altınşehir Mahallesi,https://www.emlakjet.com//ilan/ozbu-emlak-gayrimenkulden-altinsehirde-y-giris-21-daire-17047774/,,,Boş,Yok,,
1153,17047712,19 Mart 2025,19 Mart 2025,Konut,Kiralık,Daire,100 m²,110 m²,2+1,0 (Yeni),3.Kat,5,Kombi Doğalgaz,Boş,,Kat Mülkiyeti,Hayır,,2,,,,,,,,Genel Fiyat,,,23.500TL, Beylikdüzü - Dereağzı Mahallesi,https://www.emlakjet.com//ilan/besss-gruptan-merkezi-lokasyonda-kiralik-daire-17047712/,,,Boş,Yok,,
1154,17047709,19 Mart 2025,19 Mart 2025,Konut,Kiralık,Daire,140 m²,160 m²,4+1,5-10,3.Kat,7,Kombi Doğalgaz,Boş,,Kat Mülkiyeti,Evet,,2,,,,,,,,Genel Fiyat,,,28.000TL, Beylikdüzü - Adnan Kahveci Mahallesi,https://www.emlakjet.com//ilan/adnan-kahveci-kolejler-bolgesinde-41-kiralik-daire-17047709/,,,Boş,Yok,,
1155,17047615,19 Mart 2025,19 Mart 2025,Konut,Kiralık,Daire,60 m²,65 m²,1+1,5-10,Çatı Katı,4,Kombi Doğalgaz,Boş,200 TL,Tapu Kaydı Yok,Hayır,17000 TL,1,,Var,,,,,,Genel Fiyat,,,17.000TL, Maltepe - Fındıklı Mahallesi,https://www.emlakjet.com//ilan/findikli-da-kiralik-11-daire-17047615/,,,,,,
1156,17047598,19 Mart 2025,20 Mart 2025,Konut,Kiralık,Daire,95 m²,100 m²,2+1,5-10,2.Kat,5,Kombi Doğalgaz,Boş,,Kat İrtifakı,Hayır,,1,,,,,,,,Genel Fiyat,,,25.500TL, Sultangazi - Gazi Mahallesi,https://www.emlakjet.com//ilan/turkmen-emlaktan-gazi-mah-kiralik-21-balkonlu-2-kat-8-yillik-17047598/,,,,Yok,,
1157,17047582,19 Mart 2025,19 Mart 2025,Konut,Kiralık,Daire,80 m²,90 m²,2+1,4,1.Kat,4,Kombi Doğalgaz,Boş,200 TL,Tapu Kaydı Yok,Hayır,23000 TL,1,,Var,,,,,,Genel Fiyat,,,23.000TL, Maltepe - Fındıklı Mahallesi,https://www.emlakjet.com//ilan/firsat-kiralik-21-daire-yeni-daire-17047582/,,,,,,
1158,17047385,19 Mart 2025,19 Mart 2025,Konut,Kiralık,Daire,80 m²,95 m²,2+1,21 Ve Üzeri,1.Kat,5,Kombi Doğalgaz,Boş,,Kat Mülkiyeti,Hayır,,1,,,,,,,,Genel Fiyat,,,25.500TL, Üsküdar - Sultantepe Mahallesi,https://www.emlakjet.com//ilan/uskudar-sultantepe-mahallesinde-kiralik-bos-21-daire-17047385/,,,Boş,Yok,,
1159,17047329,19 Mart 2025,27 Mart 2025,Konut,Kiralık,Daire,80 m²,85 m²,2+1,21 Ve Üzeri,3.Kat,5,Kombi Doğalgaz,Boş,,Yabancıdan,Hayır,,1,,Var,,,,,,Genel Fiyat,,,17.000TL, Küçükçekmece - Kartaltepe Mahallesi,https://www.emlakjet.com//ilan/seba-dan-kartaltepe-mh-21-85m2-fullfull-esyali-kiralik-daire-17047329/,,,Eşyalı,,Evet,
1160,17047320,19 Mart 2025,04 Nisan 2025,Konut,Kiralık,Daire,100 m²,125 m²,3+1,21 Ve Üzeri,1.Kat,8,Merkezi Doğalgaz,Boş,2500 TL,Kat Mülkiyeti,Hayır,70000 TL,1,5 m²,Yok,,,,1,3 m²,Genel Fiyat,1208,2,70.000TL, Kadıköy - Suadiye Mahallesi,https://www.emlakjet.com//ilan/saskinbakkal-da-1-kat-saglam-binada-otoparkli-125m2-kiralik-31-17047320/,İkinci El,Betonarme,Boş,Var,Hayır,30 m²
1161,17047233,19 Mart 2025,19 Mart 2025,Konut,Kiralık,Daire,85 m²,100 m²,2+1,21 Ve Üzeri,6.Kat,6,Kombi Doğalgaz,Boş,,Arsa Tapulu,Hayır,15000 TL,1,,Var,1,Açık Balkon,,2,,Genel Fiyat,1212,8,15.000TL, Bahçelievler - Soğanlı Mahallesi,https://www.emlakjet.com//ilan/bahcelievler-soganli-mah-85-m2-21-6-kat-daire-17047233/,İkinci El,Betonarme,Boş,Yok,Evet,
1162,17047175,19 Mart 2025,19 Mart 2025,Konut,Kiralık,Daire,120 m²,145 m²,3+1,21 Ve Üzeri,7.Kat,14,Kombi Doğalgaz,Boş,3000 TL,Kat İrtifakı,Evet,45000 TL,1,,Var,2,Açık Balkon,,,,Genel Fiyat,1721,1,23.000TL, Beylikdüzü - Barış Mahallesi,https://www.emlakjet.com//ilan/beylikduzu-adakent-havuzlu-7-24-guvenlik-site-31-kiralik-daire-17047175/,İkinci El,Betonarme,Boş,,,
1163,17047126,19 Mart 2025,19 Mart 2025,Konut,Kiralık,Daire,60 m²,70 m²,1+1,16-20,4.Kat,14,Kombi Doğalgaz,Boş,,Kat İrtifakı,Hayır,,1,,Yok,,,,,,Genel Fiyat,2285,6,17.000TL, Esenyurt - Mevlana Mahallesi,https://www.emlakjet.com//ilan/beylikduzu-site-metrobus-3dk-yenilenmis-kacmaz-11-kiralik-daire-17047126/,İkinci El,Betonarme,Boş,,,
1164,17046992,19 Mart 2025,19 Mart 2025,Konut,Kiralık,Daire,50 m²,60 m²,1+1,5-10,1.Kat,4,Kombi Doğalgaz,Boş,,Kat Mülkiyeti,Hayır,,1,,,,,,,,Genel Fiyat,,,25.500TL, Ümraniye - Armağanevler Mahallesi,https://www.emlakjet.com//ilan/armaganevler-de-1-kat-full-esyali-11-esyali-kiralik-daire-17046992/,,,Eşyalı,Yok,,
1165,17046990,19 Mart 2025,19 Mart 2025,Konut,Kiralık,Daire,100 m²,110 m²,2+1,21 Ve Üzeri,2.Kat,4,Kombi Doğalgaz,Boş,,Kat Mülkiyeti,Hayır,,1,,,,,,,,Genel Fiyat,,,26.000TL, Ümraniye - Atatürk Mahallesi,https://www.emlakjet.com//ilan/celik-emlaktan-carsi-icerisinde-2-kat-100m2-kullanisli-21-daire-17046990/,,,Boş,Yok,,
1166,17046928,19 Mart 2025,19 Mart 2025,Konut,Kiralık,Daire,95 m²,100 m²,2+1,5-10,3.Kat,3,Kombi Doğalgaz,Boş,,Bilinmiyor,Hayır,,1,,,,,,,,Genel Fiyat,,,24.000TL, Küçükçekmece - Kanarya Mahallesi,https://www.emlakjet.com//ilan/kucukcekmece-kanarya-mah-kiralik-21-95m-yeni-yapi-kullanisli-dairee-17046928/,İkinci El,Betonarme,,Yok,,
1167,17046654,19 Mart 2025,02 Nisan 2025,Konut,Kiralık,Daire,85 m²,90 m²,2+1,21 Ve Üzeri,2.Kat,4,Kombi Doğalgaz,Boş,,Kat Mülkiyeti,Hayır,,1,,,,,,,,Genel Fiyat,26,1,25.000TL, Bakırköy - Sakızağacı Mahallesi,https://www.emlakjet.com//ilan/bakirkoy-sakizagaci-mahmarmaray-metro-meydana-sahil-cok-yakin-ist-cd-2dk-21-85m2-bos-daire-17046654/,,,,,,
1168,17046491,19 Mart 2025,19 Mart 2025,Konut,Kiralık,Daire,70 m²,80 m²,1+1,5-10,Yüksek Giriş,6,Kombi Doğalgaz,Boş,,Kat İrtifakı,Hayır,,1,,,,,,,,Genel Fiyat,,,12.000TL, Esenyurt - İnönü Mahallesi,https://www.emlakjet.com//ilan/kiralik-daire-11-full-esyali-dogan-araslinin-dibinde-17046491/,,,Eşyalı,Yok,,
1169,17046377,19 Mart 2025,19 Mart 2025,Konut,Kiralık,Daire,100 m²,120 m²,3+1,16-20,2.Kat,4,Kombi Doğalgaz,Boş,,Arsa Tapulu,Hayır,26000 TL,1,,Var,,,,,,Genel Fiyat,2605,4,25.000TL, Ataşehir - Yeni Sahra Mahallesi,https://www.emlakjet.com//ilan/yenisahra-metro-istasyonu-arkasi-optimuma-yakin-120-metre-31-konuma-bakiniz-lutfen-17046377/,,,,,,
1170,17046150,19 Mart 2025,19 Mart 2025,Konut,Kiralık,Daire,62 m²,75 m²,2+1,0 (Yeni),Bahçe Katı,3,Kombi Doğalgaz,Boş,,Kat İrtifakı,Hayır,,1,,,,,,,,Genel Fiyat,,,19.000TL, Beylikdüzü - Kavaklı Mahallesi,https://www.emlakjet.com//ilan/beylikduzu-kavakli-merkezde-sifir-binada-kiralik-21-daire-17046150/,,,Boş,Yok,,
1171,17046144,19 Mart 2025,19 Mart 2025,Konut,Kiralık,Daire,130 m²,140 m²,3+1,16-20,7.Kat,12,Kombi Doğalgaz,Boş,,Kat İrtifakı,Evet,,1,,,,,,,,Genel Fiyat,,,25.000TL, Esenyurt - Piri Reis Mahallesi,https://www.emlakjet.com//ilan/cagdas-cemkent-sitesi-b2-de-140m-31-kiralik-daire-17046144/,,,Boş,Yok,,
1172,17046139,19 Mart 2025,19 Mart 2025,Konut,Kiralık,Daire,105 m²,125 m²,2+1,0 (Yeni),Düz Giriş (Zemin),5,Merkezi (Pay Ölçer),Boş,,Kat İrtifakı,Evet,,2,,,,,,,,Genel Fiyat,,,17.000TL, Esenyurt - Sultaniye Mahallesi,https://www.emlakjet.com//ilan/n-logo-sitesinde-kisa-katli-blokta-kiralik-21-duz-giris-daire-17046139/,,,Boş,Yok,,
1173,17046099,19 Mart 2025,19 Mart 2025,Konut,Kiralık,Daire,180 m²,220 m²,4+2,16-20,15.Kat,15,Merkezi Doğalgaz,Boş,,Kat Mülkiyeti,Evet,,3,,,,,,,,Genel Fiyat,,,42.500TL, Beylikdüzü - Adnan Kahveci Mahallesi,https://www.emlakjet.com//ilan/beylikduzu-adnan-kahveci-de-kiralik-deniz-manzarali-42-dubleks-17046099/,,,Boş,Yok,,
1174,17046080,19 Mart 2025,19 Mart 2025,Konut,Kiralık,Daire,75 m²,110 m²,2+1,5-10,7.Kat,16,Kombi Doğalgaz,Boş,,Kat Mülkiyeti,Evet,,1,,,,,,,,Genel Fiyat,,,38.000TL, Beylikdüzü - Adnan Kahveci Mahallesi,https://www.emlakjet.com//ilan/kubist-park-terasli-deniz-manzarali-esyali-kiralik-luks-21-17046080/,,,Eşyalı,Yok,,
1175,17046078,19 Mart 2025,19 Mart 2025,Konut,Kiralık,Daire,350 m²,385 m²,5+2,11-15,5.Kat,5,Merkezi (Pay Ölçer),Boş,,Kat Mülkiyeti,Evet,,3,,,,,,,,Genel Fiyat,,,55.000TL, Beylikdüzü - Adnan Kahveci Mahallesi,https://www.emlakjet.com//ilan/beylikduzu-yasam-vadisi-karsisinda-kiralik-dubleks-daire-17046078/,,,Boş,Yok,,
1176,17046062,19 Mart 2025,19 Mart 2025,Konut,Kiralık,Daire,57 m²,69 m²,1+1,5-10,4.Kat,7,Merkezi (Pay Ölçer),Boş,,Kat Mülkiyeti,Evet,,1,,,,,,,,Genel Fiyat,,,28.500TL, Beylikdüzü - Adnan Kahveci Mahallesi,https://www.emlakjet.com//ilan/kalekent-1-etapta-11-esyali-kiralik-daire-17046062/,,,Eşyalı,Yok,,
1177,17046045,19 Mart 2025,19 Mart 2025,Konut,Kiralık,Daire,110 m²,135 m²,3+1,21 Ve Üzeri,2.Kat,8,Merkezi Doğalgaz,Boş,,Kat Mülkiyeti,Hayır,,1,,,,,,,,Genel Fiyat,1097,47,75.000TL, Kadıköy - Erenköy Mahallesi,https://www.emlakjet.com//ilan/bagdat-caddesi-1-paralelde-net-110m2-31-esyali-kiralik-17046045/,,,,,,
1178,17045871,19 Mart 2025,19 Mart 2025,Konut,Kiralık,Daire,55 m²,68 m²,2+1,11-15,2.Kat,13,Merkezi Doğalgaz,Boş,,Yabancıdan,Evet,,1,,,,,,,,Genel Fiyat,,,48.500TL, Ümraniye - Finanskent Mahallesi,https://www.emlakjet.com//ilan/sinpas-finans-sehir-full-esyali-kiralik-21-daire-ifm-e1041-17045871/,,,,,,
1179,17045836,19 Mart 2025,19 Mart 2025,Konut,Kiralık,Daire,115 m²,135 m²,3+1,21 Ve Üzeri,Kot 1 (-1).Kat,7,Merkezi Doğalgaz,Kiracı Oturuyor,,Kat Mülkiyeti,Hayır,,1,,,,,,,,Genel Fiyat,960,88,35.000TL, Kadıköy - 19 Mayıs Mahallesi,https://www.emlakjet.com//ilan/kazaskerde-31-bakimli-daire-17045836/,,,,,,
1180,17045649,19 Mart 2025,19 Mart 2025,Konut,Kiralık,Daire,80 m²,85 m²,2+1,21 Ve Üzeri,Düz Giriş (Zemin),5,Kombi Doğalgaz,Boş,,Kat İrtifakı,Hayır,,1,,,,,,,,Genel Fiyat,,,25.500TL, Beyoğlu - Yenişehir Mahallesi,https://www.emlakjet.com//ilan/kurtulus-sefa-meydaninda-kiralik-21-esyali-daire-17045649/,,,Eşyalı,Yok,,
1181,17045620,19 Mart 2025,25 Mart 2025,Konut,Kiralık,Daire,70 m²,80 m²,2+1,0 (Yeni),1.Kat,4,Kombi Doğalgaz,Boş,,Kat Mülkiyeti,Hayır,,1,,,,,,,,Genel Fiyat,,,18.000TL, Sancaktepe - Yunus Emre Mahallesi,https://www.emlakjet.com//ilan/csg-groupdan-yeni-bina-da-sifir-21-ara-kat-daire-17045620/,,,Boş,Yok,,
1182,17045614,19 Mart 2025,19 Mart 2025,Konut,Kiralık,Daire,85 m²,95 m²,2+1,11-15,3.Kat,6,Kombi Doğalgaz,Boş,,Kat Mülkiyeti,Evet,,1,,,,,,,,Genel Fiyat,,,28.000TL, Ümraniye - Atatürk Mahallesi,https://www.emlakjet.com//ilan/csg-groupdan-umraniye-metrosuna-komsu-21-ara-kat-daire-17045614/,,,Boş,Yok,,
1183,17045539,19 Mart 2025,25 Mart 2025,Konut,Kiralık,Daire,100 m²,147 m²,3+1,3,14.Kat,15,Merkezi (Pay Ölçer),Boş,,Kat Mülkiyeti,Evet,,2,,,,,,,,Genel Fiyat,,,47.000TL, Kağıthane - Çeliktepe Mahallesi,https://www.emlakjet.com//ilan/celiktepe-metroya-yuruyus-mesafesinde-31-rezidans-daire-17045539/,,,Boş,Yok,,
1184,17045426,19 Mart 2025,19 Mart 2025,Konut,Kiralık,Daire,60 m²,65 m²,1+1,5-10,12.Kat,18,Merkezi (Pay Ölçer),Boş,,Kat İrtifakı,Evet,,1,,,,,,,,Genel Fiyat,1022,6,12.500TL, Esenyurt - Piri Reis Mahallesi,https://www.emlakjet.com//ilan/site-icerisinde-bos-kiralik-11-daire-17045426/,,,,,,
1185,17045412,19 Mart 2025,02 Nisan 2025,Konut,Kiralık,Daire,20 m²,30 m²,Stüdyo,21 Ve Üzeri,Bahçe Katı,6,Sobalı,Boş,0 TL,Hisseli Tapu,Hayır,8000 TL,1,3 m²,Yok,,,,1,3 m²,Genel Fiyat,299,24,8.000TL, Küçükçekmece - Mehmet Akif Mahallesi,https://www.emlakjet.com//ilan/kuzenler-emlaktan-kiralik-10-studyo-daire-17045412/,İkinci El,Betonarme,Boş,Yok,Hayır,15 m²
1186,17045389,19 Mart 2025,28 Mart 2025,Konut,Kiralık,Daire,105 m²,118 m²,3+1,21 Ve Üzeri,3.Kat,5,Kombi Doğalgaz,Boş,2120 TL,Kat Mülkiyeti,Evet,42000 TL,1,,,,,,,,Genel Fiyat,391,5,42.000TL, Sarıyer - Poligon Mahallesi,https://www.emlakjet.com//ilan/sariyer-istinye-bogazici-sitesinde-kiralik-31-kombili-17045389/,,,,,,
1187,17045388,19 Mart 2025,19 Mart 2025,Konut,Kiralık,Daire,90 m²,100 m²,2.5+1,5-10,1.Kat,5,Kombi Doğalgaz,Kiracı Oturuyor,,Tapu Kaydı Yok,Hayır,20000 TL,1,,Var,2,"Açık Balkon, Kapalı Balkon",,2,,Genel Fiyat,260,2,20.000TL, Arnavutköy - Mavigöl Mahallesi,https://www.emlakjet.com//ilan/asli-emlaktan-bolluca-mavigol-mh-cift-balkonlu-100-m2-21-arakat-17045388/,,,,,,
1188,17045372,19 Mart 2025,19 Mart 2025,Konut,Kiralık,Daire,170 m²,220 m²,4+1,2,Çatı Katı,5,Merkezi (Pay Ölçer),Boş,,Kat Mülkiyeti,Evet,,3,,,,,,,,Genel Fiyat,,,195.000TL, Beykoz - Acarlar Mahallesi,https://www.emlakjet.com//ilan/elite-den-mesa-orman-da-sifir-cati-dubleksi-17045372/,,,Boş,Yok,,
1189,17045233,19 Mart 2025,19 Mart 2025,Konut,Kiralık,Daire,100 m²,105 m²,3+1,2,7.Kat,7,Kombi Doğalgaz,Boş,,Kat Mülkiyeti,Hayır,,2,,,,,,,,Genel Fiyat,,,50.000TL, Bağcılar - Sancaktepe Mahallesi,https://www.emlakjet.com//ilan/bagcilar-meydan-da-komple-esyali-2-yasinda-ebeveyin-banyolu-17045233/,,,Boş,Yok,,
1190,17045151,19 Mart 2025,22 Mart 2025,Konut,Kiralık,Daire,90 m²,100 m²,3+1,21 Ve Üzeri,Yüksek Giriş,3,Kombi Doğalgaz,Boş,,Arsa Tapulu,Hayır,25000 TL,1,,Yok,,,,,,Birim Fiyat,5063,24,23.000TL, Kağıthane - Sultan Selim Mahallesi,https://www.emlakjet.com//ilan/sanayi-mahallesi-nde-toplu-ulasima-yurume-mesafesinde-17045151/,,,,,,
1191,17045045,19 Mart 2025,01 Nisan 2025,Konut,Kiralık,Daire,100 m²,115 m²,2+1,21 Ve Üzeri,Yüksek Giriş,6,Kombi Doğalgaz,Mülk Sahibi Oturuyor,,Tapu Kaydı Yok,Hayır,,1,,Var,1,Açık Balkon,,1,,Genel Fiyat,,,16.000.000TL, Bağcılar - Merkez Mahallesi,https://www.emlakjet.com//ilan/bagcilar-da-5-daire-1-dukkan-satilik-bina-17045045/,İkinci El,Betonarme,,,,
1192,17045007,19 Mart 2025,19 Mart 2025,Konut,Kiralık,Daire,54 m²,61 m²,1+1,5-10,19.Kat,29,Merkezi (Pay Ölçer),Boş,,Kat Mülkiyeti,Evet,,1,,,,,,,,Genel Fiyat,,,30.000TL, Kartal - Cumhuriyet Mahallesi,https://www.emlakjet.com//ilan/yasam-emlak-tan-kartal-101-de-kiralik-11-full-esyali-residance-17045007/,,,Eşyalı,Yok,,
1193,17044920,19 Mart 2025,19 Mart 2025,Konut,Kiralık,Daire,75 m²,88 m²,2+1,21 Ve Üzeri,2.Kat,3,Kombi Doğalgaz,Boş,,Kat Mülkiyeti,Hayır,,1,,,,,,,,Genel Fiyat,267,35,32.000TL, Beşiktaş - Cihannüma Mahallesi,https://www.emlakjet.com//ilan/emlak-elcisi-nden-serencebeyde-21-kiralik-daire-17044920/,İkinci El,Betonarme,,Yok,,
1194,17044912,19 Mart 2025,19 Mart 2025,Konut,Kiralık,Daire,65 m²,75 m²,2+1,11-15,3.Kat,3,Kombi Doğalgaz,Boş,,Kat Mülkiyeti,Hayır,,1,,,,,,,,Genel Fiyat,,,29.000TL, Üsküdar - Ünalan Mahallesi,https://www.emlakjet.com//ilan/ashill-den-bekara-ogrenciye-uygun-diledigi-gibi-esyali-kiralik-17044912/,,,Eşyalı,Yok,,
1195,17044859,19 Mart 2025,19 Mart 2025,Konut,Kiralık,Daire,100 m²,120 m²,2+1,21 Ve Üzeri,8.Kat,15,Kombi Doğalgaz,Boş,,Kat İrtifakı,Evet,,1,,,,,,,,Genel Fiyat,656,11,25.000TL, Beylikdüzü - Adnan Kahveci Mahallesi,https://www.emlakjet.com//ilan/beylikduzu-velittin-kucuk-sitesi-nde-temiz-yapili-kiralik-21-17044859/,,,,,,
1196,17044774,19 Mart 2025,27 Mart 2025,Konut,Kiralık,Daire,110 m²,120 m²,2+1,5-10,14.Kat,22,Kombi Doğalgaz,Boş,,Kat İrtifakı,Evet,,2,,,,,,,,Genel Fiyat,2945,70,14.000TL, Esenyurt - Yeşilkent Mahallesi,https://www.emlakjet.com//ilan/fi-towers-sitesi-ful-kiralik-bos-21-daire-17044774/,,,,,,
1197,17044543,19 Mart 2025,21 Mart 2025,Konut,Kiralık,Daire,70 m²,85 m²,2+1,21 Ve Üzeri,Düz Giriş (Zemin),2,Kombi Doğalgaz,Boş,,Müstakil Tapulu,Hayır,18500 TL,1,,Yok,,,,1,,Genel Fiyat,191,6,18.500TL, Beykoz - Çubuklu Mahallesi,https://www.emlakjet.com//ilan/beykoz-cubukluda-kiralik-giris-kat-daire-17044543/,İkinci El,Ahşap,Boş,,Evet,
1198,17044522,19 Mart 2025,04 Nisan 2025,Konut,Kiralık,Daire,350 m²,400 m²,7+1,11-15,9.Kat,10,Kombi Doğalgaz,Boş,2500 TL,Kat Mülkiyeti,Hayır,70000 TL,5,,Var,4 +,"Açık Balkon, Açık Teras, Kapalı Teras",,5,,Genel Fiyat,642,4,75.000TL, Beylikdüzü - Adnan Kahveci Mahallesi,https://www.emlakjet.com//ilan/kral-dairesi-beylikduzu-adnan-kahveci-mahallesi-deniz-manzarali-71-triplex-full-esyali-kiralik-17044522/,İkinci El,Betonarme,Eşyalı,Yok,Hayır,
1199,17044517,19 Mart 2025,04 Nisan 2025,Konut,Kiralık,Daire,120 m²,130 m²,3+1,21 Ve Üzeri,2.Kat,5,Kombi Doğalgaz,Boş,,Kat Mülkiyeti,Hayır,20000 TL,1,,Var,2,"Açık Balkon, Kapalı Balkon",,2,,Genel Fiyat,2778,17,20.000TL, Sultangazi - Esentepe Mahallesi,https://www.emlakjet.com//ilan/sultangazi-esentepe-31-net-120-m2-asansorlu-gobek-daire-cift-cephe-kapali-balkon-17044517/,İkinci El,Betonarme,Boş,Yok,Hayır,
